text,count,files,kinds,firstFile
"Status",72,52,"jsx-text|prop:aria-label|prop:label|prop:placeholder","components/StatusBadge.tsx"
"Cancel",42,33,"jsx-text|prop:aria-label|prop:label","components/bulk-action-bar.tsx"
"Loading…",41,35,"jsx-text","components/activity-timeline.tsx"
"Promise",40,17,"jsx-text","components/document-generator.tsx"
"State",37,29,"jsx-text|prop:aria-label|prop:label|prop:placeholder","components/gis-health-dashboard.tsx"
"Property",25,19,"jsx-text|prop:aria-label|prop:label","components/compliance-settings.tsx"
"Actions",23,19,"jsx-text|prop:label","components/ab-tests-content.tsx"
"Type",22,21,"jsx-text","components/ab-tests-content.tsx"
"Couldn",22,17,"prop:title","pages/cohort-analysis.tsx"
"Notes",21,19,"jsx-text","components/lead-detail-content.tsx"
"Email",20,18,"jsx-text|prop:aria-label|prop:label|prop:placeholder","components/ai-offer-generator.tsx"
"Category",19,17,"jsx-text|prop:aria-label|prop:label","components/feedback-button.tsx"
"Description",19,17,"jsx-text","components/pricing-guide.tsx"
"Delete",16,8,"jsx-text|prop:aria-label|prop:label","components/compliance-settings.tsx"
"Active",15,13,"jsx-text|prop:aria-label|prop:label","components/campaigns-content.tsx"
"Tier",15,10,"jsx-text","components/founder/finance-steering-sections.tsx"
"Leads",14,13,"jsx-text","components/activity-content.tsx"
"Pending",14,11,"jsx-text|prop:aria-label|prop:label","components/email-domains-settings.tsx"
"Failed",14,12,"jsx-text|prop:aria-label|prop:label","components/email-domains-settings.tsx"
"All",14,9,"jsx-text|prop:placeholder","components/founder/finance-steering-sections.tsx"
"County",14,11,"jsx-text|prop:placeholder","components/gis-health-dashboard.tsx"
"Completed",13,11,"jsx-text|prop:aria-label|prop:label","components/ab-test-manager.tsx"
"Amount",13,10,"jsx-text|prop:label","components/mobile/QuickAddSheet.tsx"
"Name",12,12,"jsx-text|prop:placeholder","components/ab-tests-content.tsx"
"Phone",12,10,"jsx-text|prop:aria-label|prop:label|prop:placeholder","components/ai-offer-generator.tsx"
"Close",12,7,"jsx-text|prop:aria-label|prop:label","components/campaigns-content.tsx"
"Action",12,11,"jsx-text","components/compliance-settings.tsx"
"Date",12,11,"jsx-text","components/founder/finance-steering-sections.tsx"
"Refresh",12,4,"prop:aria-label|prop:label","components/source-attribution-panel.tsx"
"Success",11,7,"jsx-text|prop:aria-label|prop:label","components/founder/PerformanceReviews.tsx"
"Response rate",10,7,"jsx-text","components/ab-test-manager.tsx"
"Subject",10,10,"jsx-text|prop:label","components/ab-tests-content.tsx"
"Cost",10,10,"jsx-text","components/attribution-analytics.tsx"
"Message",10,8,"jsx-text|prop:aria-label|prop:label","components/conversation-tray.tsx"
"Zoning",10,8,"jsx-text|prop:aria-label|prop:label","components/due-diligence-panel.tsx"
"Send message",10,5,"prop:aria-label|prop:label","components/founder/AgentTeamChat.tsx"
"Org",10,9,"jsx-text|prop:label","components/founder/finance-steering-sections.tsx"
"Principal",10,7,"jsx-text|prop:label","components/note-payoff-calculator.tsx"
"Notifications",10,6,"jsx-text|prop:aria-label|prop:label","components/notification-banner.tsx"
"All statuses",10,8,"jsx-text|prop:placeholder","pages/counties.tsx"
"Sent",9,8,"jsx-text|prop:label","components/ab-test-manager.tsx"
"Properties",9,8,"jsx-text|prop:aria-label|prop:label","components/activity-content.tsx"
"Total",9,9,"jsx-text|prop:label","components/analytics-content.tsx"
"(optional)",9,8,"jsx-text","components/campaigns-content.tsx"
"Source",9,9,"jsx-text","components/lead-detail-content.tsx"
"Balance",9,7,"jsx-text|prop:label","components/note-compliance-card.tsx"
"Interest",9,6,"jsx-text","components/note-record-payment-modal.tsx"
"Closed",9,7,"jsx-text|prop:label","pages/cohort-analysis.tsx"
"Deals",8,8,"jsx-text","components/activity-content.tsx"
"Clear selection",8,3,"prop:aria-label|prop:label","components/bulk-action-bar.tsx"
"Size",8,8,"jsx-text|prop:label","components/cohort-retention-dashboard.tsx"
"Note",8,8,"jsx-text|prop:placeholder","components/compliance-settings.tsx"
"Created",8,8,"jsx-text","components/compliance-settings.tsx"
"Required",8,5,"jsx-text|prop:aria-label|prop:label","components/custom-fields.tsx"
"Recommendations",8,4,"jsx-text|prop:aria-label|prop:label","components/dashboard/ChurnIntelligence.tsx"
"Errors",8,7,"jsx-text|prop:label","components/gis-health-dashboard.tsx"
"City",8,6,"jsx-text|prop:aria-label|prop:label|prop:placeholder","components/mail-settings-content.tsx"
"Back",8,3,"jsx-text|prop:aria-label|prop:label","components/mobile/MobileLeadDetail.tsx"
"Acres",8,6,"jsx-text","components/onboarding-wizard.tsx"
"Agent",8,5,"jsx-text|prop:aria-label|prop:label","pages/agent-collaboration.tsx"
"Success rate",8,6,"jsx-text|prop:label","pages/agent-command-center.tsx"
"Any",8,3,"jsx-text|prop:placeholder","pages/capital-markets.tsx"
"Back to AcreOS home",8,4,"prop:aria-label|prop:label","pages/changelog.tsx"
"AcreOS",7,6,"jsx-text|prop:aria-label|prop:label","components/acreos-logo.tsx"
"Confidence",7,7,"jsx-text","components/ai-offer-generator.tsx"
"Revenue",7,6,"jsx-text","components/attribution-analytics.tsx"
"Sale price",7,7,"jsx-text","components/comps-analysis.tsx"
"Other",7,7,"jsx-text","components/feedback-button.tsx"
"Priority",7,6,"jsx-text|prop:placeholder","components/help/HelpPanel.tsx"
"Low",7,6,"jsx-text","components/help/HelpPanel.tsx"
"High",7,6,"jsx-text","components/help/HelpPanel.tsx"
"Decision queue",7,3,"jsx-text|prop:label","components/today/DecisionQueue.tsx"
"Monthly payment",7,5,"jsx-text|prop:label","pages/blind-offer-wizard.tsx"
"Property ID",7,6,"jsx-text|prop:placeholder","pages/deal-patterns.tsx"
"Model",7,6,"jsx-text","pages/founder/ai-costs.tsx"
"Content",6,4,"jsx-text|prop:placeholder","components/ab-test-manager.tsx"
"Tasks",6,3,"jsx-text|prop:aria-label|prop:label","components/activity-content.tsx"
"Channel",6,5,"jsx-text|prop:aria-label|prop:label","components/attribution-analytics.tsx"
"Lead",6,6,"jsx-text","components/compliance-settings.tsx"
"Deal",6,5,"jsx-text","components/compliance-settings.tsx"
"Settings",6,4,"jsx-text|prop:aria-label|prop:label","components/compliance-settings.tsx"
"Address",6,6,"jsx-text","components/comps-analysis.tsx"
"Acreage",6,6,"jsx-text","components/comps-analysis.tsx"
"Loading messages",6,3,"prop:aria-label|prop:label","components/conversation-tray.tsx"
"All types",6,3,"jsx-text|prop:placeholder","components/custom-fields.tsx"
"Purchase price",6,5,"jsx-text|prop:label","components/deal-calculator.tsx"
"New",6,5,"jsx-text","components/deal-detail-content.tsx"
"Select a property",6,3,"prop:placeholder","components/document-generator.tsx"
"you@example.com",6,5,"prop:placeholder","components/email-settings-content.tsx"
"Pro tip",6,6,"jsx-text","components/empty-states/CampaignsEmptyState.tsx"
"Send SMS",6,3,"prop:aria-label|prop:label","components/focus-list.tsx"
"Verified investor",6,3,"prop:aria-label|prop:label","components/investor-profile-card.tsx"
"Lead actions",6,2,"prop:aria-label|prop:label","components/mobile/MobileLeadDetail.tsx"
"Active notes",6,5,"jsx-text|prop:label|prop:title","components/mobile/persona-tabs/NoteInvestorTabs.tsx"
"Method",6,6,"jsx-text","components/note-record-payment-modal.tsx"
"Integrations",6,4,"jsx-text|prop:aria-label|prop:label","components/pax-copilot-rail.tsx"
"Analyzing…",6,4,"jsx-text","components/property-analysis-chat.tsx"
"Install AcreOS",6,1,"jsx-text|prop:aria-label|prop:label","components/pwa-install-prompt.tsx"
"Title",6,6,"jsx-text","components/support-content.tsx"
"Status:",6,4,"jsx-text","components/workflow-builder.tsx"
"Resolved",6,3,"jsx-text|prop:aria-label|prop:label","pages/anticipatory-enterprise.tsx"
"Tax year",6,4,"jsx-text|prop:aria-label|prop:label","pages/borrower-portal.tsx"
"Rate",6,5,"jsx-text|prop:label","pages/buyer-analytics.tsx"
"Lead ID",6,3,"jsx-text|prop:placeholder","pages/buyer-qualification.tsx"
"We couldn",6,4,"prop:description","pages/documents.tsx"
"Change note",6,3,"prop:aria-label|prop:label","pages/founder/studio/allocation.tsx"
"Open →",6,1,"jsx-text","pages/founder-dashboard.tsx"
"Reporting period",6,2,"jsx-text|prop:aria-label|prop:label","pages/marketplace-analytics.tsx"
"Delivered",5,5,"jsx-text","components/ab-test-manager.tsx"
"Last 7 days",5,5,"jsx-text","components/analytics-content.tsx"
"Last 30 days",5,5,"jsx-text","components/analytics-content.tsx"
"Last 90 days",5,5,"jsx-text","components/analytics-content.tsx"
"Budget",5,3,"jsx-text","components/campaigns-content.tsx"
"Schedule",5,4,"jsx-text","components/campaigns-content.tsx"
"Contacted",5,5,"jsx-text","components/cohort-analytics.tsx"
"Monthly",5,5,"jsx-text","components/cohort-retention-dashboard.tsx"
"All entities",5,3,"jsx-text|prop:placeholder","components/compliance-settings.tsx"
"Team members",5,3,"prop:aria-label|prop:label","components/conversation-tray.tsx"
"Net profit",5,4,"jsx-text|prop:label","components/deal-calculator.tsx"
"Cancelled",5,5,"jsx-text","components/deal-detail-content.tsx"
"Assessed value",5,4,"jsx-text|prop:label","components/deal-detail-content.tsx"
"Value",5,5,"jsx-text|prop:placeholder","components/email-domains-settings.tsx"
"Reject",5,3,"jsx-text|prop:aria-label|prop:label","components/founder/AgentDebatePanel.tsx"
"Starter",5,4,"jsx-text","components/founder/finance-steering-sections.tsx"
"Atlas",5,3,"prop:aria-label|prop:label","components/founder-bridge/BridgeAtlasSheet.tsx"
"Optional",5,4,"jsx-text|prop:aria-label|prop:label|prop:placeholder","components/founder-setup-wizard.tsx"
"Pass",5,2,"prop:aria-label|prop:label","components/mobile/CourthouseMode.tsx"
"Quick actions",5,3,"jsx-text|prop:aria-label|prop:label","components/mobile/MobileCommandDrawer.tsx"
"Reason",5,5,"jsx-text","components/modals/lost-reason-modal.tsx"
"Role",5,5,"jsx-text","components/note-splits-card.tsx"
"Done",5,4,"jsx-text|prop:aria-label|prop:label","components/notes-import-dialog.tsx"
"Warnings",5,5,"jsx-text","components/offer-preflight-checklist.tsx"
"Travis",5,5,"prop:placeholder","components/onboarding-wizard.tsx"
"Period",5,4,"jsx-text","components/property-enrichment-widget.tsx"
"Activity",5,5,"jsx-text","components/today/ActivityFeed.tsx"
"Medium",5,4,"jsx-text","components/workflow-builder.tsx"
"Description (optional)",5,4,"jsx-text","components/workflow-builder.tsx"
"Task",5,5,"jsx-text","pages/agent-collaboration.tsx"
"Scope",5,4,"jsx-text","pages/anticipatory-enterprise.tsx"
"Active delegation tokens",5,2,"jsx-text|prop:aria-label|prop:label","pages/anticipatory-enterprise.tsx"
"States covered",5,5,"jsx-text","pages/avm.tsx"
"Interest rate",5,5,"jsx-text|prop:label","pages/borrower-portal.tsx"
"Target",5,4,"jsx-text|prop:aria-label|prop:label","pages/capital-markets.tsx"
"Open",5,3,"jsx-text|prop:aria-label|prop:label","pages/certification-requirements.tsx"
"Filter by status",5,4,"jsx-text|prop:placeholder","pages/command-center.tsx"
"All states",5,4,"jsx-text|prop:placeholder","pages/counties.tsx"
"Dashboard",5,4,"jsx-text|prop:label","pages/dashboard.tsx"
"Deal ID",5,2,"jsx-text|prop:placeholder","pages/deal-patterns.tsx"
"Tenants",5,3,"jsx-text|prop:aria-label|prop:label","pages/real-runtime.tsx"
"Running",4,3,"jsx-text|prop:label","components/ab-test-manager.tsx"
"Subject:",4,4,"jsx-text","components/ab-test-manager.tsx"
"Opened",4,4,"jsx-text","components/ab-test-manager.tsx"
"Campaign",4,4,"jsx-text","components/ab-tests-content.tsx"
"Loading activity timeline",4,2,"prop:aria-label|prop:label","components/activity-timeline.tsx"
"Unknown",4,3,"jsx-text|prop:label","components/ai-offer-generator.tsx"
"Responses",4,4,"jsx-text","components/analytics-content.tsx"
"Spent",4,3,"jsx-text","components/campaigns-content.tsx"
"Template",4,4,"jsx-text","components/campaigns-content.tsx"
"Entity",4,4,"jsx-text","components/compliance-settings.tsx"
"User",4,3,"jsx-text","components/compliance-settings.tsx"
"Details",4,4,"jsx-text","components/compliance-settings.tsx"
"Total leads",4,4,"jsx-text","components/compliance-settings.tsx"
"Back to conversations",4,1,"prop:aria-label|prop:label","components/conversation-tray.tsx"
"Open conversations",4,1,"prop:aria-label|prop:label","components/conversation-tray.tsx"
"Current balance",4,4,"jsx-text|prop:label","components/cost-confirmation-modal.tsx"
"Customer health",4,3,"jsx-text|prop:label","components/dashboard/BusinessIntelligence.tsx"
"Overdue",4,3,"jsx-text|prop:label","components/dashboard/JobQueueHealth.tsx"
"Offer amount",4,4,"jsx-text","components/deal-detail-content.tsx"
"Location",4,3,"jsx-text","components/deal-detail-content.tsx"
"Copy link",4,3,"prop:aria-label|prop:label","components/deal-detail-content.tsx"
"Pass on this opportunity",4,1,"prop:aria-label|prop:label","components/deal-feed/daily-deal-feed.tsx"
"Save this opportunity",4,1,"prop:aria-label|prop:label","components/deal-feed/daily-deal-feed.tsx"
"Send offer for this opportunity",4,1,"prop:aria-label|prop:label","components/deal-feed/daily-deal-feed.tsx"
"Transfer tax",4,3,"jsx-text","components/document-generator.tsx"
"Terrain",4,4,"jsx-text|prop:label","components/field-scanner.tsx"
"Call lead",4,2,"prop:aria-label|prop:label","components/focus-list.tsx"
"Email lead",4,2,"prop:aria-label|prop:label","components/focus-list.tsx"
"Approve",4,4,"jsx-text","components/founder/AgentDebatePanel.tsx"
"Month",4,4,"jsx-text","components/founder/CompanyChronicle.tsx"
"Trust",4,4,"jsx-text","components/founder/PerformanceReviews.tsx"
"Playbook steps",4,2,"prop:aria-label|prop:label","components/founder/PlaybookManager.tsx"
"Approved",4,4,"jsx-text|prop:label","components/founder/PlaybookManager.tsx"
"Finance",4,2,"jsx-text|prop:aria-label|prop:label","components/founder/finance-now-tiles.tsx"
"Pro",4,3,"jsx-text","components/founder/finance-steering-sections.tsx"
"Approving",4,2,"prop:aria-label|prop:label","components/founder-chat/artifacts/decision_card.tsx"
"Default",4,4,"jsx-text","components/help-content.tsx"
"Theme",4,3,"jsx-text","components/layout-sidebar.tsx"
"Dismiss",4,2,"prop:aria-label|prop:label","components/layout-sidebar.tsx"
"Legacy surface",4,1,"prop:aria-label|prop:label","components/layout-sidebar.tsx"
"Mobile navigation",4,2,"prop:aria-label|prop:label","components/layout-sidebar.tsx"
"Sidebar",4,3,"jsx-text|prop:aria-label|prop:label","components/layout-sidebar.tsx"
"Unassigned",4,3,"jsx-text","components/lead-detail-content.tsx"
"Calls",4,4,"jsx-text","components/lead-detail-content.tsx"
"Previous page",4,2,"prop:aria-label|prop:label","components/list-pagination.tsx"
"Next page",4,2,"prop:aria-label|prop:label","components/list-pagination.tsx"
"Assessed",4,4,"jsx-text|prop:label","components/mobile/CourthouseMode.tsx"
"Open full desktop view",4,2,"prop:aria-label|prop:label","components/mobile/MobileLeadDetail.tsx"
"Clear search",4,2,"prop:aria-label|prop:label","components/mobile/MobileLeadList.tsx"
"Urgent",4,3,"jsx-text","components/mobile/QuickAddSheet.tsx"
"Pipeline",4,4,"jsx-text|prop:label","components/mobile/persona-tabs/UniversalTabs.tsx"
"Navigate to property",4,1,"prop:aria-label|prop:label","components/navigate-to-property.tsx"
"Year",4,4,"jsx-text","components/note-basis-schedule.tsx"
"Expires",4,3,"jsx-text|prop:label","components/note-compliance-card.tsx"
"Tax ID type",4,4,"jsx-text","components/onboarding/TaxIdentityPrompt.tsx"
"Street address",4,2,"jsx-text|prop:aria-label|prop:label|prop:placeholder","components/onboarding/TaxIdentityPrompt.tsx"
"Owning Entity (optional)",4,1,"jsx-text|prop:aria-label|prop:label","components/owning-entity-select.tsx"
"Share",4,3,"jsx-text|prop:aria-label|prop:label","components/parcels/subdivision-tab.tsx"
"Projects",4,2,"jsx-text|prop:aria-label|prop:label","components/pax-copilot-rail.tsx"
"Collapse panel",4,2,"prop:aria-label|prop:label","components/pax-copilot-rail.tsx"
"Attach file",4,2,"prop:aria-label|prop:label","components/pax-copilot-rail.tsx"
"Current",4,4,"jsx-text|prop:label","components/prompt-diff-viewer.tsx"
"Elevation",4,4,"jsx-text","components/property-enrichment-widget.tsx"
"Agricultural",4,4,"jsx-text","components/property-enrichment-widget.tsx"
"Wetland",4,2,"jsx-text","components/property-enrichment-widget.tsx"
"Dismiss install prompt",4,1,"prop:aria-label|prop:label","components/pwa-install-prompt.tsx"
"Inspection",4,2,"jsx-text|prop:label","components/rehabs/draws-section.tsx"
"Loading sequences",4,2,"prop:aria-label|prop:label","components/sequences-content.tsx"
"Back to cases",4,2,"prop:aria-label|prop:label","components/support-content.tsx"
"/mo",4,4,"jsx-text","components/tier-upgrade-panel.tsx"
"Plan feature comparison",4,2,"prop:aria-label|prop:label","components/tier-upgrade-panel.tsx"
"Toggle Sidebar",4,1,"jsx-text|prop:aria-label|prop:label|prop:title","components/ui/sidebar.tsx"
"Filter by state",4,3,"jsx-text|prop:placeholder","pages/acquisition-radar.tsx"
"Today",4,4,"jsx-text|prop:label|prop:title","pages/agent-command-center.tsx"
"Overview",4,4,"jsx-text","pages/agent-command-center.tsx"
"Cohorts",4,2,"jsx-text|prop:aria-label|prop:label","pages/analytics.tsx"
"Comparable sales",4,2,"prop:aria-label|prop:label","pages/avm.tsx"
"Retry comp auto-pull",4,1,"prop:aria-label|prop:label","pages/blind-offer-wizard.tsx"
"Email address",4,3,"jsx-text|prop:aria-label|prop:label","pages/borrower-portal.tsx"
"Due date",4,3,"jsx-text","pages/borrower-portal.tsx"
"Select year",4,2,"jsx-text|prop:aria-label|prop:label|prop:placeholder","pages/borrower-portal.tsx"
"Notification preferences",4,1,"jsx-text|prop:aria-label|prop:label","pages/buyer-network.tsx"
"Active alerts",4,3,"jsx-text|prop:aria-label|prop:label","pages/buyer-network.tsx"
"Buyer profiles",4,1,"jsx-text|prop:aria-label|prop:label","pages/buyer-network.tsx"
"High-risk notes",4,2,"jsx-text|prop:aria-label|prop:label","pages/cash-flow.tsx"
"Income by source",4,2,"jsx-text|prop:aria-label|prop:label","pages/cash-flow.tsx"
"Rejected",4,4,"jsx-text","pages/command-center.tsx"
"Filter by agent",4,2,"jsx-text|prop:aria-label|prop:label|prop:placeholder","pages/command-center.tsx"
"Button",4,1,"prop:aria-label|prop:label","pages/command-center.tsx"
"Deals closed",4,4,"jsx-text|prop:label","pages/commissions.tsx"
"Paid",4,2,"jsx-text|prop:aria-label|prop:label","pages/commissions.tsx"
"Compliance score",4,3,"jsx-text|prop:aria-label|prop:label","pages/compliance.tsx"
"Tax ID",4,3,"jsx-text","pages/contractor-1099-nec.tsx"
"Dismiss tip",4,1,"prop:aria-label|prop:label","pages/dashboard.tsx"
"Healthy",4,2,"jsx-text","pages/deal-hunter.tsx"
"Views",4,3,"jsx-text","pages/deal-room-share.tsx"
"List view",4,2,"prop:aria-label|prop:label","pages/deals.tsx"
"Active event subscriptions",4,2,"prop:aria-label|prop:label","pages/event-log.tsx"
"Payouts",4,2,"jsx-text|prop:aria-label|prop:label","pages/fee-dashboard.tsx"
"Cost event",4,2,"prop:label","pages/founder/inspector/cost-event.tsx"
"Organization id",4,1,"prop:aria-label|prop:label","pages/founder/recovery-console.tsx"
"Optional — why are you changing this?",4,4,"prop:placeholder","pages/founder/studio/allocation.tsx"
"Count",4,2,"jsx-text","pages/founder/telemetry.tsx"
"Vendor",4,3,"jsx-text","pages/founder-compliance-ops.tsx"
"Organization",4,3,"jsx-text","pages/founder-dashboard.tsx"
"Letter archive",4,2,"prop:aria-label|prop:label","pages/founder-letter.tsx"
"Onboarding",4,3,"jsx-text|prop:label","pages/founder-onboarding.tsx"
"Pick an agent",4,1,"jsx-text|prop:aria-label|prop:label|prop:placeholder","pages/founder-prompt-history.tsx"
"Back to inbox",4,1,"prop:aria-label|prop:label","pages/inbox.tsx"
"Select CSV file to import",4,2,"prop:aria-label|prop:label","pages/leads.tsx"
"Tax optimizer",4,1,"jsx-text|prop:label","pages/tax-optimizer.tsx"
"Delinquent properties",4,1,"jsx-text|prop:aria-label|prop:label","pages/tax-researcher.tsx"
"Control",3,2,"jsx-text","components/ab-test-manager.tsx"
"Responded",3,3,"jsx-text","components/ab-test-manager.tsx"
"Subject line",3,2,"jsx-text|prop:placeholder","components/ab-test-manager.tsx"
"Response Rate",3,2,"jsx-text","components/ab-tests-content.tsx"
"Drafts",3,2,"jsx-text|prop:aria-label|prop:label","components/ab-tests-content.tsx"
"Payments",3,3,"jsx-text","components/activity-content.tsx"
"= 50) return",3,3,"jsx-text","components/ai-offer-generator.tsx"
"Export",3,2,"jsx-text","components/analytics-content.tsx"
"Conversions",3,3,"jsx-text","components/attribution-analytics.tsx"
"Avg days",3,3,"jsx-text","components/attribution-analytics.tsx"
"Recent responses",3,1,"jsx-text|prop:aria-label|prop:label","components/campaign-analytics.tsx"
"Total sent",3,2,"jsx-text","components/campaigns-content.tsx"
"Mail piece type",3,1,"jsx-text|prop:aria-label|prop:label","components/campaigns-content.tsx"
"Additional feedback",3,2,"jsx-text|prop:aria-label|prop:label","components/cancellation-dialog.tsx"
"Cohort detail",3,1,"jsx-text|prop:aria-label|prop:label","components/cohort-analytics.tsx"
"Total revenue",3,3,"jsx-text|prop:label","components/cohort-retention-dashboard.tsx"
"Conv. rate",3,3,"jsx-text","components/cohort-retention-dashboard.tsx"
"Comments",3,1,"jsx-text|prop:aria-label|prop:label","components/comment-thread.tsx"
"Entity type",3,3,"jsx-text|prop:placeholder","components/compliance-settings.tsx"
"Median $/acre",3,3,"jsx-text","components/comps-analysis.tsx"
"Comparable properties",3,1,"jsx-text|prop:aria-label|prop:label","components/comps-analysis.tsx"
"Share this property",3,1,"jsx-text|prop:aria-label|prop:label","components/content-generation.tsx"
"Share this deal",3,1,"jsx-text|prop:aria-label|prop:label","components/content-generation.tsx"
"Team messages",3,1,"jsx-text|prop:aria-label|prop:label","components/conversation-tray.tsx"
"Label",3,3,"jsx-text","components/custom-fields.tsx"
"Forecast",3,3,"jsx-text","components/dashboard/MRRTrajectory.tsx"
"Predictions",3,2,"jsx-text|prop:aria-label|prop:label","components/dashboard/PredictiveInsights.tsx"
"Analysis results",3,2,"jsx-text|prop:aria-label|prop:label","components/deal-calculator.tsx"
"Total cost",3,3,"jsx-text|prop:label","components/deal-calculator.tsx"
"Annualized ROI",3,3,"jsx-text|prop:label","components/deal-calculator.tsx"
"Title company",3,3,"jsx-text","components/deal-detail-content.tsx"
"Email thread",3,1,"jsx-text|prop:aria-label|prop:label","components/deal-inbox.tsx"
"Earnest money",3,2,"jsx-text|prop:label","components/document-generator.tsx"
"Price",3,3,"jsx-text|prop:label","components/document-generator.tsx"
"Contact email",3,3,"jsx-text","components/document-generator.tsx"
"Asking Price",3,2,"jsx-text|prop:placeholder","components/document-generator.tsx"
"Verified",3,3,"jsx-text","components/email-domains-settings.tsx"
"No tasks yet",3,3,"jsx-text|prop:title","components/empty-states/TasksEmptyState.tsx"
"Wildfire",3,3,"jsx-text|prop:label","components/environmental-intelligence-card.tsx"
"Help",3,2,"prop:aria-label|prop:label","components/feature-hints.tsx"
"Offline",3,2,"jsx-text","components/field-scout/offline-sync-banner.tsx"
"Online",3,2,"jsx-text","components/field-scout/offline-sync-banner.tsx"
"Mark as contacted",3,1,"jsx-text|prop:aria-label|prop:label","components/focus-list.tsx"
"Goals",3,2,"jsx-text|prop:aria-label|prop:label","components/founder/AgentGrowth.tsx"
"Topic or focus (optional)",3,1,"prop:aria-label|prop:label|prop:placeholder","components/founder/FounderTwin.tsx"
"Needs your approval",3,2,"jsx-text|prop:aria-label|prop:label","components/founder/PlaybookManager.tsx"
"Scale",3,3,"jsx-text","components/founder/finance-steering-sections.tsx"
"Margin",3,2,"jsx-text","components/founder/finance-steering-sections.tsx"
"Scale-up history",3,1,"jsx-text|prop:aria-label|prop:label","components/founder/finance-steering-sections.tsx"
"Deferred",3,2,"jsx-text","components/founder/finance-steering-sections.tsx"
"Threshold",3,3,"jsx-text","components/founder/finance-steering-sections.tsx"
"Founder",3,2,"jsx-text|prop:aria-label|prop:label","components/founder-bridge/BridgeHeader.tsx"
"Confirm",3,2,"jsx-text|prop:aria-label|prop:label","components/founder-chat/artifacts/confirmation_request.tsx"
"Error",3,2,"jsx-text|prop:label","components/gis-health-dashboard.tsx"
"All States",3,2,"jsx-text|prop:placeholder","components/gis-health-dashboard.tsx"
"Billing",3,2,"jsx-text","components/help/HelpPanel.tsx"
"Type your message…",3,3,"prop:placeholder","components/help/HelpPanel.tsx"
"Loading integrations",3,2,"prop:aria-label|prop:label","components/integrations-settings.tsx"
"Navigation",3,3,"jsx-text","components/keyboard-shortcuts-dialog.tsx"
"Search",3,3,"jsx-text","components/layout-sidebar.tsx"
"Quick offer",3,2,"jsx-text","components/layout-sidebar.tsx"
"Sign Out",3,1,"jsx-text","components/layout-sidebar.tsx"
"Select state",3,3,"jsx-text|prop:placeholder","components/mail-settings-content.tsx"
"Min bid",3,3,"jsx-text|prop:label","components/mobile/CourthouseMode.tsx"
"Comps",3,3,"jsx-text|prop:label","components/mobile/MobilePropertyDetail.tsx"
"Severity",3,2,"jsx-text","components/mobile/QuickAddSheet.tsx"
"(url: string): Promise",3,3,"jsx-text","components/mobile/persona-tabs/SubdividerTabs.tsx"
"Parcel",3,3,"jsx-text","components/modals/quick-offer-modal.tsx"
"Generating…",3,2,"jsx-text","components/note-assignments-card.tsx"
"Summary",3,3,"jsx-text","components/note-loss-mit-card.tsx"
"Reference",3,3,"jsx-text","components/note-record-payment-modal.tsx"
"Late fee",3,3,"jsx-text","components/note-record-payment-modal.tsx"
"Unread",3,2,"jsx-text|prop:aria-label|prop:label","components/notification-center.tsx"
"Pause all notifications",3,1,"jsx-text|prop:aria-label|prop:label","components/notification-preferences.tsx"
"Go back",3,2,"jsx-text|prop:aria-label|prop:label","components/offer-wizard.tsx"
"Previous",3,2,"jsx-text|prop:aria-label|prop:label","components/onboarding/ProductTour.tsx"
"Home",3,2,"jsx-text|prop:aria-label|prop:label","components/page-topbar.tsx"
"Lot",3,2,"jsx-text","components/parcels/subdivision-tab.tsx"
"Auto",3,3,"jsx-text","components/pax-copilot-rail.tsx"
"Switch conversation",3,1,"jsx-text|prop:aria-label|prop:label","components/pax-copilot-rail.tsx"
"New chat",3,1,"jsx-text|prop:aria-label|prop:label","components/pax-copilot-rail.tsx"
"Search…",3,2,"prop:placeholder","components/pax-copilot-rail.tsx"
"View run history",3,1,"prop:aria-label|prop:label|prop:title","components/pax-tasks-settings-tab.tsx"
"Year-end tax optimization",3,1,"jsx-text|prop:aria-label|prop:label","components/portfolio-health-card.tsx"
"Feature",3,3,"jsx-text","components/pricing-guide.tsx"
"Overall Score",3,3,"jsx-text","components/property-enrichment-widget.tsx"
"Risk Score",3,3,"jsx-text","components/property-enrichment-widget.tsx"
"Flood Zone",3,3,"jsx-text|prop:label","components/property-enrichment-widget.tsx"
"Population",3,3,"jsx-text","components/property-enrichment-widget.tsx"
"Legal Description",3,2,"jsx-text","components/property-enrichment-widget.tsx"
"Range",3,3,"jsx-text","components/property-enrichment-widget.tsx"
"Measure",3,1,"prop:aria-label|prop:label|prop:title","components/property-map.tsx"
"API key",3,3,"jsx-text","components/provider-settings-cards.tsx"
"Health",3,3,"jsx-text","components/provider-settings-cards.tsx"
"Remaining",3,3,"jsx-text","components/rehabs/draws-section.tsx"
"Buyer",3,3,"jsx-text","components/request-signatures-dialog.tsx"
"Purchase Price",3,3,"jsx-text","components/seller-finance-calculator.tsx"
"Payment",3,3,"jsx-text","components/seller-finance-calculator.tsx"
"Processing",3,3,"jsx-text|prop:label","components/skip-trace-panel.tsx"
"Imported",3,3,"jsx-text","components/tax-delinquent-importer.tsx"
"Leaderboard",3,3,"jsx-text","components/team-dashboard-content.tsx"
"Included",3,2,"jsx-text|prop:aria-label|prop:label","components/tier-upgrade-panel.tsx"
"Not included",3,2,"jsx-text|prop:aria-label|prop:label","components/tier-upgrade-panel.tsx"
"Body",3,3,"jsx-text","components/workflow-builder.tsx"
"FCRA attestation",3,2,"jsx-text|prop:label","pages/account-security.tsx"
"Last active",3,3,"jsx-text","pages/account-security.tsx"
"Security",3,3,"jsx-text|prop:label","pages/account-security.tsx"
"Escalated",3,3,"jsx-text|prop:title","pages/admin-support.tsx"
"Recent activity",3,2,"prop:aria-label|prop:label|prop:title","pages/admin-support.tsx"
"Delegation",3,3,"jsx-text","pages/agent-collaboration.tsx"
"Attribution",3,3,"jsx-text","pages/analytics.tsx"
"Initiator",3,1,"jsx-text|prop:placeholder","pages/anticipatory-enterprise.tsx"
"Documents",3,2,"jsx-text|prop:label","pages/audit-log.tsx"
"Total properties",3,3,"jsx-text|prop:title","pages/avm-bulk.tsx"
"Feedback",3,3,"jsx-text","pages/beta-analytics.tsx"
"Lowest comp",3,1,"jsx-text|prop:aria-label|prop:label","pages/blind-offer-wizard.tsx"
"List price",3,3,"jsx-text|prop:label","pages/blind-offer-wizard.tsx"
"Down payment",3,2,"jsx-text","pages/blind-offer-wizard.tsx"
"Payment history",3,1,"jsx-text|prop:aria-label|prop:label","pages/borrower-portal.tsx"
"Payment schedule",3,1,"jsx-text|prop:aria-label|prop:label","pages/borrower-portal.tsx"
"Property ID *",3,3,"jsx-text","pages/buyer-blasts.tsx"
"State filter",3,1,"jsx-text|prop:aria-label|prop:label","pages/buyer-network.tsx"
"Top counties by demand",3,1,"jsx-text|prop:aria-label|prop:label","pages/buyer-network.tsx"
"Lead #",3,3,"jsx-text","pages/buyer-qualification.tsx"
"Residential",3,3,"jsx-text","pages/capital-markets.tsx"
"Commercial",3,3,"jsx-text","pages/capital-markets.tsx"
"Portfolio cash flow health",3,1,"jsx-text|prop:aria-label|prop:label","pages/cash-flow.tsx"
"Next 12 months",3,1,"jsx-text","pages/cash-flow.tsx"
"Expenses by category",3,1,"jsx-text|prop:aria-label|prop:label","pages/cash-flow.tsx"
"Rank",3,3,"jsx-text","pages/certification-leaderboard.tsx"
"Enabled",3,3,"jsx-text","pages/command-center.tsx"
"No active alerts",3,3,"jsx-text","pages/command-center.tsx"
"Agents",3,3,"jsx-text","pages/commissions.tsx"
"Deal #",3,3,"jsx-text","pages/commissions.tsx"
"Critical",3,3,"jsx-text","pages/compliance.tsx"
"Escalation ratio",3,1,"jsx-text|prop:aria-label|prop:label","pages/conscious-organization.tsx"
"Feedback closure rate",3,1,"jsx-text|prop:aria-label|prop:label","pages/conscious-organization.tsx"
"County name",3,2,"jsx-text|prop:placeholder","pages/counties.tsx"
"Target counties",3,1,"jsx-text|prop:aria-label|prop:label","pages/counties.tsx"
"Counties",3,3,"jsx-text|prop:label","pages/counties.tsx"
"Edit",3,3,"jsx-text","pages/county-detail.tsx"
"API partner keys",3,1,"jsx-text|prop:aria-label|prop:label","pages/data-moat-dashboard.tsx"
"Last used",3,3,"jsx-text","pages/data-moat-dashboard.tsx"
"Foreclosure",3,2,"jsx-text","pages/deal-hunter.tsx"
"County (optional)",3,2,"jsx-text|prop:placeholder","pages/deal-hunter.tsx"
"Sub-processors",3,3,"jsx-text","pages/deal-room-share.tsx"
"Annual taxes",3,3,"jsx-text|prop:label","pages/deal-underwriting.tsx"
"Road access",3,3,"jsx-text|prop:label","pages/deal-underwriting.tsx"
"Stalled leads",3,1,"prop:aria-label|prop:label|prop:title","pages/decision-queue.tsx"
"File type",3,1,"jsx-text|prop:aria-label|prop:label","pages/document-intelligence.tsx"
"Search documents",3,1,"jsx-text|prop:aria-label|prop:label","pages/document-intelligence.tsx"
"Risk flags",3,2,"jsx-text|prop:aria-label|prop:label","pages/document-intelligence.tsx"
"Seller type",3,1,"jsx-text|prop:aria-label|prop:label","pages/dodd-frank-checker.tsx"
"Rate type",3,1,"jsx-text|prop:aria-label|prop:label","pages/dodd-frank-checker.tsx"
"Net",3,2,"jsx-text","pages/double-close.tsx"
"Not found.",3,3,"jsx-text","pages/double-close.tsx"
"Events",3,3,"jsx-text","pages/event-log.tsx"
"Channels",3,3,"jsx-text","pages/event-log.tsx"
"Subscribers",3,3,"jsx-text","pages/event-log.tsx"
"Event status filter",3,1,"jsx-text|prop:aria-label|prop:label","pages/event-log.tsx"
"Account",3,3,"jsx-text","pages/fee-dashboard.tsx"
"Settlements",3,1,"jsx-text|prop:aria-label|prop:label","pages/fee-dashboard.tsx"
"Property address",3,3,"jsx-text|prop:placeholder","pages/field-scout.tsx"
"Search leads…",3,2,"prop:placeholder","pages/field-scout.tsx"
"Portfolio value",3,3,"jsx-text|prop:label","pages/finance.tsx"
"Dunning history",3,1,"jsx-text|prop:aria-label|prop:label","pages/finance.tsx"
"Amortization schedule",3,2,"jsx-text|prop:aria-label|prop:label","pages/finance.tsx"
"Time",3,3,"jsx-text","pages/founder/ai-observatory.tsx"
"Complexity",3,3,"jsx-text","pages/founder/ai-observatory.tsx"
"Org inspector",3,2,"prop:label","pages/founder/inspector/org.tsx"
"Provider audit",3,2,"prop:label","pages/founder/inspector/provider.tsx"
"Sample",3,3,"jsx-text|prop:label","pages/founder/inspector/provider.tsx"
"Running fine",3,1,"jsx-text|prop:aria-label|prop:label","pages/founder/now.tsx"
"Weight",3,3,"jsx-text","pages/founder/prompt-versions.tsx"
"Generate password reset link",3,1,"jsx-text|prop:aria-label|prop:label","pages/founder/recovery-console.tsx"
"Freeze autopay",3,1,"jsx-text|prop:aria-label|prop:label","pages/founder/recovery-console.tsx"
"EDDM states",3,1,"jsx-text|prop:aria-label|prop:label","pages/founder/studio/routing.tsx"
"Fulfilled",3,2,"jsx-text|prop:label","pages/founder-compliance-ops.tsx"
"Stage",3,2,"jsx-text|prop:aria-label|prop:label","pages/founder-dashboard.tsx"
"Test endpoint",3,1,"prop:aria-label|prop:label|prop:title","pages/founder-dashboard.tsx"
"Diagnose issues",3,1,"prop:aria-label|prop:label|prop:title","pages/founder-dashboard.tsx"
"Test data source",3,1,"prop:aria-label|prop:label|prop:title","pages/founder-dashboard.tsx"
"Validate endpoint",3,1,"prop:aria-label|prop:label|prop:title","pages/founder-dashboard.tsx"
"Reject endpoint",3,1,"prop:aria-label|prop:label|prop:title","pages/founder-dashboard.tsx"
"Decision experiments",3,1,"prop:aria-label|prop:label|prop:title","pages/founder-experiments.tsx"
"Financials",3,2,"jsx-text|prop:label","pages/founder-financials.tsx"
"Provider",3,3,"jsx-text","pages/founder-providers.tsx"
"Freedom meter",3,2,"jsx-text|prop:label","pages/freedom-meter.tsx"
"Active seller-financed notes",3,1,"jsx-text|prop:aria-label|prop:label","pages/freedom-meter.tsx"
"Freedom milestones",3,1,"jsx-text|prop:aria-label|prop:label","pages/freedom-meter.tsx"
"Contact",3,3,"jsx-text","pages/landing/Footer.tsx"
"Select property",3,3,"jsx-text","pages/leads.tsx"
"Alert triggers",3,1,"jsx-text|prop:aria-label|prop:label","pages/market-watchlist.tsx"
"Notification channels",3,1,"jsx-text|prop:aria-label|prop:label","pages/market-watchlist.tsx"
"Listing performance metrics",3,1,"jsx-text|prop:aria-label|prop:label","pages/marketplace-analytics.tsx"
"Property ID (optional)",3,2,"jsx-text|prop:placeholder","pages/matching-engine.tsx"
"Offer batches",3,1,"prop:aria-label|prop:label|prop:title","pages/offer-batches.tsx"
"Offers",3,3,"jsx-text|prop:label","pages/offers.tsx"
"Tasks due today",3,1,"prop:aria-label|prop:label|prop:title","pages/ops-dashboard.tsx"
"Piece type",3,1,"jsx-text|prop:aria-label|prop:label","pages/outreach/mail/compose.tsx"
"Market value",3,2,"prop:label","pages/parcel-detail.tsx"
"Water",3,3,"jsx-text|prop:label","pages/parcel-detail.tsx"
"Equity",3,2,"jsx-text","pages/portfolio-optimizer.tsx"
"Max Drawdown",3,1,"jsx-text","pages/portfolio-optimizer.tsx"
"Due Diligence",3,1,"jsx-text","pages/properties.tsx"
"Upcoming tax payments",3,1,"jsx-text|prop:aria-label|prop:label","pages/property-tax.tsx"
"0 ? ""text-acr-warning"" : variance",3,2,"jsx-text","pages/rehab-detail.tsx"
"Rehab",3,1,"prop:label","pages/rehab-detail.tsx"
"Select a deal to check",3,1,"jsx-text|prop:aria-label|prop:label","pages/safety-gates.tsx"
"Sovereign protocol modules",3,1,"jsx-text|prop:aria-label|prop:label","pages/sovereign-dashboard.tsx"
"Attorney-reviewed",3,2,"jsx-text|prop:title","pages/state-rules.tsx"
"Title issues",3,1,"jsx-text|prop:aria-label|prop:label","pages/title-search.tsx"
"Chain of title",3,1,"jsx-text|prop:aria-label|prop:label","pages/title-search.tsx"
"Workflows",3,2,"jsx-text|prop:label","pages/va-dashboard.tsx"
"Allowed uses",3,1,"jsx-text|prop:aria-label|prop:label","pages/zoning-lookup.tsx"
"Restrictions",3,1,"jsx-text|prop:aria-label|prop:label","pages/zoning-lookup.tsx"
"Loading AcreOS",2,1,"prop:aria-label|prop:label","App.tsx"
"Skip to main content",2,1,"prop:aria-label|prop:label","App.tsx"
"Purchase price ($)",2,2,"jsx-text","components/IRRCalculator.tsx"
"Equity multiple",2,2,"jsx-text","components/IRRCalculator.tsx"
"Export IRR analysis as CSV",2,1,"prop:aria-label|prop:label","components/IRRCalculator.tsx"
"IRR calculator results",2,1,"prop:aria-label|prop:label","components/IRRCalculator.tsx"
"Investment summary",2,1,"prop:aria-label|prop:label","components/IRRCalculator.tsx"
"Annual cash flows by year",2,1,"prop:aria-label|prop:label","components/IRRCalculator.tsx"
"Test name",2,2,"jsx-text","components/ab-test-manager.tsx"
"Clicked",2,2,"jsx-text","components/ab-test-manager.tsx"
"Variant A",2,1,"prop:aria-label|prop:label","components/ab-test-manager.tsx"
"Variant B",2,1,"prop:aria-label|prop:label","components/ab-test-manager.tsx"
"A/B test history",2,1,"prop:aria-label|prop:label","components/ab-test-manager.tsx"
"Test variants",2,1,"prop:aria-label|prop:label","components/ab-test-manager.tsx"
"Running A/B tests",2,1,"prop:aria-label|prop:label","components/ab-test-manager.tsx"
"Completed A/B tests",2,1,"prop:aria-label|prop:label","components/ab-test-manager.tsx"
"Offer Amount",2,2,"jsx-text","components/ab-tests-content.tsx"
"Winning Metric",2,1,"jsx-text","components/ab-tests-content.tsx"
"Variants",2,2,"jsx-text","components/ab-tests-content.tsx"
"Remove variant",2,1,"prop:aria-label|prop:label","components/ab-tests-content.tsx"
"View test",2,1,"prop:aria-label|prop:label","components/ab-tests-content.tsx"
"Start test",2,1,"prop:aria-label|prop:label","components/ab-tests-content.tsx"
"Complete test",2,1,"prop:aria-label|prop:label","components/ab-tests-content.tsx"
"Activity Feed",2,2,"jsx-text","components/activity-content.tsx"
"No activity yet",2,2,"jsx-text|prop:title","components/activity-content.tsx"
"Filter by type",2,2,"prop:placeholder","components/activity-content.tsx"
"Filter by Event Type",2,2,"jsx-text","components/activity-feed.tsx"
"Activity timeline",2,1,"prop:aria-label|prop:label","components/activity-timeline.tsx"
"Loading AI cost savings",2,1,"prop:aria-label|prop:label","components/ai-cost-dashboard.tsx"
"Offer Amount *",2,1,"jsx-text","components/ai-offer-generator.tsx"
"john@example.com",2,2,"prop:placeholder","components/ai-offer-generator.tsx"
"Select an offer strategy",2,1,"prop:aria-label|prop:label","components/ai-offer-generator.tsx"
"Copy generated letter to clipboard",2,1,"prop:aria-label|prop:label","components/ai-offer-generator.tsx"
"Last year",2,2,"jsx-text","components/analytics-content.tsx"
"Total Leads",2,2,"jsx-text","components/analytics-content.tsx"
"Total Revenue",2,2,"jsx-text|prop:title","components/analytics-content.tsx"
"Attribution date range",2,1,"prop:aria-label|prop:label","components/attribution-analytics.tsx"
"Loading attribution data",2,1,"prop:aria-label|prop:label","components/attribution-analytics.tsx"
"Attribution summary",2,1,"prop:aria-label|prop:label","components/attribution-analytics.tsx"
"Campaign ROI by attribution",2,1,"prop:aria-label|prop:label","components/attribution-analytics.tsx"
"Seats &amp; billing",2,1,"jsx-text","components/billing/seat-billing-summary.tsx"
"Loading calendar",2,1,"prop:aria-label|prop:label","components/calendar-widget.tsx"
"Connect Google Calendar",2,1,"prop:aria-label|prop:label","components/calendar-widget.tsx"
"Event types",2,1,"prop:aria-label|prop:label","components/calendar-widget.tsx"
"Week calendar",2,1,"prop:aria-label|prop:label","components/calendar-widget.tsx"
"Loading transcript",2,1,"prop:aria-label|prop:label","components/call-log.tsx"
"Loading calls",2,1,"prop:aria-label|prop:label","components/call-log.tsx"
"Call history",2,1,"prop:aria-label|prop:label","components/call-log.tsx"
"Open rate",2,2,"jsx-text","components/campaign-variants-panel.tsx"
"Campaign variants",2,1,"prop:aria-label|prop:label","components/campaign-variants-panel.tsx"
"Test",2,2,"jsx-text","components/campaigns-content.tsx"
"Live",2,2,"jsx-text|prop:label","components/campaigns-content.tsx"
"Campaigns",2,2,"jsx-text","components/campaigns-content.tsx"
"Delivery rate",2,1,"jsx-text","components/campaigns-content.tsx"
"Sending…",2,2,"jsx-text","components/campaigns-content.tsx"
"Close campaign detail",2,1,"prop:aria-label|prop:label","components/campaigns-content.tsx"
"Campaign type",2,1,"prop:aria-label|prop:label","components/campaigns-content.tsx"
"Offer percent",2,1,"prop:aria-label|prop:label","components/campaigns-content.tsx"
"Offer base field",2,1,"prop:aria-label|prop:label","components/campaigns-content.tsx"
"Budget in US dollars",2,1,"prop:aria-label|prop:label","components/campaigns-content.tsx"
"Loading cash flow waterfall",2,1,"prop:aria-label|prop:label","components/cash-flow-waterfall.tsx"
"Loading closing-cost estimate",2,1,"prop:aria-label|prop:label","components/closing-costs-card.tsx"
"Closing-cost breakdown",2,1,"prop:aria-label|prop:label","components/closing-costs-card.tsx"
"Loading cohort analytics",2,1,"prop:aria-label|prop:label","components/cohort-analytics.tsx"
"Cohort summary statistics",2,1,"prop:aria-label|prop:label","components/cohort-analytics.tsx"
"Weekly",2,2,"jsx-text","components/cohort-retention-dashboard.tsx"
"Total signups",2,2,"jsx-text","components/cohort-retention-dashboard.tsx"
"Cohort",2,1,"jsx-text","components/cohort-retention-dashboard.tsx"
"Converted",2,2,"jsx-text","components/cohort-retention-dashboard.tsx"
"Select granularity",2,1,"prop:aria-label|prop:label","components/cohort-retention-dashboard.tsx"
"Select lookback period",2,1,"prop:aria-label|prop:label","components/cohort-retention-dashboard.tsx"
"Cohort retention summary",2,1,"prop:aria-label|prop:label","components/cohort-retention-dashboard.tsx"
"Retention rates by cohort and week",2,1,"prop:aria-label|prop:label","components/cohort-retention-dashboard.tsx"
"Revenue and conversion by cohort",2,1,"prop:aria-label|prop:label","components/cohort-retention-dashboard.tsx"
"Scope:",2,1,"jsx-text","components/command-palette.tsx"
"Ask Pax",2,2,"jsx-text","components/command-palette.tsx"
"Thinking…",2,2,"jsx-text","components/command-palette.tsx"
"(current)",2,1,"jsx-text","components/command-palette.tsx"
"Morning briefing",2,2,"jsx-text|prop:placeholder","components/command-palette.tsx"
"All agents",2,2,"jsx-text","components/command-palette.tsx"
"Command palette",2,1,"prop:aria-label|prop:label","components/command-palette.tsx"
"AI is thinking",2,1,"prop:aria-label|prop:label","components/command-palette.tsx"
"Close comments",2,1,"prop:aria-label|prop:label","components/comment-thread.tsx"
"Loading comments",2,1,"prop:aria-label|prop:label","components/comment-thread.tsx"
"Load older comments",2,1,"prop:aria-label|prop:label","components/comment-thread.tsx"
"Comment list",2,1,"prop:aria-label|prop:label","components/comment-thread.tsx"
"Map legend",2,1,"prop:aria-label|prop:label","components/comp-map-overlay.tsx"
"Comparable property prices",2,1,"prop:aria-label|prop:label","components/comp-map-overlay.tsx"
"All actions",2,1,"jsx-text|prop:placeholder","components/compliance-settings.tsx"
"Create",2,1,"jsx-text|prop:label","components/compliance-settings.tsx"
"Update",2,1,"jsx-text|prop:label","components/compliance-settings.tsx"
"Consent granted",2,1,"jsx-text|prop:label","components/compliance-settings.tsx"
"Consent revoked",2,1,"jsx-text|prop:label","components/compliance-settings.tsx"
"Data purge",2,1,"jsx-text|prop:label","components/compliance-settings.tsx"
"Compliance sections",2,1,"prop:aria-label|prop:label","components/compliance-settings.tsx"
"Refresh audit log",2,1,"prop:aria-label|prop:label","components/compliance-settings.tsx"
"Sale date",2,2,"jsx-text","components/comps-analysis.tsx"
"$/acre",2,2,"jsx-text","components/comps-analysis.tsx"
"Distance",2,2,"jsx-text","components/comps-analysis.tsx"
"Comp price statistics",2,1,"prop:aria-label|prop:label","components/comps-analysis.tsx"
"Offer price tiers",2,1,"prop:aria-label|prop:label","components/comps-analysis.tsx"
"Score factor breakdown",2,1,"prop:aria-label|prop:label","components/comps-analysis.tsx"
"Download photos",2,1,"prop:aria-label|prop:label","components/content-generation.tsx"
"Social post text",2,1,"prop:aria-label|prop:label","components/content-generation.tsx"
"Case study text",2,1,"prop:aria-label|prop:label","components/content-generation.tsx"
"Team messaging",2,2,"jsx-text","components/conversation-tray.tsx"
"Loading messages…",2,2,"jsx-text","components/conversation-tray.tsx"
"Type a message…",2,2,"prop:placeholder","components/conversation-tray.tsx"
"Loading conversation",2,1,"prop:aria-label|prop:label","components/conversation-tray.tsx"
"New conversation",2,1,"prop:aria-label|prop:label","components/conversation-tray.tsx"
"Conversation list",2,1,"prop:aria-label|prop:label","components/conversation-tray.tsx"
"Conversation messages",2,1,"prop:aria-label|prop:label","components/conversation-tray.tsx"
"Loading messaging settings",2,1,"prop:aria-label|prop:label","components/conversation-tray.tsx"
"Close conversations",2,1,"prop:aria-label|prop:label","components/conversation-tray.tsx"
"Cookie consent",2,1,"prop:aria-label|prop:label","components/cookie-consent-banner.tsx"
"Dismiss for now",2,1,"prop:aria-label|prop:label","components/cookie-consent-banner.tsx"
"Decline cookies",2,1,"prop:aria-label|prop:label","components/cookie-consent-banner.tsx"
"Accept all cookies",2,1,"prop:aria-label|prop:label","components/cookie-consent-banner.tsx"
"Avg days to close",2,2,"jsx-text","components/county-intelligence-card.tsx"
"Top strategy",2,2,"jsx-text","components/county-intelligence-card.tsx"
"Custom fields",2,1,"jsx-text","components/custom-fields.tsx"
"Add custom field",2,1,"prop:aria-label|prop:label","components/custom-fields.tsx"
"Loading custom fields",2,1,"prop:aria-label|prop:label","components/custom-fields.tsx"
"Detected anomalies",2,1,"prop:aria-label|prop:label","components/dashboard/AnomalyAlerts.tsx"
"Business intelligence",2,1,"jsx-text","components/dashboard/BusinessIntelligence.tsx"
"Loading business intelligence",2,1,"prop:aria-label|prop:label","components/dashboard/BusinessIntelligence.tsx"
"Industry avg",2,1,"jsx-text","components/dashboard/ChurnIntelligence.tsx"
"Loading churn intelligence",2,1,"prop:aria-label|prop:label","components/dashboard/ChurnIntelligence.tsx"
"Purge stale items (older than 7 days)",2,1,"prop:aria-label|prop:label","components/dashboard/DecisionsInbox.tsx"
"Pending decisions",2,1,"prop:aria-label|prop:label","components/dashboard/DecisionsInbox.tsx"
"Loading growth engine",2,1,"prop:aria-label|prop:label","components/dashboard/GrowthEngine.tsx"
"Expansion signals",2,1,"prop:aria-label|prop:label","components/dashboard/GrowthEngine.tsx"
"Loading job health",2,1,"prop:aria-label|prop:label","components/dashboard/JobQueueHealth.tsx"
"Refresh job health",2,1,"prop:aria-label|prop:label","components/dashboard/JobQueueHealth.tsx"
"Background jobs",2,1,"prop:aria-label|prop:label","components/dashboard/JobQueueHealth.tsx"
"Actual",2,2,"jsx-text","components/dashboard/MRRTrajectory.tsx"
"Goal",2,2,"jsx-text","components/dashboard/MRRTrajectory.tsx"
"Loading revenue trajectory",2,1,"prop:aria-label|prop:label","components/dashboard/MRRTrajectory.tsx"
"Chart legend",2,1,"prop:aria-label|prop:label","components/dashboard/MRRTrajectory.tsx"
"Recommended actions",2,1,"prop:aria-label|prop:label","components/dashboard/NextBestActions.tsx"
"Score breakdown",2,2,"jsx-text","components/dashboard/PlatformPassiveScore.tsx"
"Loading platform passive score",2,1,"prop:aria-label|prop:label","components/dashboard/PlatformPassiveScore.tsx"
"View all tasks",2,1,"jsx-text","components/dashboard/TasksDueWidget.tsx"
"Health indicators",2,1,"prop:aria-label|prop:label","components/dashboard/ThePulse.tsx"
"Dashboard settings",2,1,"prop:aria-label|prop:label","components/dashboard-settings.tsx"
"Dashboard widgets",2,1,"prop:aria-label|prop:label","components/dashboard-settings.tsx"
"Calculate deal analysis",2,1,"prop:aria-label|prop:label","components/deal-calculator.tsx"
"Reset calculator inputs",2,1,"prop:aria-label|prop:label","components/deal-calculator.tsx"
"Cash-on-cash return",2,2,"jsx-text|prop:label","components/deal-calculator.tsx"
"Comparables Used",2,2,"jsx-text","components/deal-detail-content.tsx"
"Offer date",2,2,"jsx-text","components/deal-detail-content.tsx"
"Closing date",2,2,"jsx-text","components/deal-detail-content.tsx"
"No document packages",2,2,"jsx-text|prop:title","components/deal-detail-content.tsx"
"Select a checklist template",2,1,"prop:aria-label|prop:label","components/deal-detail-content.tsx"
"Change checklist template",2,1,"prop:aria-label|prop:label","components/deal-detail-content.tsx"
"Loading daily deal feed",2,1,"prop:aria-label|prop:label","components/deal-feed/daily-deal-feed.tsx"
"Loading email inbox",2,1,"prop:aria-label|prop:label","components/deal-inbox.tsx"
"Buyer name",2,1,"jsx-text|prop:placeholder","components/document-generator.tsx"
"Seller name",2,1,"jsx-text|prop:placeholder","components/document-generator.tsx"
"Headline",2,2,"jsx-text","components/document-generator.tsx"
"Contact phone",2,2,"jsx-text","components/document-generator.tsx"
"Your name or company",2,2,"prop:placeholder","components/document-generator.tsx"
"Open document generator",2,1,"prop:aria-label|prop:label","components/document-generator.tsx"
"Recommendation:",2,2,"jsx-text","components/due-diligence-panel.tsx"
"Risk:",2,2,"jsx-text","components/due-diligence-panel.tsx"
"Access",2,2,"jsx-text","components/due-diligence-panel.tsx"
"Add notes…",2,2,"prop:placeholder","components/due-diligence-panel.tsx"
"Loading due-diligence checklist",2,1,"prop:aria-label|prop:label","components/due-diligence-panel.tsx"
"Checklist completion",2,1,"prop:aria-label|prop:label","components/due-diligence-panel.tsx"
"Retry loading dossier",2,1,"prop:aria-label|prop:label","components/due-diligence-panel.tsx"
"Try again to generate AI dossier",2,1,"prop:aria-label|prop:label","components/due-diligence-panel.tsx"
"Dismiss early access banner",2,1,"prop:aria-label|prop:label","components/early-access-banner.tsx"
"Host",2,2,"jsx-text","components/email-domains-settings.tsx"
"Display name",2,2,"jsx-text","components/email-settings-content.tsx"
"Copy DNS record",2,1,"prop:aria-label|prop:label","components/email-settings-content.tsx"
"No campaigns yet",2,2,"jsx-text|prop:title","components/empty-states/CampaignsEmptyState.tsx"
"No properties yet",2,2,"jsx-text|prop:title","components/empty-states.tsx"
"No deals yet",2,2,"jsx-text|prop:title","components/empty-states.tsx"
"No promissory notes yet",2,2,"prop:title","components/empty-states.tsx"
"Opportunity Zone",2,1,"prop:aria-label|prop:label","components/entity-portfolio-view.tsx"
"Filter by entity",2,1,"prop:aria-label|prop:label","components/entity-portfolio-view.tsx"
"Water Rights",2,2,"jsx-text","components/environmental-intelligence-card.tsx"
"Alternatives:",2,2,"jsx-text","components/environmental-intelligence-card.tsx"
"Dismiss hint",2,1,"prop:aria-label|prop:label","components/feature-hints.tsx"
"Feature request",2,2,"jsx-text","components/feedback-button.tsx"
"Select a category",2,2,"prop:placeholder","components/feedback-button.tsx"
"Reset scan",2,1,"prop:aria-label|prop:label","components/field-scanner.tsx"
"Road Access",2,2,"jsx-text|prop:label","components/field-scanner.tsx"
"Kind",2,2,"jsx-text","components/field-scout/save-as-inspection.tsx"
"Pick a property…",2,2,"prop:placeholder","components/field-scout/save-as-inspection.tsx"
"Loading daily focus",2,1,"prop:aria-label|prop:label","components/focus-list.tsx"
"Loading absence mode",2,1,"prop:aria-label|prop:label","components/founder/AbsenceMode.tsx"
"Deactivate away mode",2,1,"prop:aria-label|prop:label","components/founder/AbsenceMode.tsx"
"Away mode status",2,1,"prop:aria-label|prop:label","components/founder/AbsenceMode.tsx"
"Away duration",2,1,"prop:aria-label|prop:label","components/founder/AbsenceMode.tsx"
"Defer",2,2,"jsx-text","components/founder/AgentDebatePanel.tsx"
"Vote details",2,1,"prop:aria-label|prop:label","components/founder/AgentDebatePanel.tsx"
"CEO decision reasoning",2,1,"prop:aria-label|prop:label","components/founder/AgentDebatePanel.tsx"
"Loading agent debates",2,1,"prop:aria-label|prop:label","components/founder/AgentDebatePanel.tsx"
"Debate proposition",2,1,"prop:aria-label|prop:label","components/founder/AgentDebatePanel.tsx"
"Debates",2,1,"prop:aria-label|prop:label","components/founder/AgentDebatePanel.tsx"
"Loading agent growth",2,1,"prop:aria-label|prop:label","components/founder/AgentGrowth.tsx"
"Improvement plans",2,1,"prop:aria-label|prop:label","components/founder/AgentGrowth.tsx"
"Route to agent",2,1,"prop:aria-label|prop:label","components/founder/AgentTeamChat.tsx"
"Agent team conversation",2,1,"prop:aria-label|prop:label","components/founder/AgentTeamChat.tsx"
"Message your agent team",2,1,"prop:aria-label|prop:label","components/founder/AgentTeamChat.tsx"
"Loading company chronicle",2,1,"prop:aria-label|prop:label","components/founder/CompanyChronicle.tsx"
"Generate weekly chronicle",2,1,"prop:aria-label|prop:label","components/founder/CompanyChronicle.tsx"
"Generate monthly chronicle",2,1,"prop:aria-label|prop:label","components/founder/CompanyChronicle.tsx"
"Search the chronicle",2,1,"prop:aria-label|prop:label","components/founder/CompanyChronicle.tsx"
"Chronicle entries",2,1,"prop:aria-label|prop:label","components/founder/CompanyChronicle.tsx"
"Loading customer health",2,1,"prop:aria-label|prop:label","components/founder/CustomerHealthPanel.tsx"
"At-risk customers",2,1,"prop:aria-label|prop:label","components/founder/CustomerHealthPanel.tsx"
"Loading decision autopilot",2,1,"prop:aria-label|prop:label","components/founder/DecisionAutopilot.tsx"
"Autopilot statistics",2,1,"prop:aria-label|prop:label","components/founder/DecisionAutopilot.tsx"
"Decision quality",2,2,"jsx-text","components/founder/DecisionQuality.tsx"
"Decisions",2,2,"jsx-text","components/founder/DecisionQuality.tsx"
"Approval rate",2,2,"jsx-text","components/founder/DecisionQuality.tsx"
"Loading decision quality",2,1,"prop:aria-label|prop:label","components/founder/DecisionQuality.tsx"
"Loading focus card",2,1,"prop:aria-label|prop:label","components/founder/FocusCard.tsx"
"Runway",2,2,"jsx-text|prop:label","components/founder/ForecastPanel.tsx"
"Customers",2,2,"jsx-text|prop:label","components/founder/ForecastPanel.tsx"
"Loading forecast",2,1,"prop:aria-label|prop:label","components/founder/ForecastPanel.tsx"
"Loading drafts",2,1,"prop:aria-label|prop:label","components/founder/FounderTwin.tsx"
"Draft type",2,1,"prop:aria-label|prop:label","components/founder/FounderTwin.tsx"
"Loading wellbeing",2,1,"prop:aria-label|prop:label","components/founder/FounderWellbeingCard.tsx"
"Refresh wellbeing assessment",2,1,"prop:aria-label|prop:label","components/founder/FounderWellbeingCard.tsx"
"Wellbeing metrics",2,1,"prop:aria-label|prop:label","components/founder/FounderWellbeingCard.tsx"
"Wellbeing insights",2,1,"prop:aria-label|prop:label","components/founder/FounderWellbeingCard.tsx"
"&middot;",2,2,"jsx-text","components/founder/InitiativeBoard.tsx"
"Required agents",2,1,"prop:aria-label|prop:label","components/founder/InitiativeBoard.tsx"
"CEO notes (optional)",2,1,"prop:aria-label|prop:label","components/founder/InitiativeBoard.tsx"
"Loading initiatives",2,1,"prop:aria-label|prop:label","components/founder/InitiativeBoard.tsx"
"Filter initiatives",2,1,"prop:aria-label|prop:label","components/founder/InitiativeBoard.tsx"
"Agent initiatives",2,1,"prop:aria-label|prop:label","components/founder/InitiativeBoard.tsx"
"Context conditions",2,1,"prop:aria-label|prop:label","components/founder/InstitutionalMemory.tsx"
"Contributing agents",2,1,"prop:aria-label|prop:label","components/founder/InstitutionalMemory.tsx"
"Loading institutional memory",2,1,"prop:aria-label|prop:label","components/founder/InstitutionalMemory.tsx"
"Loading morning briefing",2,1,"prop:aria-label|prop:label","components/founder/MorningBriefing.tsx"
"Trust updates",2,1,"prop:aria-label|prop:label","components/founder/MorningBriefing.tsx"
"Agent updates",2,1,"prop:aria-label|prop:label","components/founder/MorningBriefing.tsx"
"Founder onboarding walkthrough",2,1,"prop:aria-label|prop:label","components/founder/OnboardingWalkthrough.tsx"
"Skip onboarding walkthrough",2,1,"prop:aria-label|prop:label","components/founder/OnboardingWalkthrough.tsx"
"Agent performance",2,2,"jsx-text|prop:title","components/founder/OutcomeFeedback.tsx"
"Outcome breakdown",2,1,"prop:aria-label|prop:label","components/founder/OutcomeFeedback.tsx"
"Loading performance reviews",2,1,"prop:aria-label|prop:label","components/founder/PerformanceReviews.tsx"
"Performance reviews",2,1,"prop:aria-label|prop:label","components/founder/PerformanceReviews.tsx"
"Playbook statistics",2,1,"prop:aria-label|prop:label","components/founder/PlaybookManager.tsx"
"Loading playbooks",2,1,"prop:aria-label|prop:label","components/founder/PlaybookManager.tsx"
"Recommendation",2,2,"jsx-text","components/founder/ScenarioEngine.tsx"
"Agent analyses",2,1,"prop:aria-label|prop:label","components/founder/ScenarioEngine.tsx"
"Outcome scenarios",2,1,"prop:aria-label|prop:label","components/founder/ScenarioEngine.tsx"
"Loading scenarios",2,1,"prop:aria-label|prop:label","components/founder/ScenarioEngine.tsx"
"Hypothesis to simulate",2,1,"prop:aria-label|prop:label","components/founder/ScenarioEngine.tsx"
"Simulated scenarios",2,1,"prop:aria-label|prop:label","components/founder/ScenarioEngine.tsx"
"Loading strategic compass",2,1,"prop:aria-label|prop:label","components/founder/StrategicCompass.tsx"
"North star statement",2,1,"prop:aria-label|prop:label","components/founder/StrategicCompass.tsx"
"Edit north star statement",2,1,"prop:aria-label|prop:label","components/founder/StrategicCompass.tsx"
"Strategic priorities",2,1,"prop:aria-label|prop:label","components/founder/StrategicCompass.tsx"
"Strategic mode",2,1,"prop:aria-label|prop:label","components/founder/StrategicCompass.tsx"
"Defer 24 hours",2,1,"prop:aria-label|prop:label","components/founder/SwipeDecisionCard.tsx"
"Loading synergy map",2,1,"prop:aria-label|prop:label","components/founder/SynergyMap.tsx"
"Agent pair synergy",2,1,"prop:aria-label|prop:label","components/founder/SynergyMap.tsx"
"Loading trends",2,1,"prop:aria-label|prop:label","components/founder/TrendCards.tsx"
"This week vs last week trends",2,1,"prop:aria-label|prop:label","components/founder/TrendCards.tsx"
"War room messages",2,1,"prop:aria-label|prop:label","components/founder/WarRoom.tsx"
"CEO directive",2,1,"prop:aria-label|prop:label","components/founder/WarRoom.tsx"
"Send directive",2,1,"prop:aria-label|prop:label","components/founder/WarRoom.tsx"
"Loading war rooms",2,1,"prop:aria-label|prop:label","components/founder/WarRoom.tsx"
"War rooms",2,1,"prop:aria-label|prop:label","components/founder/WarRoom.tsx"
"Recent runs",2,2,"jsx-text","components/founder/WorkflowMonitor.tsx"
"Pipeline steps",2,1,"prop:aria-label|prop:label","components/founder/WorkflowMonitor.tsx"
"Loading workflow monitor",2,1,"prop:aria-label|prop:label","components/founder/WorkflowMonitor.tsx"
"Active runs",2,1,"prop:aria-label|prop:label","components/founder/WorkflowMonitor.tsx"
"o.marginCents",2,2,"jsx-text","components/founder/finance-now-tiles.tsx"
"Loading finance tiles",2,1,"prop:aria-label|prop:label","components/founder/finance-now-tiles.tsx"
"Cost mix",2,2,"jsx-text","components/founder/finance-steering-sections.tsx"
"Decision",2,2,"jsx-text","components/founder/finance-steering-sections.tsx"
"MRR breakdown by tier",2,1,"prop:aria-label|prop:label","components/founder/finance-steering-sections.tsx"
"Show only net-negative customers",2,1,"prop:aria-label|prop:label","components/founder/finance-steering-sections.tsx"
"Per-org contribution margin",2,1,"prop:aria-label|prop:label","components/founder/finance-steering-sections.tsx"
"Filter scale-up history by status",2,1,"prop:aria-label|prop:label","components/founder/finance-steering-sections.tsx"
"From bucket",2,1,"prop:aria-label|prop:label","components/founder/finance-steering-sections.tsx"
"To bucket",2,1,"prop:aria-label|prop:label","components/founder/finance-steering-sections.tsx"
"Amount in dollars",2,1,"prop:aria-label|prop:label","components/founder/finance-steering-sections.tsx"
"Toggle thread list",2,1,"prop:aria-label|prop:label","components/founder-bridge/BridgeAtlasPane.tsx"
"Open menu",2,1,"prop:aria-label|prop:label","components/founder-bridge/BridgeHeader.tsx"
"void | Promise",2,2,"jsx-text","components/founder-chat/Composer.tsx"
"Slash commands",2,1,"prop:aria-label|prop:label","components/founder-chat/Composer.tsx"
"Voice input (not yet available)",2,1,"prop:aria-label|prop:label","components/founder-chat/Composer.tsx"
"Open Atlas",2,1,"prop:aria-label|prop:label","components/founder-chat/Dock.tsx"
"Atlas chat",2,1,"prop:aria-label|prop:label","components/founder-chat/Dock.tsx"
"Drag down to close",2,1,"prop:aria-label|prop:label","components/founder-chat/Dock.tsx"
"Close Atlas",2,1,"prop:aria-label|prop:label","components/founder-chat/Dock.tsx"
"Tool calls",2,1,"prop:aria-label|prop:label","components/founder-chat/MessageBubble.tsx"
"Atlas conversation",2,1,"prop:aria-label|prop:label","components/founder-chat/MessageList.tsx"
"Atlas is thinking",2,1,"prop:aria-label|prop:label","components/founder-chat/MessageList.tsx"
"In-flight tool calls",2,1,"prop:aria-label|prop:label","components/founder-chat/MessageList.tsx"
"Jump to newest message",2,1,"prop:aria-label|prop:label","components/founder-chat/MessageList.tsx"
"Atlas threads",2,1,"prop:aria-label|prop:label","components/founder-chat/ThreadSidebar.tsx"
"Close threads panel",2,1,"prop:aria-label|prop:label","components/founder-chat/ThreadSidebar.tsx"
"Start a new thread",2,1,"prop:aria-label|prop:label","components/founder-chat/ThreadSidebar.tsx"
"Thread list",2,1,"prop:aria-label|prop:label","components/founder-chat/ThreadSidebar.tsx"
"Bucket breakdown",2,1,"prop:aria-label|prop:label","components/founder-chat/artifacts/bucket_chart.tsx"
"Confirm and execute",2,1,"prop:aria-label|prop:label","components/founder-chat/artifacts/confirmation_request.tsx"
"Confirming",2,1,"prop:aria-label|prop:label","components/founder-chat/artifacts/confirmation_request.tsx"
"Cancel action",2,1,"prop:aria-label|prop:label","components/founder-chat/artifacts/confirmation_request.tsx"
"Cancelling",2,1,"prop:aria-label|prop:label","components/founder-chat/artifacts/confirmation_request.tsx"
"Rejecting",2,1,"prop:aria-label|prop:label","components/founder-chat/artifacts/decision_card.tsx"
"Rotating",2,1,"prop:aria-label|prop:label","components/founder-chat/artifacts/secret_paste.tsx"
"Deferring",2,1,"prop:aria-label|prop:label","components/founder-chat/artifacts/trigger_card.tsx"
"Dismiss checklist",2,1,"prop:aria-label|prop:label","components/getting-started-checklist.tsx"
"Filters",2,2,"jsx-text","components/gis-filters.tsx"
"Features",2,2,"jsx-text","components/gis-health-dashboard.tsx"
"Send support message",2,1,"prop:aria-label|prop:label","components/help/HelpPanel.tsx"
"Row",2,2,"jsx-text","components/import-export.tsx"
"Search or jump to…",2,1,"jsx-text","components/layout-sidebar.tsx"
"Founder home",2,1,"jsx-text|prop:label","components/layout-sidebar.tsx"
"Pax AI insights",2,1,"prop:aria-label|prop:label","components/layout-sidebar.tsx"
"Search (⌘K)",2,1,"prop:aria-label|prop:label","components/layout-sidebar.tsx"
"Quick offer (⌘O)",2,1,"prop:aria-label|prop:label","components/layout-sidebar.tsx"
"Search or jump to anywhere (Cmd K)",2,1,"prop:aria-label|prop:label","components/layout-sidebar.tsx"
"Quick offer (Cmd O)",2,1,"prop:aria-label|prop:label","components/layout-sidebar.tsx"
"Main navigation",2,1,"prop:aria-label|prop:label","components/layout-sidebar.tsx"
"Tooltip",2,1,"prop:aria-label|prop:label","components/layout-sidebar.tsx"
"Expand sidebar",2,1,"prop:aria-label|prop:label","components/layout-sidebar.tsx"
"Collapse sidebar",2,1,"prop:aria-label|prop:label","components/layout-sidebar.tsx"
"Search or jump to anywhere",2,1,"prop:aria-label|prop:label","components/layout-sidebar.tsx"
"Last contacted",2,2,"jsx-text|prop:title","components/lead-detail-content.tsx"
"Loading legal intelligence",2,1,"prop:aria-label|prop:label","components/legal-intelligence-card.tsx"
"Items per page",2,1,"prop:aria-label|prop:label","components/list-pagination.tsx"
"Cancel demo",2,1,"prop:aria-label|prop:label","components/live-demo-mode.tsx"
"Stop demo",2,1,"prop:aria-label|prop:label","components/live-demo-mode.tsx"
"Email identity actions",2,1,"prop:aria-label|prop:label","components/mail-settings-content.tsx"
"Previous listing",2,1,"prop:aria-label|prop:label","components/mobile/CourthouseMode.tsx"
"Next listing",2,1,"prop:aria-label|prop:label","components/mobile/CourthouseMode.tsx"
"Founder mobile navigation",2,1,"prop:aria-label|prop:label","components/mobile/FounderMobileBottomNav.tsx"
"Inbox zero",2,2,"jsx-text|prop:title","components/mobile/InboxTab.tsx"
"Facebook",2,1,"prop:aria-label|prop:label","components/mobile/InboxTab.tsx"
"WhatsApp",2,1,"prop:aria-label|prop:label","components/mobile/InboxTab.tsx"
"Open more actions",2,1,"prop:aria-label|prop:label","components/mobile/MobileBottomNav.tsx"
"More",2,2,"jsx-text","components/mobile/MobileCommandDrawer.tsx"
"What did they say?",2,2,"prop:placeholder","components/mobile/MobileLeadDetail.tsx"
"Call",2,2,"jsx-text|prop:label","components/mobile/MobileLeadDetail.tsx"
"Text",2,2,"jsx-text|prop:label","components/mobile/MobileLeadDetail.tsx"
"Map",2,2,"prop:label","components/mobile/MobileLeadDetail.tsx"
"Property actions",2,1,"prop:aria-label|prop:label","components/mobile/MobilePropertyDetail.tsx"
"Seller",2,2,"jsx-text|prop:label","components/mobile/MobilePropertyDetail.tsx"
"List",2,2,"jsx-text|prop:label","components/mobile/MobilePropertyDetail.tsx"
"Open settings",2,1,"prop:aria-label|prop:label","components/mobile/MobileShell.tsx"
"Open maps",2,1,"prop:aria-label|prop:label","components/mobile/MobileShell.tsx"
"Search and quick actions",2,1,"prop:aria-label|prop:label","components/mobile/MobileShell.tsx"
"Open AI assistant",2,1,"prop:aria-label|prop:label","components/mobile/MobileShell.tsx"
"Mobile shell navigation",2,1,"prop:aria-label|prop:label","components/mobile/MobileShell.tsx"
"First name",2,2,"jsx-text","components/mobile/QuickAddSheet.tsx"
"Last name",2,2,"jsx-text","components/mobile/QuickAddSheet.tsx"
"Open tenants",2,1,"prop:aria-label|prop:label","components/mobile/persona-tabs/LandlordTabs.tsx"
"No notes yet",2,2,"jsx-text|prop:title","components/mobile/persona-tabs/NoteInvestorTabs.tsx"
"Open 1099-INT readiness",2,1,"prop:aria-label|prop:label","components/mobile/persona-tabs/NoteInvestorTabs.tsx"
"Open cash flow and forecasting",2,1,"prop:aria-label|prop:label","components/mobile/persona-tabs/NoteInvestorTabs.tsx"
"Open quiet-title pipeline",2,1,"prop:aria-label|prop:label","components/mobile/persona-tabs/TaxDelinquentTabs.tsx"
"Active certificates",2,2,"prop:label","components/mobile/persona-tabs/TaxDelinquentTabs.tsx"
"Open lead detail",2,1,"prop:aria-label|prop:label","components/mobile/persona-tabs/UniversalTabs.tsx"
"Open full portfolio",2,1,"prop:aria-label|prop:label","components/mobile/persona-tabs/UniversalTabs.tsx"
"Active leads",2,2,"prop:label","components/mobile/persona-tabs/UniversalTabs.tsx"
"Open buyer list health",2,1,"prop:aria-label|prop:label","components/mobile/persona-tabs/WholesalerTabs.tsx"
"Monthly Check-In",2,1,"jsx-text","components/monthly-checkin.tsx"
"Dunning",2,2,"jsx-text","components/monthly-checkin.tsx"
"Run monthly maintenance",2,1,"prop:aria-label|prop:label","components/monthly-checkin.tsx"
"Close create-new menu",2,1,"prop:aria-label|prop:label","components/new-item-menu.tsx"
"Sale date *",2,2,"jsx-text","components/note-assignments-card.tsx"
"Street",2,2,"prop:placeholder","components/note-assignments-card.tsx"
"Carrier",2,1,"jsx-text|prop:label","components/note-compliance-card.tsx"
"Save",2,1,"jsx-text","components/note-compliance-card.tsx"
"Next due",2,2,"jsx-text|prop:label","components/note-compliance-card.tsx"
"Record payment",2,2,"jsx-text","components/note-record-payment-modal.tsx"
"Check",2,2,"jsx-text","components/note-record-payment-modal.tsx"
"Cash",2,2,"jsx-text","components/note-record-payment-modal.tsx"
"Escrow",2,2,"jsx-text","components/note-record-payment-modal.tsx"
"Payment preview",2,1,"prop:aria-label|prop:label","components/note-record-payment-modal.tsx"
"Remove investor",2,1,"prop:aria-label|prop:label","components/note-splits-card.tsx"
"Yield",2,2,"jsx-text","components/note-yield-panel.tsx"
"CSV column",2,2,"jsx-text","components/notes-import-dialog.tsx"
"Sample value",2,2,"jsx-text","components/notes-import-dialog.tsx"
"Map to AcreOS field",2,2,"jsx-text","components/notes-import-dialog.tsx"
"Import complete",2,2,"jsx-text","components/notes-import-dialog.tsx"
"Upload CSV file: drop a file here or activate to browse",2,1,"prop:aria-label|prop:label","components/notes-import-dialog.tsx"
"Dismiss notification",2,1,"prop:aria-label|prop:label","components/notification-banner.tsx"
"Close notifications",2,1,"prop:aria-label|prop:label","components/notification-banner.tsx"
"Recent notifications",2,1,"prop:aria-label|prop:label","components/notification-banner.tsx"
"Notifications list",2,1,"prop:aria-label|prop:label","components/notification-center.tsx"
"Ready",2,2,"jsx-text","components/offer-preflight-checklist.tsx"
"Delivery",2,2,"jsx-text","components/offer-wizard.tsx"
"Offer letter content",2,1,"prop:aria-label|prop:label","components/offer-wizard.tsx"
"Force sync queued changes now",2,1,"prop:aria-label|prop:label","components/offline-indicator.tsx"
"Dismiss sync banner",2,1,"prop:aria-label|prop:label","components/offline-indicator.tsx"
"Dismiss offline notice",2,1,"prop:aria-label|prop:label","components/offline-indicator.tsx"
"Dismiss progress",2,1,"prop:aria-label|prop:label","components/onboarding/OnboardingProgress.tsx"
"Import CSV",2,2,"jsx-text","components/onboarding/OnboardingWizard.tsx"
"0 && currentStep",2,2,"jsx-text","components/onboarding/OnboardingWizard.tsx"
"Beta vertical",2,1,"prop:aria-label|prop:label","components/onboarding/OnboardingWizard.tsx"
"AcreOS onboarding",2,1,"prop:aria-label|prop:label","components/onboarding/OnboardingWizard.tsx"
"Close onboarding",2,1,"prop:aria-label|prop:label","components/onboarding/OnboardingWizard.tsx"
"Skip product tour",2,1,"prop:aria-label|prop:label","components/onboarding/ProductTour.tsx"
"Tax address",2,2,"jsx-text","components/onboarding/TaxIdentityPrompt.tsx"
"e.g. Apex Land Group, LLC",2,2,"prop:placeholder","components/onboarding/TaxIdentityPrompt.tsx"
"Apartment or suite (optional)",2,1,"prop:aria-label|prop:label","components/onboarding/TaxIdentityPrompt.tsx"
"State (2-letter code)",2,1,"prop:aria-label|prop:label","components/onboarding/TaxIdentityPrompt.tsx"
"ZIP code",2,1,"prop:aria-label|prop:label","components/onboarding/TaxIdentityPrompt.tsx"
"Switch organization",2,1,"prop:aria-label|prop:label","components/org-switcher.tsx"
"Personal / Default",2,1,"jsx-text|prop:placeholder","components/owning-entity-select.tsx"
"New entity name",2,1,"prop:aria-label|prop:label","components/owning-entity-select.tsx"
"Confirm new entity",2,1,"prop:aria-label|prop:label","components/owning-entity-select.tsx"
"Cancel adding new entity",2,1,"prop:aria-label|prop:label","components/owning-entity-select.tsx"
"Open command palette",2,1,"prop:aria-label|prop:label","components/page-topbar.tsx"
"Expected",2,2,"jsx-text","components/parcels/arv-calculator.tsx"
"Sqft",2,2,"jsx-text","components/parcels/arv-calculator.tsx"
"Remove comp",2,1,"prop:aria-label|prop:label","components/parcels/arv-calculator.tsx"
"Sold",2,2,"jsx-text","components/parcels/subdivision-tab.tsx"
"Gate",2,2,"jsx-text","components/parcels/subdivision-tab.tsx"
"Submitted",2,2,"jsx-text","components/parcels/subdivision-tab.tsx"
"Expected back",2,2,"jsx-text","components/parcels/subdivision-tab.tsx"
"Sale",2,2,"jsx-text","components/parcels/subdivision-tab.tsx"
"No data",2,2,"jsx-text","components/pax-artifact.tsx"
"Artifact Card",2,1,"prop:aria-label|prop:label","components/pax-artifact.tsx"
"Premium",2,2,"jsx-text","components/pax-connector-panel.tsx"
"Loading connectors",2,1,"prop:aria-label|prop:label","components/pax-connector-panel.tsx"
"Disconnect integration",2,1,"prop:aria-label|prop:label","components/pax-connector-panel.tsx"
"Pax",2,2,"jsx-text","components/pax-copilot-rail.tsx"
"Pax Memory",2,2,"jsx-text","components/pax-copilot-rail.tsx"
"Reasoning",2,2,"jsx-text","components/pax-copilot-rail.tsx"
"Knowledge base",2,1,"prop:aria-label|prop:label","components/pax-copilot-rail.tsx"
"Pax memory",2,1,"prop:aria-label|prop:label","components/pax-copilot-rail.tsx"
"Export conversation",2,1,"prop:aria-label|prop:label","components/pax-copilot-rail.tsx"
"Dismiss results banner",2,1,"prop:aria-label|prop:label","components/pax-copilot-rail.tsx"
"Pax conversation",2,1,"prop:aria-label|prop:label","components/pax-copilot-rail.tsx"
"Loading conversation history",2,1,"prop:aria-label|prop:label","components/pax-copilot-rail.tsx"
"Thumbs up",2,1,"prop:aria-label|prop:label","components/pax-copilot-rail.tsx"
"Thumbs down",2,1,"prop:aria-label|prop:label","components/pax-copilot-rail.tsx"
"Pax Slash Picker",2,1,"prop:aria-label|prop:label","components/pax-copilot-rail.tsx"
"Stop generating",2,1,"prop:aria-label|prop:label","components/pax-copilot-rail.tsx"
"Upload knowledge base file",2,1,"prop:aria-label|prop:label","components/pax-knowledge-panel.tsx"
"Knowledge base files",2,1,"prop:aria-label|prop:label","components/pax-knowledge-panel.tsx"
"Memory Response",2,1,"prop:aria-label|prop:label","components/pax-memory-panel.tsx"
"Close memory panel",2,1,"prop:aria-label|prop:label","components/pax-memory-panel.tsx"
"Project files",2,1,"prop:aria-label|prop:label","components/pax-project-panel.tsx"
"Schedule task",2,1,"prop:aria-label|prop:label","components/pax-schedule-button.tsx"
"Paused",2,2,"jsx-text","components/pax-tasks-settings-tab.tsx"
"Mode:",2,2,"jsx-text","components/persona-switcher.tsx"
"Playbook overview",2,1,"prop:aria-label|prop:label","components/playbooks/PlaybookCard.tsx"
"Loading portfolio health",2,1,"prop:aria-label|prop:label","components/portfolio-health-card.tsx"
"Sound effects",2,1,"prop:aria-label|prop:label","components/preferences-card.tsx"
"Proposed",2,2,"jsx-text|prop:label","components/prompt-diff-viewer.tsx"
"Property analysis conversation",2,1,"prop:aria-label|prop:label","components/property-analysis-chat.tsx"
"Data Completeness",2,2,"jsx-text","components/property-enrichment-widget.tsx"
"Investment Scores",2,2,"jsx-text","components/property-enrichment-widget.tsx"
"Investment",2,2,"jsx-text","components/property-enrichment-widget.tsx"
"Development",2,2,"jsx-text","components/property-enrichment-widget.tsx"
"Flood & Water Risk",2,2,"jsx-text","components/property-enrichment-widget.tsx"
"Flood Risk",2,2,"jsx-text","components/property-enrichment-widget.tsx"
"Wetlands Present",2,2,"jsx-text","components/property-enrichment-widget.tsx"
"Natural Hazards",2,2,"jsx-text","components/property-enrichment-widget.tsx"
"Overall Risk",2,2,"jsx-text","components/property-enrichment-widget.tsx"
"Soil Type",2,2,"jsx-text","components/property-enrichment-widget.tsx"
"Capability Class",2,2,"jsx-text","components/property-enrichment-widget.tsx"
"Prime Farmland",2,2,"jsx-text","components/property-enrichment-widget.tsx"
"EPA Sites Nearby",2,2,"jsx-text","components/property-enrichment-widget.tsx"
"EPA Risk Level",2,2,"jsx-text","components/property-enrichment-widget.tsx"
"Infrastructure",2,2,"jsx-text","components/property-enrichment-widget.tsx"
"Nearest Hospital",2,2,"jsx-text","components/property-enrichment-widget.tsx"
"Nearest Fire Station",2,2,"jsx-text","components/property-enrichment-widget.tsx"
"Nearest School",2,2,"jsx-text","components/property-enrichment-widget.tsx"
"Access Score",2,2,"jsx-text","components/property-enrichment-widget.tsx"
"Demographics",2,2,"jsx-text","components/property-enrichment-widget.tsx"
"Owner Occupancy",2,2,"jsx-text","components/property-enrichment-widget.tsx"
"Vacancy Rate",2,2,"jsx-text","components/property-enrichment-widget.tsx"
"Avg Commute",2,2,"jsx-text","components/property-enrichment-widget.tsx"
"Transportation",2,2,"jsx-text","components/property-enrichment-widget.tsx"
"Nearest Highway",2,2,"jsx-text","components/property-enrichment-widget.tsx"
"Nearest Bridge",2,2,"jsx-text","components/property-enrichment-widget.tsx"
"Nearest Rail",2,2,"jsx-text","components/property-enrichment-widget.tsx"
"Paved Road Access",2,2,"jsx-text","components/property-enrichment-widget.tsx"
"Road Access Score",2,2,"jsx-text","components/property-enrichment-widget.tsx"
"Public Lands",2,2,"jsx-text","components/property-enrichment-widget.tsx"
"Near BLM Land",2,2,"jsx-text","components/property-enrichment-widget.tsx"
"Near US Forest Service",2,2,"jsx-text","components/property-enrichment-widget.tsx"
"Near National Parks",2,2,"jsx-text","components/property-enrichment-widget.tsx"
"Water Resources",2,2,"jsx-text","components/property-enrichment-widget.tsx"
"Nearest Stream",2,2,"jsx-text","components/property-enrichment-widget.tsx"
"Nearest Water Body",2,2,"jsx-text","components/property-enrichment-widget.tsx"
"Water Availability",2,2,"jsx-text","components/property-enrichment-widget.tsx"
"Elevation & Terrain",2,2,"jsx-text","components/property-enrichment-widget.tsx"
"Datum",2,2,"jsx-text","components/property-enrichment-widget.tsx"
"Climate & Growing",2,2,"jsx-text","components/property-enrichment-widget.tsx"
"Avg High Temp",2,2,"jsx-text","components/property-enrichment-widget.tsx"
"Avg Low Temp",2,2,"jsx-text","components/property-enrichment-widget.tsx"
"Annual Precip",2,2,"jsx-text","components/property-enrichment-widget.tsx"
"Land Cover",2,2,"jsx-text","components/property-enrichment-widget.tsx"
"Cover Type",2,2,"jsx-text","components/property-enrichment-widget.tsx"
"Developed",2,2,"jsx-text","components/property-enrichment-widget.tsx"
"Forested",2,2,"jsx-text","components/property-enrichment-widget.tsx"
"Cropland Data",2,2,"jsx-text","components/property-enrichment-widget.tsx"
"Dominant Crop",2,2,"jsx-text","components/property-enrichment-widget.tsx"
"Cultivated",2,2,"jsx-text","components/property-enrichment-widget.tsx"
"Pasture/Hay",2,2,"jsx-text","components/property-enrichment-widget.tsx"
"Forest",2,2,"jsx-text","components/property-enrichment-widget.tsx"
"EPA Facilities Nearby",2,2,"jsx-text","components/property-enrichment-widget.tsx"
"Total Facilities",2,2,"jsx-text","components/property-enrichment-widget.tsx"
"Superfund Sites",2,2,"jsx-text","components/property-enrichment-widget.tsx"
"Air Violations",2,2,"jsx-text","components/property-enrichment-widget.tsx"
"Risk Level",2,2,"jsx-text","components/property-enrichment-widget.tsx"
"Storm Risk",2,2,"jsx-text","components/property-enrichment-widget.tsx"
"Tornado Risk",2,2,"jsx-text","components/property-enrichment-widget.tsx"
"Hurricane Risk",2,2,"jsx-text","components/property-enrichment-widget.tsx"
"Hail Risk",2,2,"jsx-text","components/property-enrichment-widget.tsx"
"PLSS Legal Description",2,2,"jsx-text","components/property-enrichment-widget.tsx"
"Section",2,2,"jsx-text","components/property-enrichment-widget.tsx"
"Township",2,2,"jsx-text","components/property-enrichment-widget.tsx"
"BLM CadNSDI",2,2,"jsx-text","components/property-enrichment-widget.tsx"
"Watershed",2,2,"jsx-text","components/property-enrichment-widget.tsx"
"Watershed Name",2,2,"jsx-text","components/property-enrichment-widget.tsx"
"HUC-8",2,2,"jsx-text","components/property-enrichment-widget.tsx"
"HUC-12",2,2,"jsx-text","components/property-enrichment-widget.tsx"
"EPA NHD Plus / WATERS",2,2,"jsx-text","components/property-enrichment-widget.tsx"
"FEMA National Risk Index",2,2,"jsx-text","components/property-enrichment-widget.tsx"
"Composite Risk Score",2,2,"jsx-text","components/property-enrichment-widget.tsx"
"Riverine Flood",2,2,"jsx-text","components/property-enrichment-widget.tsx"
"Tornado",2,2,"jsx-text","components/property-enrichment-widget.tsx"
"FEMA National Risk Index (Official)",2,2,"jsx-text","components/property-enrichment-widget.tsx"
"USDA Farm Records (CLU)",2,2,"jsx-text","components/property-enrichment-widget.tsx"
"Farm Number",2,2,"jsx-text","components/property-enrichment-widget.tsx"
"Tract Number",2,2,"jsx-text","components/property-enrichment-widget.tsx"
"Calculated Acres",2,2,"jsx-text","components/property-enrichment-widget.tsx"
"USDA FSA Common Land Units",2,2,"jsx-text","components/property-enrichment-widget.tsx"
"Max",2,2,"jsx-text","components/property-map.tsx"
"Solar Simulation",2,1,"jsx-text|prop:title","components/property-map.tsx"
"Show on map",2,1,"jsx-text","components/property-map.tsx"
"Opacity",2,1,"jsx-text","components/property-map.tsx"
"Configure Mapbox token",2,1,"jsx-text","components/property-map.tsx"
"No map data",2,1,"jsx-text","components/property-map.tsx"
"Clock",2,1,"prop:aria-label|prop:label","components/property-map.tsx"
"Satellite view",2,1,"prop:aria-label|prop:label","components/property-map.tsx"
"Terrain view",2,1,"prop:aria-label|prop:label","components/property-map.tsx"
"Street view",2,1,"prop:aria-label|prop:label","components/property-map.tsx"
"Solar simulation",2,1,"prop:aria-label|prop:label","components/property-map.tsx"
"Export map",2,1,"prop:aria-label|prop:label","components/property-map.tsx"
"Find nearby parcels",2,1,"prop:aria-label|prop:label","components/property-map.tsx"
"Show comparables",2,1,"prop:aria-label|prop:label","components/property-map.tsx"
"Exit fullscreen",2,1,"prop:aria-label|prop:label","components/property-map.tsx"
"Close measurement",2,1,"prop:aria-label|prop:label","components/property-map.tsx"
"Loading property map",2,1,"prop:aria-label|prop:label","components/property-map.tsx"
"Latency",2,2,"jsx-text","components/provider-settings-cards.tsx"
"Twilio",2,1,"prop:label","components/provider-settings.tsx"
"Provider status",2,1,"prop:aria-label|prop:label","components/provider-status.tsx"
"Site footer",2,1,"prop:aria-label|prop:label","components/public-footer.tsx"
"Footer links",2,1,"prop:aria-label|prop:label","components/public-footer.tsx"
"Contractor",2,2,"jsx-text","components/rehabs/bids-section.tsx"
"Funded",2,1,"jsx-text","components/rehabs/draws-section.tsx"
"Inspector",2,2,"jsx-text|prop:label","components/rehabs/draws-section.tsx"
"Signing links",2,1,"prop:aria-label|prop:label","components/request-signatures-dialog.tsx"
"Est. Value",2,2,"jsx-text","components/research-summary-panel.tsx"
"Intelligence",2,2,"jsx-text","components/research-summary-panel.tsx"
"Market Value",2,2,"jsx-text","components/research-summary-panel.tsx"
"DELETE",2,2,"jsx-text","components/safe-bulk-delete-dialog.tsx"
"Type DELETE here",2,2,"prop:placeholder","components/safe-bulk-delete-dialog.tsx"
"Leads that will be deleted",2,1,"prop:aria-label|prop:label","components/safe-bulk-delete-dialog.tsx"
"View actions",2,1,"prop:aria-label|prop:label","components/saved-views-selector.tsx"
"Balloon payment disclosure",2,1,"prop:aria-label|prop:label","components/seller-finance-calculator.tsx"
"Scanning…",2,2,"jsx-text","components/seller-intent-panel.tsx"
"Candidate leads for seller-intent analysis",2,1,"prop:aria-label|prop:label","components/seller-intent-panel.tsx"
"Signals",2,1,"prop:aria-label|prop:label","components/seller-intent-panel.tsx"
"(days)",2,1,"jsx-text","components/sequence-builder.tsx"
"Condition",2,2,"jsx-text","components/sequence-builder.tsx"
"Delete step",2,1,"prop:aria-label|prop:label","components/sequence-builder.tsx"
"Active Enrollments",2,1,"jsx-text","components/sequences-content.tsx"
"Pause enrollment",2,1,"prop:aria-label|prop:label","components/sequences-content.tsx"
"Resume enrollment",2,1,"prop:aria-label|prop:label","components/sequences-content.tsx"
"Cancel enrollment",2,1,"prop:aria-label|prop:label","components/sequences-content.tsx"
"Search settings",2,1,"prop:aria-label|prop:label","components/settings/SettingsQuickFind.tsx"
"Settings search results",2,1,"prop:aria-label|prop:label","components/settings/SettingsQuickFind.tsx"
"Font family",2,2,"jsx-text","components/settings/accessibility-panel.tsx"
"Mode",2,2,"jsx-text","components/settings/appearance-panel.tsx"
"Autonomy",2,2,"jsx-text","components/settings/autonomy-panel.tsx"
"Toggle data network contribution",2,1,"prop:aria-label|prop:label","components/settings/data-network-settings.tsx"
"Download My Data",2,1,"prop:aria-label|prop:label","components/settings/download-data-section.tsx"
"Loading SMS conversation",2,1,"prop:aria-label|prop:label","components/sms-conversation.tsx"
"SMS conversation",2,1,"prop:aria-label|prop:label","components/sms-conversation.tsx"
"SMS message input",2,1,"prop:aria-label|prop:label","components/sms-conversation.tsx"
"Select a case",2,2,"jsx-text","components/support-content.tsx"
"Favorite",2,1,"prop:aria-label|prop:label","components/support-content.tsx"
"Refresh health status",2,1,"prop:aria-label|prop:label","components/system-health.tsx"
"Loading system health",2,1,"prop:aria-label|prop:label","components/system-health.tsx"
"Expected columns",2,2,"jsx-text","components/tax-delinquent-importer.tsx"
"Tax-delinquent CSV file",2,1,"prop:aria-label|prop:label","components/tax-delinquent-importer.tsx"
"Expected CSV columns",2,1,"prop:aria-label|prop:label","components/tax-delinquent-importer.tsx"
"Mapped CSV preview",2,1,"prop:aria-label|prop:label","components/tax-delinquent-importer.tsx"
"Importing",2,1,"prop:aria-label|prop:label","components/tax-delinquent-importer.tsx"
"Team Performance",2,2,"jsx-text","components/team-dashboard-content.tsx"
"Loading team chat",2,1,"prop:aria-label|prop:label","components/team-general-channel.tsx"
"Team chat",2,1,"prop:aria-label|prop:label","components/team-general-channel.tsx"
"Team message input",2,1,"prop:aria-label|prop:label","components/team-general-channel.tsx"
"Send team message",2,1,"prop:aria-label|prop:label","components/team-general-channel.tsx"
"Select type",2,2,"prop:placeholder","components/template-editor.tsx"
"Variable",2,1,"prop:aria-label|prop:label","components/template-editor.tsx"
"Save 17%",2,2,"jsx-text","components/tier-upgrade-panel.tsx"
"Toggle annual billing",2,1,"prop:aria-label|prop:label","components/tier-upgrade-panel.tsx"
"Scroll timeline to today",2,1,"prop:aria-label|prop:label","components/timeline/TimelineView.tsx"
"Zoom in",2,1,"prop:aria-label|prop:label","components/timeline/TimelineView.tsx"
"Zoom out",2,1,"prop:aria-label|prop:label","components/timeline/TimelineView.tsx"
"Timeline milestones",2,1,"prop:aria-label|prop:label","components/timeline/TimelineView.tsx"
"Snooze all items for 24 hours",2,1,"prop:aria-label|prop:label","components/today/DecisionQueue.tsx"
"Free trial available",2,1,"prop:aria-label|prop:label","components/trial-banner.tsx"
"Funnel stages",2,1,"prop:aria-label|prop:label","components/ui/conversion-funnel.tsx"
"= FieldPath",2,1,"jsx-text","components/ui/form.tsx"
"Run now",2,2,"jsx-text","components/ui/page-header.tsx"
"Prompt evolutions",2,2,"prop:title","components/ui/page-header.tsx"
"Go to previous page",2,1,"prop:aria-label|prop:label","components/ui/pagination.tsx"
"Go to next page",2,1,"prop:aria-label|prop:label","components/ui/pagination.tsx"
"Toggle sidebar",2,1,"prop:aria-label|prop:label","components/ui/sidebar.tsx"
"Re-detect investor type",2,1,"prop:aria-label|prop:label","components/ui/vertical-badge.tsx"
"Dismiss usage warning",2,1,"prop:aria-label|prop:label","components/usage-limit-banner.tsx"
"Dismiss briefing",2,1,"prop:aria-label|prop:label","components/user-morning-briefing.tsx"
"Task title",2,2,"jsx-text|prop:placeholder","components/workflow-builder.tsx"
"Generate offer",2,2,"jsx-text|prop:title","components/workflow-builder.tsx"
"Info",2,2,"jsx-text","components/workflow-builder.tsx"
"Unit",2,2,"jsx-text","components/workflow-builder.tsx"
"Days",2,2,"jsx-text","components/workflow-builder.tsx"
"Conditions (optional)",2,2,"jsx-text","components/workflow-builder.tsx"
"When:",2,1,"jsx-text","components/workflow-builder.tsx"
"Preview",2,2,"jsx-text","components/workflow-builder.tsx"
"Task description…",2,2,"prop:placeholder","components/workflow-builder.tsx"
"Close workflow builder",2,1,"prop:aria-label|prop:label","components/workflow-builder.tsx"
"Panel Action Form",2,1,"prop:aria-label|prop:label","components/workflow-builder.tsx"
"Partial",2,2,"jsx-text|prop:label","hooks/use-page-context.ts"
"Learning style",2,1,"jsx-text","pages/academy.tsx"
"Completion progress by track",2,1,"prop:aria-label|prop:label","pages/academy.tsx"
"Course completed",2,1,"prop:aria-label|prop:label","pages/academy.tsx"
"Account security",2,2,"jsx-text","pages/account-security.tsx"
"Active sessions",2,1,"jsx-text","pages/account-security.tsx"
"Started",2,2,"jsx-text","pages/account-security.tsx"
"Average score",2,2,"jsx-text","pages/acquisition-radar.tsx"
"Opportunity type",2,1,"jsx-text|prop:placeholder","pages/acquisition-radar.tsx"
"State (e.g. TX)",2,2,"prop:placeholder","pages/acquisition-radar.tsx"
"Acquisition opportunities",2,1,"prop:aria-label|prop:label","pages/acquisition-radar.tsx"
"Opportunities by market",2,1,"prop:aria-label|prop:label","pages/acquisition-radar.tsx"
"Days on market",2,2,"jsx-text|prop:label","pages/acquisition-radar.tsx"
"Filter activity by category",2,1,"prop:aria-label|prop:label","pages/activity.tsx"
"Load more activity events",2,1,"prop:aria-label|prop:label","pages/activity.tsx"
"Loading customer context",2,1,"prop:aria-label|prop:label","pages/admin-support.tsx"
"Previous interaction notes",2,1,"prop:aria-label|prop:label","pages/admin-support.tsx"
"Saved replies",2,1,"prop:aria-label|prop:label","pages/admin-support.tsx"
"Loading support metrics",2,1,"prop:aria-label|prop:label","pages/admin-support.tsx"
"Loading escalated cases",2,1,"prop:aria-label|prop:label","pages/admin-support.tsx"
"Escalated support cases",2,1,"prop:aria-label|prop:label","pages/admin-support.tsx"
"Loading case details",2,1,"prop:aria-label|prop:label","pages/admin-support.tsx"
"Customer context and saved replies",2,1,"prop:aria-label|prop:label","pages/admin-support.tsx"
"Participants",2,2,"jsx-text","pages/agent-collaboration.tsx"
"Select agent…",2,1,"prop:placeholder","pages/agent-collaboration.tsx"
"Agent conversation, oldest first",2,1,"prop:aria-label|prop:label","pages/agent-collaboration.tsx"
"Pick the agent to delegate to",2,1,"prop:aria-label|prop:label","pages/agent-collaboration.tsx"
"Pick the agent to override",2,1,"prop:aria-label|prop:label","pages/agent-collaboration.tsx"
"Vote participants",2,1,"prop:aria-label|prop:label","pages/agent-collaboration.tsx"
"Active agents",2,2,"jsx-text|prop:title","pages/agent-command-center.tsx"
"All caught up.",2,2,"jsx-text","pages/agent-command-center.tsx"
"Always auto-approve action categories",2,1,"prop:aria-label|prop:label","pages/agent-command-center.tsx"
"Always escalate action categories",2,1,"prop:aria-label|prop:label","pages/agent-command-center.tsx"
"Run autonomous processor now",2,1,"prop:aria-label|prop:label","pages/agent-command-center.tsx"
"Loading agents",2,1,"prop:aria-label|prop:label","pages/agent-command-center.tsx"
"Tasks awaiting your approval",2,1,"prop:aria-label|prop:label","pages/agent-command-center.tsx"
"Filter tasks by status",2,1,"prop:aria-label|prop:label","pages/agent-command-center.tsx"
"Active goals",2,2,"jsx-text","pages/agent-detail.tsx"
"Authority levels by trust threshold",2,1,"prop:aria-label|prop:label","pages/agent-detail.tsx"
"Recent agent actions, newest first",2,1,"prop:aria-label|prop:label","pages/agent-detail.tsx"
"Revenue attribution",2,2,"jsx-text","pages/agent-performance.tsx"
"Strategies",2,2,"jsx-text","pages/agent-performance.tsx"
"Confidence:",2,2,"jsx-text","pages/agent-performance.tsx"
"Agent trust scores",2,1,"prop:aria-label|prop:label","pages/agent-performance.tsx"
"Revenue contribution per agent",2,1,"prop:aria-label|prop:label","pages/agent-performance.tsx"
"Adaptive strategies",2,1,"prop:aria-label|prop:label","pages/agent-performance.tsx"
"Insights",2,2,"jsx-text","pages/analytics.tsx"
"Analytics",2,2,"jsx-text","pages/analytics.tsx"
"Retention",2,2,"jsx-text","pages/analytics.tsx"
"Respondent",2,1,"jsx-text|prop:placeholder","pages/anticipatory-enterprise.tsx"
"Subject of conflict",2,1,"jsx-text|prop:placeholder","pages/anticipatory-enterprise.tsx"
"Total patterns",2,2,"jsx-text","pages/anticipatory-enterprise.tsx"
"Reason for delegation",2,1,"jsx-text|prop:placeholder","pages/anticipatory-enterprise.tsx"
"Accuracy",2,2,"jsx-text","pages/anticipatory-enterprise.tsx"
"Recent agent negotiations",2,1,"prop:aria-label|prop:label","pages/anticipatory-enterprise.tsx"
"Revenue attribution reports",2,1,"prop:aria-label|prop:label","pages/anticipatory-enterprise.tsx"
"Decision categories eligible for autopilot",2,1,"prop:aria-label|prop:label","pages/anticipatory-enterprise.tsx"
"Cognitive models per decision category",2,1,"prop:aria-label|prop:label","pages/anticipatory-enterprise.tsx"
"Autopilot active",2,1,"prop:aria-label|prop:label","pages/anticipatory-enterprise.tsx"
"Decision patterns",2,1,"prop:aria-label|prop:label","pages/anticipatory-enterprise.tsx"
"Stale knowledge patterns flagged as zombies",2,1,"prop:aria-label|prop:label","pages/anticipatory-enterprise.tsx"
"Resource quotas per agent",2,1,"prop:aria-label|prop:label","pages/anticipatory-enterprise.tsx"
"Circuit breaker tripped",2,1,"prop:aria-label|prop:label","pages/anticipatory-enterprise.tsx"
"Burst detected",2,1,"prop:aria-label|prop:label","pages/anticipatory-enterprise.tsx"
"Pre-staged actions waiting on triggers",2,1,"prop:aria-label|prop:label","pages/anticipatory-enterprise.tsx"
"Cause-effect prediction patterns",2,1,"prop:aria-label|prop:label","pages/anticipatory-enterprise.tsx"
"Auto-stage enabled",2,1,"prop:aria-label|prop:label","pages/anticipatory-enterprise.tsx"
"Decisions with the deepest causal chain",2,1,"prop:aria-label|prop:label","pages/anticipatory-enterprise.tsx"
"Decisions with the largest blast radius",2,1,"prop:aria-label|prop:label","pages/anticipatory-enterprise.tsx"
"Filter by acquisition source",2,1,"prop:aria-label|prop:label","pages/auction-worksheet.tsx"
"Remove",2,1,"prop:aria-label|prop:label","pages/auction-worksheet.tsx"
"Audit log entries",2,1,"prop:aria-label|prop:label","pages/audit-log.tsx"
"Audit log pagination",2,1,"prop:aria-label|prop:label","pages/audit-log.tsx"
"Trigger",2,2,"jsx-text","pages/automation.tsx"
"Runs",2,2,"jsx-text|prop:label","pages/automation.tsx"
"Loading automation rules",2,1,"prop:aria-label|prop:label","pages/automation.tsx"
"Your automation rules",2,1,"prop:aria-label|prop:label","pages/automation.tsx"
"Automation rule execution history",2,1,"prop:aria-label|prop:label","pages/automation.tsx"
"Automation",2,2,"jsx-text|prop:label","pages/automation.tsx"
"Export results to CSV",2,1,"prop:aria-label|prop:label","pages/avm-bulk.tsx"
"Upload CSV file",2,1,"prop:aria-label|prop:label","pages/avm-bulk.tsx"
"Bulk valuation results",2,1,"prop:aria-label|prop:label","pages/avm-bulk.tsx"
"Training transactions",2,2,"jsx-text","pages/avm.tsx"
"History (",2,2,"jsx-text","pages/avm.tsx"
"Per-factor adjustment vs. base estimate",2,1,"prop:aria-label|prop:label","pages/avm.tsx"
"Users",2,2,"jsx-text","pages/beta-analytics.tsx"
"Trial",2,2,"jsx-text","pages/beta-analytics.tsx"
"Activation event rates",2,1,"prop:aria-label|prop:label","pages/beta-analytics.tsx"
"User health table",2,1,"prop:aria-label|prop:label","pages/beta-analytics.tsx"
"Top 20 pages by visit count",2,1,"prop:aria-label|prop:label","pages/beta-analytics.tsx"
"User feedback, newest first",2,1,"prop:aria-label|prop:label","pages/beta-analytics.tsx"
"Waiting",2,2,"jsx-text|prop:label","pages/beta-dashboard.tsx"
"Company",2,2,"jsx-text","pages/beta-dashboard.tsx"
"Score",2,2,"jsx-text","pages/beta-dashboard.tsx"
"John",2,2,"prop:placeholder","pages/beta-intake.tsx"
"Features included in the beta",2,1,"prop:aria-label|prop:label","pages/beta-intake.tsx"
"Recommended",2,2,"jsx-text","pages/blind-offer-wizard.tsx"
"Total collected",2,2,"jsx-text","pages/blind-offer-wizard.tsx"
"Blind offer wizard",2,1,"jsx-text|prop:label","pages/blind-offer-wizard.tsx"
"Select state…",2,2,"prop:placeholder","pages/blind-offer-wizard.tsx"
"e.g. 5",2,1,"prop:placeholder","pages/blind-offer-wizard.tsx"
"e.g. 1200",2,2,"prop:placeholder","pages/blind-offer-wizard.tsx"
"Refresh comps from county",2,1,"prop:aria-label|prop:label","pages/blind-offer-wizard.tsx"
"Calculation warnings",2,1,"prop:aria-label|prop:label","pages/blind-offer-wizard.tsx"
"Offer tiers",2,1,"prop:aria-label|prop:label","pages/blind-offer-wizard.tsx"
"Copy offer letter to clipboard",2,1,"prop:aria-label|prop:label","pages/blind-offer-wizard.tsx"
"Download offer letter",2,1,"prop:aria-label|prop:label","pages/blind-offer-wizard.tsx"
"Offer letter draft",2,1,"prop:aria-label|prop:label","pages/blind-offer-wizard.tsx"
"Wizard progress",2,1,"prop:aria-label|prop:label","pages/blind-offer-wizard.tsx"
"Active agent negotiations",2,1,"prop:aria-label|prop:label","pages/board-of-directors.tsx"
"Trust enforcement log, newest first",2,1,"prop:aria-label|prop:label","pages/board-of-directors.tsx"
"Founder override history, newest first",2,1,"prop:aria-label|prop:label","pages/board-of-directors.tsx"
"Confidence cascade decisions",2,1,"prop:aria-label|prop:label","pages/board-of-directors.tsx"
"Resolution layers",2,1,"prop:aria-label|prop:label","pages/board-of-directors.tsx"
"Per-note interest summary",2,1,"prop:aria-label|prop:label","pages/bookkeeping.tsx"
"AcreOS borrower portal",2,1,"jsx-text","pages/borrower-portal.tsx"
"Loan progress",2,2,"jsx-text","pages/borrower-portal.tsx"
"Dismiss portal upgrade notice",2,1,"prop:aria-label|prop:label","pages/borrower-portal.tsx"
"Conversation with your lender",2,1,"prop:aria-label|prop:label","pages/borrower-portal.tsx"
"Primary actions",2,1,"prop:aria-label|prop:label","pages/borrower-portal.tsx"
"30 days",2,2,"jsx-text","pages/buyer-analytics.tsx"
"90 days",2,2,"jsx-text","pages/buyer-analytics.tsx"
"Presented",2,1,"jsx-text|prop:label","pages/buyer-analytics.tsx"
"Interested",2,1,"jsx-text|prop:label","pages/buyer-analytics.tsx"
"Buyer analytics",2,2,"jsx-text|prop:label","pages/buyer-analytics.tsx"
"Recipients",2,1,"jsx-text","pages/buyer-blasts.tsx"
"Replied",2,2,"jsx-text","pages/buyer-blasts.tsx"
"Match",2,2,"jsx-text","pages/buyer-blasts.tsx"
"Active buyers",2,1,"jsx-text","pages/buyer-network.tsx"
"Avg match score",2,2,"jsx-text","pages/buyer-network.tsx"
"Listings with matched buyers",2,1,"prop:aria-label|prop:label","pages/buyer-network.tsx"
"Refresh buyer network data",2,1,"prop:aria-label|prop:label","pages/buyer-network.tsx"
"Demand score legend",2,1,"prop:aria-label|prop:label","pages/buyer-network.tsx"
"Qualified",2,2,"jsx-text","pages/buyer-qualification.tsx"
"Qualified buyers",2,1,"prop:aria-label|prop:label","pages/buyer-qualification.tsx"
"High-risk buyers",2,1,"prop:aria-label|prop:label","pages/buyer-qualification.tsx"
"Marketing hub",2,1,"jsx-text","pages/campaigns.tsx"
"Property type",2,2,"jsx-text","pages/capital-markets.tsx"
"Raw land",2,2,"jsx-text","pages/capital-markets.tsx"
"Securitization wizard steps",2,1,"prop:aria-label|prop:label","pages/capital-markets.tsx"
"Active securitization offerings",2,1,"prop:aria-label|prop:label","pages/capital-markets.tsx"
"Filtered lender network",2,1,"prop:aria-label|prop:label","pages/capital-markets.tsx"
"Active capital-raise campaigns",2,1,"prop:aria-label|prop:label","pages/capital-markets.tsx"
"Projected income",2,1,"jsx-text","pages/cash-flow.tsx"
"Net cash flow",2,2,"jsx-text","pages/cash-flow.tsx"
"Risk factors",2,1,"prop:aria-label|prop:label","pages/cash-flow.tsx"
"AI insights",2,1,"prop:aria-label|prop:label","pages/cash-flow.tsx"
"Historical forecast comparisons",2,1,"prop:aria-label|prop:label","pages/cash-flow.tsx"
"All tiers",2,1,"jsx-text|prop:placeholder","pages/certification-leaderboard.tsx"
"Points",2,1,"jsx-text","pages/certification-leaderboard.tsx"
"You",2,2,"jsx-text|prop:description","pages/certification-leaderboard.tsx"
"1st place",2,1,"prop:aria-label|prop:label","pages/certification-leaderboard.tsx"
"2nd place",2,1,"prop:aria-label|prop:label","pages/certification-leaderboard.tsx"
"3rd place",2,1,"prop:aria-label|prop:label","pages/certification-leaderboard.tsx"
"Top achievers podium",2,1,"prop:aria-label|prop:label","pages/certification-leaderboard.tsx"
"Loading leaderboard",2,1,"prop:aria-label|prop:label","pages/certification-leaderboard.tsx"
"Certification leaderboard rankings",2,1,"prop:aria-label|prop:label","pages/certification-leaderboard.tsx"
"This is you",2,1,"prop:aria-label|prop:label","pages/certification-leaderboard.tsx"
"Share your rank on LinkedIn",2,1,"prop:aria-label|prop:label","pages/certification-leaderboard.tsx"
"Loading your progress",2,1,"prop:aria-label|prop:label","pages/certification-leaderboard.tsx"
"Certification tier requirements",2,1,"prop:aria-label|prop:label","pages/certification-leaderboard.tsx"
"Certification tiers",2,1,"prop:aria-label|prop:label","pages/certification-requirements.tsx"
"Tier achieved",2,1,"prop:aria-label|prop:label","pages/certification-requirements.tsx"
"Changelog entries",2,1,"prop:aria-label|prop:label","pages/changelog.tsx"
"Special notes for this county",2,1,"prop:aria-label|prop:label","pages/closing-costs.tsx"
"Loading cohorts",2,1,"prop:aria-label|prop:label","pages/cohort-analysis.tsx"
"Run Due Diligence",2,1,"jsx-text","pages/command-center.tsx"
"Get Price Recommendation",2,1,"jsx-text","pages/command-center.tsx"
"Enter property ID…",2,1,"prop:placeholder","pages/command-center.tsx"
"AI settings",2,1,"prop:aria-label|prop:label","pages/command-center.tsx"
"Outstanding",2,1,"jsx-text","pages/commissions.tsx"
"Loading agent summaries",2,1,"prop:aria-label|prop:label","pages/commissions.tsx"
"Commission summary by agent",2,1,"prop:aria-label|prop:label","pages/commissions.tsx"
"All commission records",2,1,"prop:aria-label|prop:label","pages/commissions.tsx"
"Commission tier configuration",2,1,"prop:aria-label|prop:label","pages/commissions.tsx"
"Loading tier configuration",2,1,"prop:aria-label|prop:label","pages/commissions.tsx"
"Alerts",2,2,"jsx-text","pages/compliance.tsx"
"Active rules",2,2,"jsx-text","pages/compliance.tsx"
"Acknowledged",2,1,"prop:aria-label|prop:label","pages/compliance.tsx"
"Compliance alerts",2,1,"prop:aria-label|prop:label","pages/compliance.tsx"
"Active compliance rules",2,1,"prop:aria-label|prop:label","pages/compliance.tsx"
"Upcoming compliance deadlines, soonest first",2,1,"prop:aria-label|prop:label","pages/compliance.tsx"
"Past deadlines this year",2,1,"prop:aria-label|prop:label","pages/compliance.tsx"
"Past",2,1,"prop:aria-label|prop:label","pages/compliance.tsx"
"Active anomalies",2,2,"jsx-text","pages/conscious-organization.tsx"
"Take heartbeat snapshot",2,1,"prop:aria-label|prop:label","pages/conscious-organization.tsx"
"Live nervous-system event feed",2,1,"prop:aria-label|prop:label","pages/conscious-organization.tsx"
"Auto-detect context mode",2,1,"prop:aria-label|prop:label","pages/conscious-organization.tsx"
"Force context mode",2,1,"prop:aria-label|prop:label","pages/conscious-organization.tsx"
"Blocked",2,2,"jsx-text","pages/contractor-1099-nec.tsx"
"Response",2,2,"jsx-text","pages/counties.tsx"
"Median home value",2,2,"jsx-text","pages/counties.tsx"
"Select status",2,2,"prop:placeholder","pages/counties.tsx"
"Select priority",2,2,"prop:placeholder","pages/counties.tsx"
"Clerk contact",2,1,"jsx-text","pages/county-detail.tsx"
"General notes",2,1,"jsx-text","pages/county-detail.tsx"
"Top aging leads",2,1,"prop:aria-label|prop:label","pages/dashboard.tsx"
"Inventory status legend",2,1,"prop:aria-label|prop:label","pages/dashboard.tsx"
"Deal stages from leads to closed",2,1,"prop:aria-label|prop:label","pages/dashboard.tsx"
"Data export",2,1,"jsx-text|prop:label","pages/data-export.tsx"
"Available data exports",2,1,"prop:aria-label|prop:label","pages/data-export.tsx"
"Download full account archive as ZIP",2,1,"prop:aria-label|prop:label","pages/data-export.tsx"
"Exported",2,1,"prop:aria-label|prop:label","pages/data-export.tsx"
"Import data",2,1,"jsx-text|prop:label","pages/data-import.tsx"
"Model accuracy",2,2,"jsx-text","pages/data-moat-dashboard.tsx"
"Partner",2,2,"jsx-text","pages/data-moat-dashboard.tsx"
"Model accuracy: MAE on left axis, MAPE percent on right, 12 months of data",2,1,"prop:aria-label|prop:label","pages/data-moat-dashboard.tsx"
"Data coverage by US state",2,1,"prop:aria-label|prop:label","pages/data-moat-dashboard.tsx"
"Issue a new API partner key",2,1,"prop:aria-label|prop:label","pages/data-moat-dashboard.tsx"
"Deal not found",2,1,"prop:title","pages/deal-detail.tsx"
"Refresh deal feed",2,1,"prop:aria-label|prop:label","pages/deal-feed.tsx"
"= 80) return",2,2,"jsx-text","pages/deal-hunter.tsx"
"Min distress score",2,1,"jsx-text","pages/deal-hunter.tsx"
"40+ moderate",2,1,"jsx-text","pages/deal-hunter.tsx"
"60+ warm",2,1,"jsx-text","pages/deal-hunter.tsx"
"80+ hot",2,1,"jsx-text","pages/deal-hunter.tsx"
"Counties (comma-separated)",2,2,"jsx-text","pages/deal-hunter.tsx"
"Tax lien",2,1,"jsx-text","pages/deal-hunter.tsx"
"Tax deed",2,1,"jsx-text","pages/deal-hunter.tsx"
"Auction",2,1,"jsx-text","pages/deal-hunter.tsx"
"Base URL",2,2,"jsx-text","pages/deal-hunter.tsx"
"e.g. 50000",2,2,"prop:placeholder","pages/deal-hunter.tsx"
"Scrape all configured sources",2,1,"prop:aria-label|prop:label","pages/deal-hunter.tsx"
"Bulk-convert actions",2,1,"prop:aria-label|prop:label","pages/deal-hunter.tsx"
"Clear new-deal counter",2,1,"prop:aria-label|prop:label","pages/deal-hunter.tsx"
"Failed (",2,2,"jsx-text","pages/deal-patterns.tsx"
"Avg success rate",2,2,"jsx-text","pages/deal-patterns.tsx"
"Top performing deal patterns by match count",2,1,"prop:aria-label|prop:label","pages/deal-patterns.tsx"
"Outcome legend",2,1,"prop:aria-label|prop:label","pages/deal-patterns.tsx"
"Search (auto-runs as you type)",2,1,"prop:aria-label|prop:label","pages/deal-patterns.tsx"
"Pattern insights",2,1,"prop:aria-label|prop:label","pages/deal-patterns.tsx"
"Back to AcreOS",2,2,"jsx-text","pages/deal-room-share.tsx"
"Privacy policy",2,2,"jsx-text","pages/deal-room-share.tsx"
"Industrial",2,2,"jsx-text","pages/deal-underwriting.tsx"
"Recreational",2,2,"jsx-text","pages/deal-underwriting.tsx"
"Utilities",2,2,"jsx-text","pages/deal-underwriting.tsx"
"Running scenario analysis…",2,1,"jsx-text","pages/deal-underwriting.tsx"
"Total invested",2,2,"jsx-text","pages/deal-underwriting.tsx"
"Exit strategy options",2,1,"prop:aria-label|prop:label","pages/deal-underwriting.tsx"
"Identified risk factors",2,1,"prop:aria-label|prop:label","pages/deal-underwriting.tsx"
"Pipeline view mode",2,1,"prop:aria-label|prop:label","pages/deals.tsx"
"Kanban view",2,1,"prop:aria-label|prop:label","pages/deals.tsx"
"Previous stage",2,1,"prop:aria-label|prop:label","pages/deals.tsx"
"Next stage",2,1,"prop:aria-label|prop:label","pages/deals.tsx"
"Jump to stage",2,1,"prop:aria-label|prop:label","pages/deals.tsx"
"Deal type",2,1,"prop:aria-label|prop:label","pages/deals.tsx"
"Deals waiting on counter",2,1,"prop:aria-label|prop:label","pages/decision-queue.tsx"
"Deals stuck in stage",2,1,"prop:aria-label|prop:label","pages/decision-queue.tsx"
"Open AI hub for a full Pax conversation",2,1,"prop:aria-label|prop:label","pages/decision-queue.tsx"
"Depreciation schedule",2,1,"prop:aria-label|prop:label","pages/depreciation-calculator.tsx"
"All leads",2,2,"jsx-text","pages/direct-mail-campaigns.tsx"
"Hot leads",2,2,"jsx-text","pages/direct-mail-campaigns.tsx"
"Direct mail campaigns",2,1,"prop:aria-label|prop:label","pages/direct-mail-campaigns.tsx"
"Deed",2,2,"jsx-text","pages/document-intelligence.tsx"
"Extracted key terms",2,1,"prop:aria-label|prop:label","pages/document-intelligence.tsx"
"Search results",2,1,"prop:aria-label|prop:label","pages/document-intelligence.tsx"
"Documents with version history",2,1,"prop:aria-label|prop:label","pages/document-versions.tsx"
"Versions, newest first",2,1,"prop:aria-label|prop:label","pages/document-versions.tsx"
"Link to deal (optional)",2,1,"jsx-text","pages/documents.tsx"
"Link to property (optional)",2,1,"jsx-text","pages/documents.tsx"
"No templates yet",2,2,"prop:title","pages/documents.tsx"
"Filter templates",2,1,"prop:aria-label|prop:label","pages/documents.tsx"
"Compliance findings",2,1,"prop:aria-label|prop:label","pages/dodd-frank-checker.tsx"
"Drip sequences",2,1,"prop:aria-label|prop:label","pages/drip-sequences.tsx"
"Channels used",2,1,"prop:aria-label|prop:label","pages/drip-sequences.tsx"
"Active dunning cases",2,1,"prop:aria-label|prop:label","pages/dunning-manager.tsx"
"Wire fraud prevention reminder",2,1,"prop:aria-label|prop:label","pages/earnest-money.tsx"
"Priority:",2,2,"jsx-text","pages/event-log.tsx"
"Dead letter",2,2,"jsx-text","pages/event-log.tsx"
"Active subscriptions",2,2,"jsx-text","pages/event-log.tsx"
"Recent events, newest first",2,1,"prop:aria-label|prop:label","pages/event-log.tsx"
"Active 1031 exchanges",2,1,"prop:aria-label|prop:label","pages/exchange-1031.tsx"
"Replacement properties ranked by match score",2,1,"prop:aria-label|prop:label","pages/exchange-1031.tsx"
"Best match",2,1,"prop:aria-label|prop:label","pages/exchange-1031.tsx"
"Organizations by tier",2,1,"prop:aria-label|prop:label","pages/executive-dashboard.tsx"
"Executive dashboard",2,1,"prop:label","pages/executive-dashboard.tsx"
"Fee ledger",2,1,"prop:aria-label|prop:label","pages/fee-dashboard.tsx"
"Owner Name",2,2,"jsx-text","pages/field-scout.tsx"
"Owner name",2,2,"jsx-text|prop:placeholder","pages/field-scout.tsx"
"Stop voice recording",2,1,"prop:aria-label|prop:label","pages/field-scout.tsx"
"Start voice recording",2,1,"prop:aria-label|prop:label","pages/field-scout.tsx"
"Quick-add new lead",2,1,"prop:aria-label|prop:label","pages/field-scout.tsx"
"Borrower",2,2,"jsx-text","pages/finance.tsx"
"Term",2,2,"jsx-text|prop:label","pages/finance.tsx"
"Open borrower portal (opens in new tab)",2,1,"prop:aria-label|prop:label","pages/finance.tsx"
"View note details",2,1,"prop:aria-label|prop:label","pages/finance.tsx"
"Close note details",2,1,"prop:aria-label|prop:label","pages/finance.tsx"
"Copy payment link to clipboard",2,1,"prop:aria-label|prop:label","pages/finance.tsx"
"Late",2,1,"prop:aria-label|prop:label","pages/finance.tsx"
"Projected income by source",2,1,"prop:aria-label|prop:label","pages/forecasting.tsx"
"Window selection",2,1,"prop:aria-label|prop:label","pages/founder/activation.tsx"
"No AI spend in the last 7 days.",2,1,"jsx-text","pages/founder/ai-costs.tsx"
"AI cost observability",2,1,"jsx-text|prop:label","pages/founder/ai-costs.tsx"
"7-day spend sparkline",2,1,"prop:aria-label|prop:label","pages/founder/ai-costs.tsx"
"Cost by feature stacked bar",2,1,"prop:aria-label|prop:label","pages/founder/ai-costs.tsx"
"Tokens",2,2,"jsx-text","pages/founder/ai-observatory.tsx"
"Model ID",2,2,"jsx-text","pages/founder/ai-observatory.tsx"
"Telemetry",2,1,"prop:aria-label|prop:label","pages/founder/bridge.tsx"
"Open thread list",2,1,"prop:aria-label|prop:label","pages/founder/chat.tsx"
"View legacy dashboard",2,1,"prop:aria-label|prop:label","pages/founder/chat.tsx"
"CMO ad engine",2,1,"jsx-text|prop:label","pages/founder/cmo.tsx"
"Cockpit",2,1,"jsx-text|prop:label","pages/founder/cockpit.tsx"
"Run optimiser now",2,1,"prop:aria-label|prop:label","pages/founder/cost-optimizer.tsx"
"Cost optimiser",2,2,"jsx-text|prop:label","pages/founder/cost-optimizer.tsx"
"Profit margin",2,2,"jsx-text|prop:label","pages/founder/cost-optimizer.tsx"
"Replay record",2,1,"prop:aria-label|prop:label","pages/founder/etl.tsx"
"Support",2,2,"jsx-text","pages/founder/feedback-inbox.tsx"
"Error rate",2,2,"jsx-text|prop:label","pages/founder/inspector/provider.tsx"
"System API keys",2,1,"jsx-text|prop:label","pages/founder/keys.tsx"
"e.g. 42",2,2,"prop:placeholder","pages/founder/legal-holds.tsx"
"Place legal hold",2,1,"prop:aria-label|prop:label","pages/founder/legal-holds.tsx"
"Now",2,1,"jsx-text|prop:label","pages/founder/now.tsx"
"Observability cost",2,1,"jsx-text|prop:label","pages/founder/observability-cost.tsx"
"Run auto-promotion",2,1,"prop:aria-label|prop:label","pages/founder/prompt-versions.tsx"
"Find user",2,1,"jsx-text","pages/founder/recovery-console.tsx"
"Justification (audit-logged)",2,1,"jsx-text","pages/founder/recovery-console.tsx"
"Organization id (numeric)",2,1,"jsx-text","pages/founder/recovery-console.tsx"
"organizations.ownerId",2,1,"jsx-text","pages/founder/recovery-console.tsx"
"Clear selected user",2,1,"prop:aria-label|prop:label","pages/founder/recovery-console.tsx"
"User search query",2,1,"prop:aria-label|prop:label","pages/founder/recovery-console.tsx"
"Admin session id to preserve",2,1,"prop:aria-label|prop:label","pages/founder/recovery-console.tsx"
"Revoke all other sessions",2,1,"prop:aria-label|prop:label","pages/founder/recovery-console.tsx"
"Cancel revoke",2,1,"prop:aria-label|prop:label","pages/founder/recovery-console.tsx"
"Confirm revoke session",2,1,"prop:aria-label|prop:label","pages/founder/recovery-console.tsx"
"Cancel bulk revoke",2,1,"prop:aria-label|prop:label","pages/founder/recovery-console.tsx"
"Confirm bulk revoke",2,1,"prop:aria-label|prop:label","pages/founder/recovery-console.tsx"
"Begin 2FA reset workflow",2,1,"prop:aria-label|prop:label","pages/founder/recovery-console.tsx"
"Identity proof type",2,1,"prop:aria-label|prop:label","pages/founder/recovery-console.tsx"
"Proof reference id",2,1,"prop:aria-label|prop:label","pages/founder/recovery-console.tsx"
"Justification text",2,1,"prop:aria-label|prop:label","pages/founder/recovery-console.tsx"
"Confirm identity verified",2,1,"prop:aria-label|prop:label","pages/founder/recovery-console.tsx"
"Cancel 2FA reset",2,1,"prop:aria-label|prop:label","pages/founder/recovery-console.tsx"
"Previous step",2,1,"prop:aria-label|prop:label","pages/founder/recovery-console.tsx"
"Next step",2,1,"prop:aria-label|prop:label","pages/founder/recovery-console.tsx"
"Confirm 2FA reset",2,1,"prop:aria-label|prop:label","pages/founder/recovery-console.tsx"
"Generated reset link",2,1,"prop:aria-label|prop:label","pages/founder/recovery-console.tsx"
"Copy reset link to clipboard",2,1,"prop:aria-label|prop:label","pages/founder/recovery-console.tsx"
"Cancel link generation",2,1,"prop:aria-label|prop:label","pages/founder/recovery-console.tsx"
"Confirm link generation",2,1,"prop:aria-label|prop:label","pages/founder/recovery-console.tsx"
"Freeze until date",2,1,"prop:aria-label|prop:label","pages/founder/recovery-console.tsx"
"Freeze reason",2,1,"prop:aria-label|prop:label","pages/founder/recovery-console.tsx"
"Cancel freeze",2,1,"prop:aria-label|prop:label","pages/founder/recovery-console.tsx"
"Confirm freeze autopay",2,1,"prop:aria-label|prop:label","pages/founder/recovery-console.tsx"
"New owner user id",2,1,"prop:aria-label|prop:label","pages/founder/recovery-console.tsx"
"Court document file",2,1,"prop:aria-label|prop:label","pages/founder/recovery-console.tsx"
"Court document S3 key",2,1,"prop:aria-label|prop:label","pages/founder/recovery-console.tsx"
"Transfer justification",2,1,"prop:aria-label|prop:label","pages/founder/recovery-console.tsx"
"Transfer ownership",2,1,"prop:aria-label|prop:label","pages/founder/recovery-console.tsx"
"Cancel transfer",2,1,"prop:aria-label|prop:label","pages/founder/recovery-console.tsx"
"Confirm ownership transfer",2,1,"prop:aria-label|prop:label","pages/founder/recovery-console.tsx"
"JSON value",2,1,"prop:aria-label|prop:label","pages/founder/studio/dials.tsx"
"Move up",2,1,"prop:aria-label|prop:label","pages/founder/studio/routing.tsx"
"Move down",2,1,"prop:aria-label|prop:label","pages/founder/studio/routing.tsx"
"Remove item",2,1,"prop:aria-label|prop:label","pages/founder/studio/routing.tsx"
"Co-marketing enabled",2,1,"prop:aria-label|prop:label","pages/founder/studio/routing.tsx"
"Tracking pool size",2,1,"prop:aria-label|prop:label","pages/founder/studio/routing.tsx"
"BYOK precedence",2,1,"prop:aria-label|prop:label","pages/founder/studio/routing.tsx"
"Free source first",2,1,"prop:aria-label|prop:label","pages/founder/studio/routing.tsx"
"Enforce prompt cache",2,1,"prop:aria-label|prop:label","pages/founder/studio/routing.tsx"
"Studio",2,1,"jsx-text|prop:label","pages/founder/studio.tsx"
"2xx",2,1,"jsx-text","pages/founder/telemetry.tsx"
"4xx",2,1,"jsx-text","pages/founder/telemetry.tsx"
"5xx",2,1,"jsx-text","pages/founder/telemetry.tsx"
"Webhook URL",2,2,"jsx-text","pages/founder/title-partners.tsx"
"Territory",2,2,"jsx-text","pages/founder/title-partners.tsx"
"Register title partner",2,1,"prop:aria-label|prop:label","pages/founder/title-partners.tsx"
"r.profitMarginUsd",2,2,"jsx-text","pages/founder/unit-economics.tsx"
"Per-customer unit economics",2,1,"jsx-text|prop:label","pages/founder/unit-economics.tsx"
"Customer",2,1,"jsx-text","pages/founder/unit-economics.tsx"
"Detail",2,2,"jsx-text","pages/founder/unit-economics.tsx"
"MRR / COGS / Gross margin trend over the last 90 days",2,1,"prop:aria-label|prop:label","pages/founder/unit-economics.tsx"
"Refresh unit economics rollup",2,1,"prop:aria-label|prop:label","pages/founder/unit-economics.tsx"
"Automated agents",2,1,"prop:aria-label|prop:label","pages/founder-agents.tsx"
"Denied",2,2,"jsx-text","pages/founder-ai-observatory.tsx"
"Avg latency",2,2,"jsx-text|prop:title","pages/founder-ai-observatory.tsx"
"Mark this decision as a good call",2,1,"prop:aria-label|prop:label","pages/founder-ai-observatory.tsx"
"Flag this decision — I",2,1,"prop:aria-label|prop:label","pages/founder-ai-observatory.tsx"
"Loading proposals",2,1,"prop:aria-label|prop:label","pages/founder-ai-observatory.tsx"
"Loading model catalog",2,1,"prop:aria-label|prop:label","pages/founder-ai-observatory.tsx"
"Compliance & Ops",2,1,"jsx-text|prop:label","pages/founder-compliance-ops.tsx"
"Within SLA",2,1,"jsx-text|prop:label","pages/founder-compliance-ops.tsx"
"Divergent",2,1,"jsx-text|prop:label","pages/founder-compliance-ops.tsx"
"Daily digest sections",2,1,"prop:aria-label|prop:label","pages/founder-daily-digest.tsx"
"Items that need your attention",2,1,"prop:aria-label|prop:label","pages/founder-daily-digest.tsx"
"Uptime",2,1,"jsx-text","pages/founder-dashboard.tsx"
"Campaign Optimizer",2,1,"jsx-text","pages/founder-dashboard.tsx"
"Finance Agent",2,1,"jsx-text","pages/founder-dashboard.tsx"
"API Queue",2,1,"jsx-text","pages/founder-dashboard.tsx"
"No organizations in dunning",2,1,"jsx-text","pages/founder-dashboard.tsx"
"Organizations by Tier",2,1,"jsx-text","pages/founder-dashboard.tsx"
"Downgrades (30d)",2,1,"jsx-text","pages/founder-dashboard.tsx"
"Reactivations (30d)",2,1,"jsx-text","pages/founder-dashboard.tsx"
"Added",2,2,"jsx-text","pages/founder-dashboard.tsx"
"Free",2,2,"jsx-text","pages/founder-dashboard.tsx"
"Failed:",2,1,"jsx-text","pages/founder-dashboard.tsx"
"Keyboard",2,1,"prop:aria-label|prop:label","pages/founder-dashboard.tsx"
"Loading auto-resolutions",2,1,"prop:aria-label|prop:label","pages/founder-dashboard.tsx"
"Loading scheduled jobs",2,1,"prop:aria-label|prop:label","pages/founder-dashboard.tsx"
"Monthly revenue target in USD",2,1,"prop:aria-label|prop:label","pages/founder-dashboard.tsx"
"Founder dashboard sections",2,1,"prop:aria-label|prop:label","pages/founder-dashboard.tsx"
"Refresh all",2,1,"prop:aria-label|prop:label","pages/founder-dashboard.tsx"
"Acknowledge alert",2,1,"prop:aria-label|prop:label","pages/founder-dashboard.tsx"
"Resolve alert",2,1,"prop:aria-label|prop:label","pages/founder-dashboard.tsx"
"Approve endpoint",2,1,"prop:aria-label|prop:label","pages/founder-dashboard.tsx"
"Autopilot status",2,1,"prop:aria-label|prop:label","pages/founder-dashboard.tsx"
"Send",2,1,"prop:aria-label|prop:label","pages/founder-dashboard.tsx"
"Founder dashboard",2,1,"prop:label","pages/founder-dashboard.tsx"
"Run expansion scan now",2,1,"prop:aria-label|prop:label","pages/founder-expansion.tsx"
"Active expansion candidates",2,1,"prop:aria-label|prop:label","pages/founder-expansion.tsx"
"Resolved expansion candidates",2,1,"prop:aria-label|prop:label","pages/founder-expansion.tsx"
"Create new experiment",2,1,"prop:aria-label|prop:label","pages/founder-experiments.tsx"
"Experiment variants",2,1,"prop:aria-label|prop:label","pages/founder-experiments.tsx"
"Leading variant",2,1,"prop:aria-label|prop:label","pages/founder-experiments.tsx"
"Period (YYYY-MM)",2,1,"prop:aria-label|prop:label","pages/founder-financials.tsx"
"System health",2,2,"jsx-text|prop:title","pages/founder-home.tsx"
"Top items in the founder decision queue",2,1,"prop:aria-label|prop:label","pages/founder-home.tsx"
"Recent customer events",2,1,"prop:aria-label|prop:label","pages/founder-home.tsx"
"Loading archive…",2,2,"jsx-text","pages/founder-letter.tsx"
"No previous letters yet.",2,2,"jsx-text","pages/founder-letter.tsx"
"No letter yet",2,2,"prop:title","pages/founder-letter.tsx"
"Founder decision required",2,1,"prop:aria-label|prop:label","pages/founder-letter.tsx"
"Previous founder letters, newest first",2,1,"prop:aria-label|prop:label","pages/founder-letter.tsx"
"Sweep all onboarding journeys now",2,1,"prop:aria-label|prop:label","pages/founder-onboarding.tsx"
"Flagged onboarding journeys needing a call",2,1,"prop:aria-label|prop:label","pages/founder-onboarding.tsx"
"Onboarding journeys in progress",2,1,"prop:aria-label|prop:label","pages/founder-onboarding.tsx"
"Completed onboarding journeys",2,1,"prop:aria-label|prop:label","pages/founder-onboarding.tsx"
"In progress",2,2,"jsx-text|prop:label","pages/founder-onboarding.tsx"
"Pending actions awaiting commit",2,1,"prop:aria-label|prop:label","pages/founder-preview.tsx"
"Recent autonomous actions",2,1,"prop:aria-label|prop:label","pages/founder-preview.tsx"
"Run the prompt-evolution meta-agent now",2,1,"prop:aria-label|prop:label","pages/founder-prompt-evolutions.tsx"
"Pending prompt-evolution proposals",2,1,"prop:aria-label|prop:label","pages/founder-prompt-evolutions.tsx"
"Lookups",2,1,"jsx-text","pages/founder-providers.tsx"
"Per-provider summary",2,1,"prop:aria-label|prop:label","pages/founder-providers.tsx"
"Per-category summary",2,1,"prop:aria-label|prop:label","pages/founder-providers.tsx"
"Run weekly proposal pass now",2,1,"prop:aria-label|prop:label","pages/founder-strategy.tsx"
"Run monthly synthesis now",2,1,"prop:aria-label|prop:label","pages/founder-strategy.tsx"
"Synthesized strategic moves",2,1,"prop:aria-label|prop:label","pages/founder-strategy.tsx"
"Weekly raw strategic proposals",2,1,"prop:aria-label|prop:label","pages/founder-strategy.tsx"
"Auto-resolve candidate items",2,1,"prop:aria-label|prop:label","pages/founder-todo.tsx"
"Items waiting on your decision",2,1,"prop:aria-label|prop:label","pages/founder-todo.tsx"
"Recent agent traces",2,1,"prop:aria-label|prop:label","pages/founder-traces.tsx"
"System trend signals",2,1,"prop:aria-label|prop:label","pages/founder-trends.tsx"
"Freedom date",2,1,"jsx-text","pages/freedom-meter.tsx"
"Daily wisdom",2,1,"prop:aria-label|prop:label","pages/freedom-meter.tsx"
"Monthly fixed expenses in dollars",2,1,"prop:aria-label|prop:label","pages/freedom-meter.tsx"
"Save expenses",2,1,"prop:aria-label|prop:label","pages/freedom-meter.tsx"
"Edit expenses",2,1,"prop:aria-label|prop:label","pages/freedom-meter.tsx"
"Freedom meter sections",2,1,"prop:aria-label|prop:label","pages/freedom-meter.tsx"
"Start Blind Offer Wizard",2,1,"prop:aria-label|prop:label","pages/freedom-meter.tsx"
"Open dunning manager",2,1,"prop:aria-label|prop:label","pages/freedom-meter.tsx"
"Jump to letter",2,1,"prop:aria-label|prop:label","pages/glossary.tsx"
"No goals yet",2,2,"jsx-text|prop:title","pages/goals.tsx"
"Loading goals",2,1,"prop:aria-label|prop:label","pages/goals.tsx"
"Your goals",2,1,"prop:aria-label|prop:label","pages/goals.tsx"
"Regenerate Pax draft",2,1,"prop:aria-label|prop:label","pages/inbox.tsx"
"Reply message",2,1,"prop:aria-label|prop:label","pages/inbox.tsx"
"SMS message",2,1,"prop:aria-label|prop:label","pages/inbox.tsx"
"Search messages",2,1,"prop:aria-label|prop:label","pages/inbox.tsx"
"Invalid id",2,2,"jsx-text","pages/inspection-detail.tsx"
"Tenant",2,2,"jsx-text","pages/inspection-detail.tsx"
"Remove line",2,1,"prop:aria-label|prop:label","pages/inspection-detail.tsx"
"Refresh integration status",2,1,"prop:aria-label|prop:label","pages/integrations-health.tsx"
"External services",2,1,"prop:aria-label|prop:label","pages/integrations-health.tsx"
"Cap rate",2,1,"jsx-text","pages/investor-analytics.tsx"
"Portfolio analytics",2,2,"jsx-text|prop:label","pages/investor-analytics.tsx"
"Unverified",2,2,"jsx-text","pages/investor-directory.tsx"
"Investment focus",2,1,"jsx-text","pages/investor-directory.tsx"
"Loading your profile",2,1,"prop:aria-label|prop:label","pages/investor-directory.tsx"
"Identity verified",2,1,"prop:aria-label|prop:label","pages/investor-directory.tsx"
"Identity not yet verified",2,1,"prop:aria-label|prop:label","pages/investor-directory.tsx"
"Investment focus areas",2,1,"prop:aria-label|prop:label","pages/investor-directory.tsx"
"Directory shows verified investors only",2,1,"prop:aria-label|prop:label","pages/investor-directory.tsx"
"Loading directory",2,1,"prop:aria-label|prop:label","pages/investor-directory.tsx"
"Verified investor directory",2,1,"prop:aria-label|prop:label","pages/investor-directory.tsx"
"Verification benefits",2,1,"prop:aria-label|prop:label","pages/investor-directory.tsx"
"Latest run per job",2,1,"prop:aria-label|prop:label","pages/job-health.tsx"
"Status filter",2,1,"prop:aria-label|prop:label","pages/job-health.tsx"
"Recent job runs, newest first",2,1,"prop:aria-label|prop:label","pages/job-health.tsx"
"Portfolio overview",2,2,"jsx-text","pages/land-credit.tsx"
"Feature importance",2,2,"jsx-text","pages/land-credit.tsx"
"Score factors",2,1,"prop:aria-label|prop:label","pages/land-credit.tsx"
"Loading score history",2,1,"prop:aria-label|prop:label","pages/land-credit.tsx"
"Dimension scores with weights",2,1,"prop:aria-label|prop:label","pages/land-credit.tsx"
"Score strengths",2,1,"prop:aria-label|prop:label","pages/land-credit.tsx"
"Score weaknesses",2,1,"prop:aria-label|prop:label","pages/land-credit.tsx"
"Recommendations to improve score",2,1,"prop:aria-label|prop:label","pages/land-credit.tsx"
"Loading portfolio distribution",2,1,"prop:aria-label|prop:label","pages/land-credit.tsx"
"Grade distribution across portfolio",2,1,"prop:aria-label|prop:label","pages/land-credit.tsx"
"Properties by risk level",2,1,"prop:aria-label|prop:label","pages/land-credit.tsx"
"Scoring factors and their weights",2,1,"prop:aria-label|prop:label","pages/land-credit.tsx"
"Result:",2,1,"jsx-text","pages/landing/DayInLife.tsx"
"Resources",2,2,"jsx-text","pages/landing/Footer.tsx"
"Back to top",2,1,"prop:aria-label|prop:label","pages/landing/Footer.tsx"
"Primary",2,1,"prop:aria-label|prop:label","pages/landing/LandingNav.tsx"
"AcreOS home",2,1,"prop:aria-label|prop:label","pages/landing/LandingNav.tsx"
"Who AcreOS is for",2,1,"prop:aria-label|prop:label","pages/landing/Positioning.tsx"
"Billing cadence",2,1,"prop:aria-label|prop:label","pages/landing/Pricing.tsx"
"Lead not found",2,1,"prop:title","pages/lead-detail.tsx"
"Rescan for duplicates",2,1,"prop:aria-label|prop:label","pages/leads-dedupe.tsx"
"Scanning for duplicate leads",2,1,"prop:aria-label|prop:label","pages/leads-dedupe.tsx"
"Score History",2,1,"jsx-text","pages/leads.tsx"
"All assignees",2,1,"jsx-text","pages/leads.tsx"
"Contacting",2,1,"jsx-text","pages/leads.tsx"
"Negotiation",2,1,"jsx-text","pages/leads.tsx"
"Dead",2,1,"jsx-text","pages/leads.tsx"
"Max file size: 5 MB.",2,2,"jsx-text","pages/leads.tsx"
"Filter by stage",2,1,"prop:placeholder","pages/leads.tsx"
"Filter by assignee",2,1,"prop:placeholder","pages/leads.tsx"
"More actions",2,1,"prop:aria-label|prop:label","pages/leads.tsx"
"Toggle filters",2,1,"prop:aria-label|prop:label","pages/leads.tsx"
"Content Reveal",2,1,"prop:aria-label|prop:label","pages/leads.tsx"
"View notes and timeline",2,1,"prop:aria-label|prop:label","pages/leads.tsx"
"CSV preview",2,1,"prop:aria-label|prop:label","pages/leads.tsx"
"State *",2,2,"jsx-text","pages/leases.tsx"
"Flags",2,2,"jsx-text","pages/leases.tsx"
"Active channels",2,2,"jsx-text","pages/listing-syndication.tsx"
"Loading syndication channels",2,1,"prop:aria-label|prop:label","pages/listing-syndication.tsx"
"Syndication channels",2,1,"prop:aria-label|prop:label","pages/listing-syndication.tsx"
"Synced",2,1,"prop:aria-label|prop:label","pages/listing-syndication.tsx"
"Sync error",2,1,"prop:aria-label|prop:label","pages/listing-syndication.tsx"
"Sync pending",2,1,"prop:aria-label|prop:label","pages/listing-syndication.tsx"
"Listings",2,1,"jsx-text|prop:label","pages/listings.tsx"
"Interest rate %",2,2,"jsx-text|prop:label","pages/listings.tsx"
"Inquiries",2,1,"jsx-text","pages/listings.tsx"
"Syndication platforms",2,2,"jsx-text","pages/listings.tsx"
"No listings yet",2,2,"jsx-text|prop:title","pages/listings.tsx"
"No photo available",2,1,"prop:aria-label|prop:label","pages/listings.tsx"
"Remove rule",2,1,"prop:aria-label|prop:label","pages/lot-pricing.tsx"
"Lot pricing",2,1,"prop:label","pages/lot-pricing.tsx"
"Search properties",2,2,"jsx-text","pages/maps.tsx"
"Close property intelligence panel",2,1,"prop:aria-label|prop:label","pages/maps.tsx"
"Map mode",2,1,"prop:aria-label|prop:label","pages/maps.tsx"
"Use my current location to add a property",2,1,"prop:aria-label|prop:label","pages/maps.tsx"
"Filter by property status",2,1,"prop:aria-label|prop:label","pages/maps.tsx"
"Minimum acres",2,1,"prop:aria-label|prop:label","pages/maps.tsx"
"Maximum acres",2,1,"prop:aria-label|prop:label","pages/maps.tsx"
"Land prices by state",2,1,"prop:aria-label|prop:label","pages/market-data.tsx"
"Price per acre",2,2,"jsx-text","pages/market-intelligence.tsx"
"Markets queued for comparison",2,1,"prop:aria-label|prop:label","pages/market-intelligence.tsx"
"Loading market analysis",2,1,"prop:aria-label|prop:label","pages/market-intelligence.tsx"
"Radar dimension scores",2,1,"prop:aria-label|prop:label","pages/market-intelligence.tsx"
"Market comparison results",2,1,"prop:aria-label|prop:label","pages/market-intelligence.tsx"
"e.g. Travis",2,2,"prop:placeholder","pages/market-watchlist.tsx"
"Add a county to watchlist",2,1,"prop:aria-label|prop:label","pages/market-watchlist.tsx"
"Watched counties",2,1,"prop:aria-label|prop:label","pages/market-watchlist.tsx"
"Market alerts, newest first",2,1,"prop:aria-label|prop:label","pages/market-watchlist.tsx"
"Bids",2,2,"jsx-text","pages/marketplace-analytics.tsx"
"Investor",2,2,"jsx-text","pages/marketplace-analytics.tsx"
"Verification",2,2,"jsx-text","pages/marketplace-analytics.tsx"
"Average days from listing to close, monthly",2,1,"prop:aria-label|prop:label","pages/marketplace-analytics.tsx"
"Top investors by reputation",2,1,"prop:aria-label|prop:label","pages/marketplace-analytics.tsx"
"Wholesale",2,1,"jsx-text","pages/marketplace.tsx"
"Assignment",2,1,"jsx-text","pages/marketplace.tsx"
"Retail",2,1,"jsx-text","pages/marketplace.tsx"
"All zoning",2,1,"jsx-text|prop:placeholder","pages/marketplace.tsx"
"Post a new deal to the marketplace",2,1,"prop:aria-label|prop:label","pages/marketplace.tsx"
"Clear all marketplace filters",2,1,"prop:aria-label|prop:label","pages/marketplace.tsx"
"Buyer ID (optional)",2,1,"jsx-text|prop:placeholder","pages/matching-engine.tsx"
"Top property-buyer matches",2,1,"prop:aria-label|prop:label","pages/matching-engine.tsx"
"Match reasons",2,1,"prop:aria-label|prop:label","pages/matching-engine.tsx"
"Memory tags",2,1,"prop:aria-label|prop:label","pages/memory-browser.tsx"
"Memory type descriptions",2,1,"prop:aria-label|prop:label","pages/memory-browser.tsx"
"Geographic coverage",2,1,"jsx-text","pages/model-training.tsx"
"Generated",2,2,"jsx-text|prop:label","pages/model-training.tsx"
"Run bulk valuations on all owned properties",2,1,"prop:aria-label|prop:label","pages/model-training.tsx"
"Feature importance ranking",2,1,"prop:aria-label|prop:label","pages/model-training.tsx"
"Recent training transactions",2,1,"prop:aria-label|prop:label","pages/model-training.tsx"
"Generate valuations for all owned properties",2,1,"prop:aria-label|prop:label","pages/model-training.tsx"
"Recent valuation predictions",2,1,"prop:aria-label|prop:label","pages/model-training.tsx"
"States with training data",2,1,"prop:aria-label|prop:label","pages/model-training.tsx"
"Portfolio",2,2,"jsx-text|prop:label","pages/money.tsx"
"Cross-vertical P&L",2,1,"jsx-text|prop:label","pages/multi-vertical-pnl.tsx"
"Costs",2,1,"jsx-text","pages/multi-vertical-pnl.tsx"
"Previous monthly letters, newest first",2,1,"prop:aria-label|prop:label","pages/my-letter.tsx"
"Neutral",2,2,"jsx-text|prop:label","pages/negotiation-copilot.tsx"
"Strategy",2,2,"jsx-text","pages/negotiation-copilot.tsx"
"Used",2,2,"jsx-text","pages/negotiation-copilot.tsx"
"Negotiation gap between asking and offer",2,1,"prop:aria-label|prop:label","pages/negotiation-copilot.tsx"
"Analysis actions for seller message",2,1,"prop:aria-label|prop:label","pages/negotiation-copilot.tsx"
"Sentiment indicators detected in message",2,1,"prop:aria-label|prop:label","pages/negotiation-copilot.tsx"
"Generate response with strategy",2,1,"prop:aria-label|prop:label","pages/negotiation-copilot.tsx"
"Suggested actions",2,1,"prop:aria-label|prop:label","pages/negotiation-copilot.tsx"
"Alternative counter offers",2,1,"prop:aria-label|prop:label","pages/negotiation-copilot.tsx"
"AI-generated response draft",2,1,"prop:aria-label|prop:label","pages/negotiation-copilot.tsx"
"Copy AI-generated response to clipboard",2,1,"prop:aria-label|prop:label","pages/negotiation-copilot.tsx"
"Deal ID to filter sessions",2,1,"prop:aria-label|prop:label","pages/negotiation-copilot.tsx"
"Strategy win rates",2,1,"prop:aria-label|prop:label","pages/negotiation-copilot.tsx"
"Strategy effectiveness rows",2,1,"prop:aria-label|prop:label","pages/negotiation-copilot.tsx"
"Open main dashboard",2,1,"prop:aria-label|prop:label","pages/night-cap.tsx"
"Active deals by pipeline stage",2,1,"prop:aria-label|prop:label","pages/night-cap.tsx"
"Top scored leads today",2,1,"prop:aria-label|prop:label","pages/night-cap.tsx"
"View all leads",2,1,"prop:aria-label|prop:label","pages/night-cap.tsx"
"Internal notes",2,2,"jsx-text","pages/note-acquisition-detail.tsx"
"Acquisition not found",2,1,"prop:title","pages/note-acquisition-detail.tsx"
"Face value (UPB)",2,2,"jsx-text|prop:label","pages/note-acquisition-detail.tsx"
"Proposed price",2,2,"jsx-text|prop:label","pages/note-acquisition-detail.tsx"
"Original lender",2,2,"prop:label","pages/note-acquisition-detail.tsx"
"Note not found",2,1,"prop:title","pages/note-detail.tsx"
"Loading note",2,1,"prop:aria-label|prop:label","pages/note-detail.tsx"
"Import note tape",2,1,"jsx-text|prop:label","pages/notes-import.tsx"
"Upload CSV tape: drop a file here or activate to browse",2,1,"prop:aria-label|prop:label","pages/notes-import.tsx"
"Note acquisition pipeline",2,1,"jsx-text|prop:label","pages/notes-pipeline.tsx"
"None",2,2,"jsx-text","pages/notes-pipeline.tsx"
"Recipient",2,2,"jsx-text","pages/notes-tax-readiness.tsx"
"Filter notes by status",2,1,"prop:aria-label|prop:label","pages/notes.tsx"
"Loading notes",2,1,"prop:aria-label|prop:label","pages/notes.tsx"
"Filter offers by status",2,1,"prop:aria-label|prop:label","pages/offers.tsx"
"Target percent of assessed value",2,1,"prop:aria-label|prop:label","pages/offers.tsx"
"Default template",2,1,"prop:aria-label|prop:label","pages/offers.tsx"
"Select or drop a CSV or XLSX file to import",2,1,"prop:aria-label|prop:label","pages/onboarding-v2.tsx"
"Portfolio file",2,1,"prop:aria-label|prop:label","pages/onboarding-v2.tsx"
"Portfolio file preview",2,1,"prop:aria-label|prop:label","pages/onboarding-v2.tsx"
"Autonomous deal machine settings",2,1,"prop:aria-label|prop:label","pages/onboarding-v2.tsx"
"Team roles you can invite",2,1,"prop:aria-label|prop:label","pages/onboarding-v2.tsx"
"Available integrations",2,1,"prop:aria-label|prop:label","pages/onboarding-v2.tsx"
"Deal workflows",2,1,"prop:aria-label|prop:label","pages/onboarding-v2.tsx"
"Ops dashboard",2,1,"jsx-text|prop:label","pages/ops-dashboard.tsx"
"Offers expiring within 7 days",2,1,"prop:aria-label|prop:label","pages/ops-dashboard.tsx"
"Leads needing follow-up",2,1,"prop:aria-label|prop:label","pages/ops-dashboard.tsx"
"Deal counts per pipeline stage",2,1,"prop:aria-label|prop:label","pages/ops-dashboard.tsx"
"Lead list selection",2,1,"prop:aria-label|prop:label","pages/outreach/mail/compose.tsx"
"Mail speed",2,1,"prop:aria-label|prop:label","pages/outreach/mail/compose.tsx"
"EDDM carrier-route map",2,1,"prop:aria-label|prop:label","pages/outreach/mail/eddm.tsx"
"Open layers panel",2,1,"prop:aria-label|prop:label","pages/outreach/mail/eddm.tsx"
"Shipment progress",2,1,"prop:aria-label|prop:label","pages/outreach/mail/in-flight.tsx"
"Outreach",2,2,"jsx-text","pages/outreach/mail/index.tsx"
"Mail workflow tabs",2,1,"prop:aria-label|prop:label","pages/outreach/mail/index.tsx"
"Shipments",2,1,"jsx-text","pages/outreach/mail/results.tsx"
"Campaign funnel",2,1,"prop:aria-label|prop:label","pages/outreach/mail/results.tsx"
"Due diligence",2,1,"jsx-text|prop:label","pages/parcel-detail.tsx"
"Subdivision",2,2,"jsx-text","pages/parcel-detail.tsx"
"Electric",2,2,"jsx-text|prop:label","pages/parcel-detail.tsx"
"Sewer",2,2,"jsx-text|prop:label","pages/parcel-detail.tsx"
"First-session greeting from Pax",2,1,"prop:aria-label|prop:label","pages/pax.tsx"
"Dismiss greeting from Pax",2,1,"prop:aria-label|prop:label","pages/pax.tsx"
"Loading Pax insights",2,1,"prop:aria-label|prop:label","pages/pax.tsx"
"Observations Pax wants you to know about",2,1,"prop:aria-label|prop:label","pages/pax.tsx"
"Leads with no recent contact",2,1,"prop:aria-label|prop:label","pages/pax.tsx"
"Offers nearing expiration",2,1,"prop:aria-label|prop:label","pages/pax.tsx"
"Recently active leads who want to hear from you",2,1,"prop:aria-label|prop:label","pages/pax.tsx"
"Loading Pax availability",2,1,"prop:aria-label|prop:label","pages/pax.tsx"
"Days late",2,2,"jsx-text","pages/permits.tsx"
"Pipeline velocity metrics",2,1,"prop:aria-label|prop:label","pages/pipeline.tsx"
"Portfolio health alerts",2,1,"prop:aria-label|prop:label","pages/portfolio-health.tsx"
"Mezzanine",2,1,"jsx-text","pages/portfolio-optimizer.tsx"
"Senior Debt",2,1,"jsx-text","pages/portfolio-optimizer.tsx"
"Sharpe Ratio",2,1,"jsx-text","pages/portfolio-optimizer.tsx"
"Calmar Ratio",2,1,"jsx-text","pages/portfolio-optimizer.tsx"
"Diversification",2,1,"jsx-text","pages/portfolio-optimizer.tsx"
"Recommendation confidence",2,1,"prop:aria-label|prop:label","pages/portfolio-optimizer.tsx"
"Export portfolio report as PDF",2,1,"prop:aria-label|prop:label","pages/portfolio-optimizer.tsx"
"Forecast horizon in years",2,1,"prop:aria-label|prop:label","pages/portfolio-optimizer.tsx"
"Run full portfolio analysis",2,1,"prop:aria-label|prop:label","pages/portfolio-optimizer.tsx"
"Quarterly revenue and profit",2,1,"prop:aria-label|prop:label","pages/portfolio-pnl.tsx"
"Top performing properties by ROI",2,1,"prop:aria-label|prop:label","pages/portfolio-pnl.tsx"
"Scan portfolio for new alerts",2,1,"prop:aria-label|prop:label","pages/portfolio.tsx"
"Alerts by severity",2,1,"prop:aria-label|prop:label","pages/portfolio.tsx"
"Active portfolio alerts",2,1,"prop:aria-label|prop:label","pages/portfolio.tsx"
"Loading compliance rules",2,1,"prop:aria-label|prop:label","pages/portfolio.tsx"
"Loading status chart",2,1,"prop:aria-label|prop:label","pages/portfolio.tsx"
"Loading delinquency data",2,1,"prop:aria-label|prop:label","pages/portfolio.tsx"
"Notes by aging bucket",2,1,"prop:aria-label|prop:label","pages/portfolio.tsx"
"Momentum drivers",2,1,"prop:aria-label|prop:label","pages/predictions.tsx"
"Opportunity windows",2,1,"prop:aria-label|prop:label","pages/predictions.tsx"
"Strategy badges",2,1,"prop:aria-label|prop:label","pages/price-optimizer.tsx"
"Switch to annual billing",2,1,"prop:aria-label|prop:label","pages/pricing.tsx"
"Data deletion complete",2,2,"jsx-text","pages/privacy-settings.tsx"
"Export your data",2,2,"jsx-text","pages/privacy-settings.tsx"
"Account information",2,2,"jsx-text","pages/privacy-settings.tsx"
"Leads assigned to you",2,2,"jsx-text","pages/privacy-settings.tsx"
"Deals and properties",2,2,"jsx-text","pages/privacy-settings.tsx"
"Tasks and messages",2,2,"jsx-text","pages/privacy-settings.tsx"
"Support tickets",2,2,"jsx-text","pages/privacy-settings.tsx"
"This action can't be undone.",2,2,"jsx-text","pages/privacy-settings.tsx"
"Your data rights",2,2,"jsx-text","pages/privacy-settings.tsx"
"Open data-subject requests",2,1,"prop:aria-label|prop:label","pages/privacy-settings.tsx"
"Request data export",2,1,"prop:aria-label|prop:label","pages/privacy-settings.tsx"
"Request data deletion",2,1,"prop:aria-label|prop:label","pages/privacy-settings.tsx"
"Confirm deletion request",2,1,"prop:aria-label|prop:label","pages/privacy-settings.tsx"
"Cancel deletion request",2,1,"prop:aria-label|prop:label","pages/privacy-settings.tsx"
"Recently fulfilled requests",2,1,"prop:aria-label|prop:label","pages/privacy-settings.tsx"
"Your GDPR data rights",2,1,"prop:aria-label|prop:label","pages/privacy-settings.tsx"
"Critical alerts",2,2,"jsx-text","pages/proactive-monitor.tsx"
"Run health checks now",2,1,"prop:aria-label|prop:label","pages/proactive-monitor.tsx"
"Health check categories",2,1,"prop:aria-label|prop:label","pages/proactive-monitor.tsx"
"Integrity issues found",2,1,"prop:aria-label|prop:label","pages/proactive-monitor.tsx"
"Recently resolved alerts",2,1,"prop:aria-label|prop:label","pages/proactive-monitor.tsx"
"Available",2,2,"jsx-text","pages/properties.tsx"
"Intel",2,2,"jsx-text","pages/properties.tsx"
"Yes",2,1,"jsx-text","pages/properties.tsx"
"Enriching…",2,2,"jsx-text","pages/properties.tsx"
"View mode",2,1,"prop:aria-label|prop:label","pages/properties.tsx"
"Checkbox",2,1,"prop:aria-label|prop:label","pages/properties.tsx"
"Download deed",2,1,"prop:aria-label|prop:label","pages/properties.tsx"
"Refresh parcel data",2,1,"prop:aria-label|prop:label","pages/properties.tsx"
"Open calculator",2,1,"prop:aria-label|prop:label","pages/properties.tsx"
"Copy property data as JSON",2,1,"prop:aria-label|prop:label","pages/properties.tsx"
"Pursue this property",2,1,"prop:aria-label|prop:label","pages/properties.tsx"
"Pass on this property",2,1,"prop:aria-label|prop:label","pages/properties.tsx"
"Enrich property",2,1,"jsx-text","pages/property-enrichment.tsx"
"Utilities and water features",2,1,"prop:aria-label|prop:label","pages/property-enrichment.tsx"
"Loading tax summary",2,1,"prop:aria-label|prop:label","pages/property-tax.tsx"
"Refresh queue stats",2,1,"prop:aria-label|prop:label","pages/queue-monitor.tsx"
"Job queues",2,1,"prop:aria-label|prop:label","pages/queue-monitor.tsx"
"Notice requirements",2,2,"jsx-text","pages/quiet-title.tsx"
"Total events",2,2,"jsx-text","pages/real-runtime.tsx"
"Discrepancies",2,1,"jsx-text","pages/real-runtime.tsx"
"Total calls",2,2,"jsx-text|prop:label","pages/real-runtime.tsx"
"Agent lifecycle states",2,1,"prop:aria-label|prop:label","pages/real-runtime.tsx"
"Dead-letter events",2,1,"prop:aria-label|prop:label","pages/real-runtime.tsx"
"Outcome discrepancies",2,1,"prop:aria-label|prop:label","pages/real-runtime.tsx"
"Distributed sagas",2,1,"prop:aria-label|prop:label","pages/real-runtime.tsx"
"Active canary deployments",2,1,"prop:aria-label|prop:label","pages/real-runtime.tsx"
"Trust requests awaiting CEO approval",2,1,"prop:aria-label|prop:label","pages/real-runtime.tsx"
"Integration circuit breakers",2,1,"prop:aria-label|prop:label","pages/real-runtime.tsx"
"Redemption clock",2,1,"jsx-text|prop:label","pages/redemption-clock.tsx"
"Regulatory changes in reverse chronological order",2,1,"prop:aria-label|prop:label","pages/regulatory-intel.tsx"
"Critical regulatory alerts",2,1,"prop:aria-label|prop:label","pages/regulatory-intel.tsx"
"Loading state regulatory profiles",2,1,"prop:aria-label|prop:label","pages/regulatory-intel.tsx"
"State regulatory profiles",2,1,"prop:aria-label|prop:label","pages/regulatory-intel.tsx"
"Loading state details",2,1,"prop:aria-label|prop:label","pages/regulatory-intel.tsx"
"Active regulatory alerts",2,1,"prop:aria-label|prop:label","pages/regulatory-intel.tsx"
"Required item",2,1,"prop:aria-label|prop:label","pages/regulatory-intel.tsx"
"Variance",2,2,"jsx-text","pages/rehab-detail.tsx"
"Delete line",2,1,"prop:aria-label|prop:label","pages/rehab-detail.tsx"
"Board view",2,1,"prop:aria-label|prop:label","pages/rehabs.tsx"
"New tenant",2,2,"jsx-text","pages/reseller-dashboard.tsx"
"Organization name",2,2,"jsx-text","pages/reseller-dashboard.tsx"
"Plan",2,1,"jsx-text","pages/reseller-dashboard.tsx"
"Loading tenants",2,1,"prop:aria-label|prop:label","pages/reseller-dashboard.tsx"
"Onboarding complete",2,1,"prop:aria-label|prop:label","pages/reseller-dashboard.tsx"
"Purpose",2,2,"jsx-text","pages/security.tsx"
"Region",2,2,"jsx-text","pages/security.tsx"
"AcreOS sub-processors",2,1,"prop:aria-label|prop:label","pages/security.tsx"
"Active intent signals",2,1,"prop:aria-label|prop:label","pages/seller-intent.tsx"
"Hot and warm seller leads",2,1,"prop:aria-label|prop:label","pages/seller-intent.tsx"
"System default",2,1,"jsx-text|prop:placeholder","pages/settings/accessibility.tsx"
"Show read-aloud buttons",2,1,"prop:aria-label|prop:label","pages/settings/accessibility.tsx"
"Auto-read new Pax responses",2,1,"prop:aria-label|prop:label","pages/settings/accessibility.tsx"
"Select read-aloud voice",2,1,"prop:aria-label|prop:label","pages/settings/accessibility.tsx"
"Speaking rate",2,1,"prop:aria-label|prop:label","pages/settings/accessibility.tsx"
"Preview the current voice and rate",2,1,"prop:aria-label|prop:label","pages/settings/accessibility.tsx"
"Stop preview",2,1,"prop:aria-label|prop:label","pages/settings/accessibility.tsx"
"Your provider keys",2,1,"jsx-text|prop:label","pages/settings/byok.tsx"
"Key",2,2,"jsx-text","pages/settings/byok.tsx"
"Events to subscribe",2,2,"jsx-text","pages/settings/integrations.tsx"
"Delete webhook",2,1,"prop:aria-label|prop:label","pages/settings/integrations.tsx"
"Move rule up",2,1,"prop:aria-label|prop:label","pages/settings/lead-assignment.tsx"
"Move rule down",2,1,"prop:aria-label|prop:label","pages/settings/lead-assignment.tsx"
"Yearly",2,2,"jsx-text","pages/settings.tsx"
"Back to Today",2,1,"prop:aria-label|prop:label","pages/settings.tsx"
"Settings section",2,1,"prop:aria-label|prop:label","pages/settings.tsx"
"Cancel subscription",2,1,"prop:aria-label|prop:label","pages/settings.tsx"
"File text",2,1,"prop:aria-label|prop:label","pages/settings.tsx"
"Copy referral link to clipboard",2,1,"prop:aria-label|prop:label","pages/settings.tsx"
"Copy API key to clipboard",2,1,"prop:aria-label|prop:label","pages/settings.tsx"
"Dismiss new API key banner",2,1,"prop:aria-label|prop:label","pages/settings.tsx"
"Active API keys",2,1,"prop:aria-label|prop:label","pages/settings.tsx"
"Organization activity log",2,1,"prop:aria-label|prop:label","pages/settings.tsx"
"GDPR and CCPA data rights",2,1,"prop:aria-label|prop:label","pages/settings.tsx"
"Compliance checks",2,1,"prop:aria-label|prop:label","pages/shared-deal.tsx"
"Closing checklist items",2,1,"prop:aria-label|prop:label","pages/shared-deal.tsx"
"Deal documents",2,1,"prop:aria-label|prop:label","pages/shared-deal.tsx"
"Signing header",2,1,"prop:aria-label|prop:label","pages/sign-document.tsx"
"Document contents",2,1,"prop:aria-label|prop:label","pages/sign-document.tsx"
"Skip trace results",2,1,"prop:aria-label|prop:label","pages/skip-tracing.tsx"
"Agent runtime states",2,1,"prop:aria-label|prop:label","pages/sovereign-dashboard.tsx"
"Dead-letter queue has events awaiting review",2,1,"prop:aria-label|prop:label","pages/sovereign-dashboard.tsx"
"Loading event mesh",2,1,"prop:aria-label|prop:label","pages/sovereign-dashboard.tsx"
"Most active event channels",2,1,"prop:aria-label|prop:label","pages/sovereign-dashboard.tsx"
"Recent background job runs",2,1,"prop:aria-label|prop:label","pages/sovereign-dashboard.tsx"
"Succeeded",2,1,"prop:aria-label|prop:label","pages/sovereign-dashboard.tsx"
"Recent self-healing actions",2,1,"prop:aria-label|prop:label","pages/sovereign-dashboard.tsx"
"Loading self-healing data",2,1,"prop:aria-label|prop:label","pages/sovereign-dashboard.tsx"
"Consolidate working memory",2,1,"prop:aria-label|prop:label","pages/sovereign-v13.tsx"
"Clean up expired working-memory entries",2,1,"prop:aria-label|prop:label","pages/sovereign-v13.tsx"
"State document requirements",2,1,"prop:aria-label|prop:label","pages/state-documents.tsx"
"Not legal advice.",2,2,"jsx-text","pages/state-rules.tsx"
"State rules",2,1,"jsx-text|prop:label","pages/state-rules.tsx"
"No rules loaded yet.",2,2,"jsx-text","pages/state-rules.tsx"
"All entries are preliminary.",2,2,"jsx-text","pages/state-rules.tsx"
"Default rate",2,1,"jsx-text|prop:label","pages/state-rules.tsx"
"Refresh service status",2,1,"prop:aria-label|prop:label","pages/status.tsx"
"Platform services",2,1,"prop:aria-label|prop:label","pages/status.tsx"
"Listing syndication",2,1,"jsx-text|prop:label","pages/syndication.tsx"
"Available syndication platforms",2,1,"prop:aria-label|prop:label","pages/syndication.tsx"
"Per-platform syndication results",2,1,"prop:aria-label|prop:label","pages/syndication.tsx"
"Failure",2,1,"prop:aria-label|prop:label","pages/syndication.tsx"
"Platform integration details",2,1,"prop:aria-label|prop:label","pages/syndication.tsx"
"Loading tasks",2,1,"prop:aria-label|prop:label","pages/tasks.tsx"
"Filter by risk level",2,1,"prop:aria-label|prop:label","pages/tax-delinquent.tsx"
"Tax-delinquent leads",2,1,"prop:aria-label|prop:label","pages/tax-delinquent.tsx"
"Loading tax optimizer",2,1,"prop:aria-label|prop:label","pages/tax-optimizer.tsx"
"Refresh tax position",2,1,"prop:aria-label|prop:label","pages/tax-optimizer.tsx"
"AI tax planning report",2,1,"prop:aria-label|prop:label","pages/tax-optimizer.tsx"
"Tax recommendations, ranked by priority",2,1,"prop:aria-label|prop:label","pages/tax-optimizer.tsx"
"Capital gains transactions",2,1,"prop:aria-label|prop:label","pages/tax-optimizer.tsx"
"1031 exchange candidates",2,1,"prop:aria-label|prop:label","pages/tax-optimizer.tsx"
"Installment sale opportunities",2,1,"prop:aria-label|prop:label","pages/tax-optimizer.tsx"
"Factor analysis",2,1,"prop:aria-label|prop:label","pages/tax-optimizer.tsx"
"Push tracked opportunities to acquisition radar",2,1,"prop:aria-label|prop:label","pages/tax-researcher.tsx"
"Upcoming tax-lien auctions",2,1,"prop:aria-label|prop:label","pages/tax-researcher.tsx"
"Watchlisted listings",2,1,"prop:aria-label|prop:label","pages/tax-researcher.tsx"
"Tax sale alerts",2,1,"prop:aria-label|prop:label","pages/tax-researcher.tsx"
"Team messaging upgrade prompt",2,1,"prop:aria-label|prop:label","pages/team-inbox.tsx"
"Team leaderboard rankings",2,1,"prop:aria-label|prop:label","pages/team-leaderboard.tsx"
"Leads assigned",2,2,"jsx-text|prop:label","pages/team-leaderboard.tsx"
"Offer #",2,1,"jsx-text","pages/team-offer-approvals.tsx"
"Territories",2,1,"prop:aria-label|prop:label","pages/territory-manager.tsx"
"123 Main St, Austin TX",2,2,"prop:placeholder","pages/title-search.tsx"
"Important: this is not a title commitment",2,1,"prop:aria-label|prop:label","pages/title-search.tsx"
"Dismiss welcome back card",2,1,"prop:aria-label|prop:label","pages/today.tsx"
"Available tools",2,1,"prop:aria-label|prop:label","pages/tools.tsx"
"No usage data for this period.",2,1,"jsx-text","pages/usage-analytics.tsx"
"Select time period",2,1,"prop:aria-label|prop:label","pages/usage-analytics.tsx"
"Daily usage breakdown",2,1,"prop:aria-label|prop:label","pages/usage-analytics.tsx"
"Usage by action type",2,1,"prop:aria-label|prop:label","pages/usage-analytics.tsx"
"Feature usage quotas",2,1,"prop:aria-label|prop:label","pages/usage-quota.tsx"
"VA action audit trail",2,1,"prop:aria-label|prop:label","pages/va-dashboard.tsx"
"Recurring scheduled tasks",2,1,"prop:aria-label|prop:label","pages/va-dashboard.tsx"
"VA workflows",2,1,"prop:aria-label|prop:label","pages/va-dashboard.tsx"
"Workflow steps",2,1,"prop:aria-label|prop:label","pages/va-dashboard.tsx"
"After",2,1,"jsx-text","pages/vision-ai.tsx"
"Before",2,1,"jsx-text","pages/vision-ai.tsx"
"Before-and-after satellite imagery comparison; drag the slider below to reveal more or less of the older snapshot",2,1,"prop:aria-label|prop:label","pages/vision-ai.tsx"
"Before/after slider position (percent of older image revealed)",2,1,"prop:aria-label|prop:label","pages/vision-ai.tsx"
"Snapshots with detected change",2,1,"prop:aria-label|prop:label","pages/vision-ai.tsx"
"Loading visual analysis",2,1,"prop:aria-label|prop:label","pages/vision-ai.tsx"
"Analyzed property photos",2,1,"prop:aria-label|prop:label","pages/vision-ai.tsx"
"Detected features",2,1,"prop:aria-label|prop:label","pages/vision-ai.tsx"
"Latest satellite snapshots",2,1,"prop:aria-label|prop:label","pages/vision-ai.tsx"
"Change detected on this snapshot",2,1,"prop:aria-label|prop:label","pages/vision-ai.tsx"
"Copy AI-generated listing description to clipboard",2,1,"prop:aria-label|prop:label","pages/vision-ai.tsx"
"Top five longest calls",2,1,"prop:aria-label|prop:label","pages/voice-analytics.tsx"
"Sentiment breakdown across all calls",2,1,"prop:aria-label|prop:label","pages/voice-analytics.tsx"
"Webhooks",2,1,"jsx-text|prop:label","pages/webhooks.tsx"
"Add a new webhook endpoint",2,1,"prop:aria-label|prop:label","pages/webhooks.tsx"
"Loading webhook endpoints",2,1,"prop:aria-label|prop:label","pages/webhooks.tsx"
"Webhook endpoints",2,1,"prop:aria-label|prop:label","pages/webhooks.tsx"
"Loading workflows",2,1,"prop:aria-label|prop:label","pages/workflows.tsx"
"Your workflows",2,1,"prop:aria-label|prop:label","pages/workflows.tsx"
"Loading AcreOS…",1,1,"jsx-text","App.tsx"
"Annual net income ($)",1,1,"jsx-text","components/IRRCalculator.tsx"
"Exit / sale value ($)",1,1,"jsx-text","components/IRRCalculator.tsx"
"Hold period (years)",1,1,"jsx-text","components/IRRCalculator.tsx"
"Financing % (LTV)",1,1,"jsx-text","components/IRRCalculator.tsx"
"Discount rate for NPV (%)",1,1,"jsx-text","components/IRRCalculator.tsx"
"Internal rate of return",1,1,"jsx-text","components/IRRCalculator.tsx"
"% discount",1,1,"jsx-text","components/IRRCalculator.tsx"
"Total return on equity",1,1,"jsx-text","components/IRRCalculator.tsx"
"Cash-on-cash",1,1,"jsx-text","components/IRRCalculator.tsx"
"Annual income yield",1,1,"jsx-text","components/IRRCalculator.tsx"
"Annual cash flow schedule",1,1,"jsx-text","components/IRRCalculator.tsx"
"setIsMobile(window.innerWidth",1,1,"jsx-text","components/MobileCardList.tsx"
"Snoozed",1,1,"prop:label","components/StatusBadge.tsx"
"Loading A/B tests…",1,1,"jsx-text","components/ab-test-manager.tsx"
"A/B testing",1,1,"jsx-text","components/ab-test-manager.tsx"
"Create A/B test",1,1,"jsx-text","components/ab-test-manager.tsx"
"Test type",1,1,"jsx-text","components/ab-test-manager.tsx"
"Subject line — the email subject users see first",1,1,"jsx-text","components/ab-test-manager.tsx"
"Content — body copy of the message",1,1,"jsx-text","components/ab-test-manager.tsx"
"Offer amount — the price or discount offered",1,1,"jsx-text","components/ab-test-manager.tsx"
"Variant A subject line",1,1,"jsx-text","components/ab-test-manager.tsx"
"Variant A content",1,1,"jsx-text","components/ab-test-manager.tsx"
"Variant B subject line",1,1,"jsx-text","components/ab-test-manager.tsx"
"Variant B content",1,1,"jsx-text","components/ab-test-manager.tsx"
"Active test",1,1,"jsx-text","components/ab-test-manager.tsx"
"No A/B tests found.",1,1,"jsx-text","components/ab-test-manager.tsx"
"Loading A/B test results…",1,1,"jsx-text","components/ab-test-manager.tsx"
"A/B test results",1,1,"jsx-text","components/ab-test-manager.tsx"
"Running tests",1,1,"jsx-text","components/ab-test-manager.tsx"
"Completed tests",1,1,"jsx-text","components/ab-test-manager.tsx"
"No completed A/B tests yet.",1,1,"jsx-text","components/ab-test-manager.tsx"
"Create a test on any campaign to get started.",1,1,"jsx-text","components/ab-test-manager.tsx"
"e.g., Subject line test Q1",1,1,"prop:placeholder","components/ab-test-manager.tsx"
"A/B Testing",1,1,"jsx-text","components/ab-tests-content.tsx"
"Create new A/B test",1,1,"jsx-text","components/ab-tests-content.tsx"
"Linked Campaign",1,1,"jsx-text","components/ab-tests-content.tsx"
"Test Type",1,1,"jsx-text","components/ab-tests-content.tsx"
"Subject Line",1,1,"jsx-text","components/ab-tests-content.tsx"
"Send Timing",1,1,"jsx-text","components/ab-tests-content.tsx"
"Open Rate",1,1,"jsx-text","components/ab-tests-content.tsx"
"Click Rate",1,1,"jsx-text","components/ab-tests-content.tsx"
"Conversion Rate",1,1,"jsx-text","components/ab-tests-content.tsx"
"Active Tests",1,1,"jsx-text","components/ab-tests-content.tsx"
"All Tests",1,1,"jsx-text","components/ab-tests-content.tsx"
"No A/B tests created yet",1,1,"jsx-text","components/ab-tests-content.tsx"
"Winner",1,1,"jsx-text","components/ab-tests-content.tsx"
"Test Type:",1,1,"jsx-text","components/ab-tests-content.tsx"
"Winning Metric:",1,1,"jsx-text","components/ab-tests-content.tsx"
"Sample Size:",1,1,"jsx-text","components/ab-tests-content.tsx"
"Variants Performance",1,1,"jsx-text","components/ab-tests-content.tsx"
"e.g., Q1 subject line test",1,1,"prop:placeholder","components/ab-tests-content.tsx"
"Select a campaign",1,1,"prop:placeholder","components/ab-tests-content.tsx"
"Enter subject line",1,1,"prop:placeholder","components/ab-tests-content.tsx"
"Enter content",1,1,"prop:placeholder","components/ab-tests-content.tsx"
"Track all actions and events across your organization",1,1,"jsx-text","components/activity-content.tsx"
"All Activity",1,1,"jsx-text","components/activity-content.tsx"
"Activity will appear here as you use the platform",1,1,"jsx-text","components/activity-content.tsx"
"Entity Type",1,1,"jsx-text","components/activity-feed.tsx"
"Activity Timeline",1,1,"jsx-text","components/activity-timeline.tsx"
"Phone calls, emails, status changes, and notes will appear here as interactions are logged.",1,1,"prop:description","components/activity-timeline.tsx"
"Unable to load cost savings data.",1,1,"jsx-text","components/ai-cost-dashboard.tsx"
"This month",1,1,"jsx-text","components/ai-cost-dashboard.tsx"
"What you paid",1,1,"jsx-text","components/ai-cost-dashboard.tsx"
"Without smart routing",1,1,"jsx-text","components/ai-cost-dashboard.tsx"
"Cost by Provider",1,1,"jsx-text","components/ai-cost-dashboard.tsx"
"Provider Breakdown",1,1,"jsx-text","components/ai-cost-dashboard.tsx"
"No AI usage this month yet.",1,1,"jsx-text","components/ai-cost-dashboard.tsx"
"Start using the AI assistant to see cost savings.",1,1,"jsx-text","components/ai-cost-dashboard.tsx"
"= 75) return",1,1,"jsx-text","components/ai-offer-generator.tsx"
"High Confidence",1,1,"jsx-text","components/ai-offer-generator.tsx"
"Medium Confidence",1,1,"jsx-text","components/ai-offer-generator.tsx"
"Lower Confidence",1,1,"jsx-text","components/ai-offer-generator.tsx"
"Location Data Required",1,1,"jsx-text","components/ai-offer-generator.tsx"
"AI Provider Not Configured",1,1,"jsx-text","components/ai-offer-generator.tsx"
"AI Offer Generator",1,1,"jsx-text","components/ai-offer-generator.tsx"
"Generate AI Offer Suggestions",1,1,"jsx-text","components/ai-offer-generator.tsx"
"Est. Market Value",1,1,"jsx-text","components/ai-offer-generator.tsx"
"Avg Price/Acre",1,1,"jsx-text","components/ai-offer-generator.tsx"
"Comparables Found",1,1,"jsx-text","components/ai-offer-generator.tsx"
"Buyer Information",1,1,"jsx-text","components/ai-offer-generator.tsx"
"Your Name *",1,1,"jsx-text","components/ai-offer-generator.tsx"
"Company (Optional)",1,1,"jsx-text","components/ai-offer-generator.tsx"
"Offer Details",1,1,"jsx-text","components/ai-offer-generator.tsx"
"Seller Name (Optional)",1,1,"jsx-text","components/ai-offer-generator.tsx"
"Earnest Money",1,1,"jsx-text","components/ai-offer-generator.tsx"
"Closing Days",1,1,"jsx-text","components/ai-offer-generator.tsx"
"Letter Tone",1,1,"jsx-text","components/ai-offer-generator.tsx"
"Professional - Formal and business-like",1,1,"jsx-text","components/ai-offer-generator.tsx"
"Friendly - Warm and personable",1,1,"jsx-text","components/ai-offer-generator.tsx"
"Urgent - Quick close, motivated buyer",1,1,"jsx-text","components/ai-offer-generator.tsx"
"Generated Letter",1,1,"jsx-text","components/ai-offer-generator.tsx"
"Seller Motivation",1,1,"jsx-text","components/ai-offer-generator.tsx"
"Low - Not actively selling",1,1,"jsx-text","components/ai-offer-generator.tsx"
"Medium - Open to offers",1,1,"jsx-text","components/ai-offer-generator.tsx"
"High - Motivated seller",1,1,"jsx-text","components/ai-offer-generator.tsx"
"Competing Offers",1,1,"jsx-text","components/ai-offer-generator.tsx"
"No - No known competition",1,1,"jsx-text","components/ai-offer-generator.tsx"
"Yes - Other buyers interested",1,1,"jsx-text","components/ai-offer-generator.tsx"
"Acceptance Probability",1,1,"jsx-text","components/ai-offer-generator.tsx"
"Contributing Factors",1,1,"jsx-text","components/ai-offer-generator.tsx"
"John Smith",1,1,"prop:placeholder","components/ai-offer-generator.tsx"
"ABC Land Investments",1,1,"prop:placeholder","components/ai-offer-generator.tsx"
"Enter amount",1,1,"prop:placeholder","components/ai-offer-generator.tsx"
"Property Owner",1,1,"prop:placeholder","components/ai-offer-generator.tsx"
"Select tone",1,1,"prop:placeholder","components/ai-offer-generator.tsx"
"Enter offer amount",1,1,"prop:placeholder","components/ai-offer-generator.tsx"
"Select motivation level",1,1,"prop:placeholder","components/ai-offer-generator.tsx"
"Are there competing offers?",1,1,"prop:placeholder","components/ai-offer-generator.tsx"
"Inputs",1,1,"jsx-text","components/ai-reasoning.tsx"
"AI response style",1,1,"jsx-text","components/ai-settings.tsx"
"Default AI agent",1,1,"jsx-text","components/ai-settings.tsx"
"Auto-suggestions",1,1,"jsx-text","components/ai-settings.tsx"
"Remember context",1,1,"jsx-text","components/ai-settings.tsx"
"Select response style",1,1,"prop:placeholder","components/ai-settings.tsx"
"Select default agent",1,1,"prop:placeholder","components/ai-settings.tsx"
"projected in 3 months",1,1,"jsx-text","components/analytics-content.tsx"
"Reports & Analytics",1,1,"jsx-text","components/analytics-content.tsx"
"Track your business performance and insights",1,1,"jsx-text","components/analytics-content.tsx"
"Export Report",1,1,"jsx-text","components/analytics-content.tsx"
"Bottleneck",1,1,"jsx-text","components/analytics-content.tsx"
"Overall Win Rate",1,1,"jsx-text","components/analytics-content.tsx"
"Pipeline Summary",1,1,"jsx-text","components/analytics-content.tsx"
"Total Pipeline Value",1,1,"jsx-text","components/analytics-content.tsx"
"Quick Stats",1,1,"jsx-text","components/analytics-content.tsx"
"Won Deals",1,1,"jsx-text","components/analytics-content.tsx"
"Avg Deal Value",1,1,"jsx-text","components/analytics-content.tsx"
"Avg Days to Close",1,1,"jsx-text","components/analytics-content.tsx"
"Active Notes Value",1,1,"prop:title","components/analytics-content.tsx"
"Deals in Pipeline",1,1,"prop:title","components/analytics-content.tsx"
"Lead Conversion Rate",1,1,"prop:title","components/analytics-content.tsx"
"Date Range",1,1,"prop:placeholder","components/analytics-content.tsx"
"Conversions by channel",1,1,"jsx-text","components/attribution-analytics.tsx"
"Conversion by touch number",1,1,"jsx-text","components/attribution-analytics.tsx"
"Campaign ROI",1,1,"jsx-text","components/attribution-analytics.tsx"
"Running in background",1,1,"jsx-text","components/background-mode.tsx"
"Seat count",1,1,"jsx-text","components/billing/seat-billing-summary.tsx"
"No upcoming events",1,1,"jsx-text","components/calendar-widget.tsx"
"Tracking code",1,1,"jsx-text","components/campaign-analytics.tsx"
"Cost per response",1,1,"jsx-text","components/campaign-analytics.tsx"
"Cost per acquisition",1,1,"jsx-text","components/campaign-analytics.tsx"
"Conversion funnel",1,1,"jsx-text","components/campaign-analytics.tsx"
"Loading variants…",1,1,"jsx-text","components/campaign-variants-panel.tsx"
"A/B test variants",1,1,"jsx-text","components/campaign-variants-panel.tsx"
"Add A/B test variant",1,1,"jsx-text","components/campaign-variants-panel.tsx"
"Subject (optional)",1,1,"jsx-text","components/campaign-variants-panel.tsx"
"Body / content (optional)",1,1,"jsx-text","components/campaign-variants-panel.tsx"
"Traffic split (%)",1,1,"jsx-text","components/campaign-variants-panel.tsx"
"AI analysis",1,1,"jsx-text","components/campaign-variants-panel.tsx"
"No variants yet",1,1,"jsx-text","components/campaign-variants-panel.tsx"
"Add a Variant B to start A/B testing this campaign.",1,1,"jsx-text","components/campaign-variants-panel.tsx"
"Click rate",1,1,"jsx-text","components/campaign-variants-panel.tsx"
"Traffic split:",1,1,"jsx-text","components/campaign-variants-panel.tsx"
"e.g., Variant B",1,1,"prop:placeholder","components/campaign-variants-panel.tsx"
"Alternative subject line",1,1,"prop:placeholder","components/campaign-variants-panel.tsx"
"Alternative message body",1,1,"prop:placeholder","components/campaign-variants-panel.tsx"
"Optimization score",1,1,"jsx-text","components/campaigns-content.tsx"
"Direct mail not configured",1,1,"jsx-text","components/campaigns-content.tsx"
"Add your Lob API key in settings to enable direct mail.",1,1,"jsx-text","components/campaigns-content.tsx"
"Manage direct mail, email, and SMS campaigns.",1,1,"jsx-text","components/campaigns-content.tsx"
"New campaign",1,1,"jsx-text","components/campaigns-content.tsx"
"Set up a direct mail, email, or SMS campaign for your leads.",1,1,"jsx-text","components/campaigns-content.tsx"
"Active campaigns",1,1,"jsx-text","components/campaigns-content.tsx"
"Available leads",1,1,"jsx-text","components/campaigns-content.tsx"
"All campaigns",1,1,"jsx-text","components/campaigns-content.tsx"
"Scheduled",1,1,"jsx-text","components/campaigns-content.tsx"
"Couldn't open campaign",1,1,"jsx-text","components/campaigns-content.tsx"
"Send direct mail",1,1,"jsx-text","components/campaigns-content.tsx"
"Real mail will be sent. Estimated cost:",1,1,"jsx-text","components/campaigns-content.tsx"
"Checking credit balance…",1,1,"jsx-text","components/campaigns-content.tsx"
"You have enough credits —",1,1,"jsx-text","components/campaigns-content.tsx"
"available.",1,1,"jsx-text","components/campaigns-content.tsx"
"Insufficient credits — need",1,1,"jsx-text","components/campaigns-content.tsx"
"more.",1,1,"jsx-text","components/campaigns-content.tsx"
"Send test email",1,1,"jsx-text","components/campaigns-content.tsx"
"Campaign metrics",1,1,"jsx-text","components/campaigns-content.tsx"
"Pieces sent",1,1,"jsx-text","components/campaigns-content.tsx"
"Responses attributed",1,1,"jsx-text","components/campaigns-content.tsx"
"— above average",1,1,"jsx-text","components/campaigns-content.tsx"
"Scheduled date",1,1,"jsx-text","components/campaigns-content.tsx"
"Response analytics",1,1,"jsx-text","components/campaigns-content.tsx"
"(not configured)",1,1,"jsx-text","components/campaigns-content.tsx"
"Configure in Settings &rarr; Integrations",1,1,"jsx-text","components/campaigns-content.tsx"
"Custom message",1,1,"jsx-text","components/campaigns-content.tsx"
"Write your own content from scratch.",1,1,"jsx-text","components/campaigns-content.tsx"
"% of",1,1,"jsx-text","components/campaigns-content.tsx"
"Tax-delinquent only",1,1,"jsx-text","components/campaigns-content.tsx"
"Absentee owners only",1,1,"jsx-text","components/campaigns-content.tsx"
"New (never contacted)",1,1,"jsx-text","components/campaigns-content.tsx"
"(email and direct mail)",1,1,"jsx-text","components/campaigns-content.tsx"
"Sending costs: email $0.01 each, SMS $0.03 each, MMS (with image) $0.05 each.",1,1,"jsx-text","components/campaigns-content.tsx"
"Direct mail: $0.75–$1.25 per piece (varies by size).",1,1,"jsx-text","components/campaigns-content.tsx"
"(optional — MMS)",1,1,"jsx-text","components/campaigns-content.tsx"
"Failed to load campaigns",1,1,"prop:title","components/campaigns-content.tsx"
"Q1 offer mailer",1,1,"prop:placeholder","components/campaigns-content.tsx"
"Dear {{firstName}}, I",1,1,"prop:placeholder","components/campaigns-content.tsx"
"https://example.com/property-photo.jpg",1,1,"prop:placeholder","components/campaigns-content.tsx"
"Your usage this month:",1,1,"jsx-text","components/cancellation-dialog.tsx"
"Why are you cancelling?",1,1,"jsx-text","components/cancellation-dialog.tsx"
"instead — you'd save",1,1,"jsx-text","components/cancellation-dialog.tsx"
"Confirm cancellation",1,1,"jsx-text","components/cancellation-dialog.tsx"
"Any additional feedback? (optional)",1,1,"prop:placeholder","components/cancellation-dialog.tsx"
"Total estimated",1,1,"jsx-text","components/closing-costs-card.tsx"
"Segment",1,1,"jsx-text","components/cohort-analytics.tsx"
"Offer %",1,1,"jsx-text","components/cohort-analytics.tsx"
"Close %",1,1,"jsx-text","components/cohort-analytics.tsx"
"Avg conversion rate",1,1,"jsx-text","components/cohort-retention-dashboard.tsx"
"Revenue per lead",1,1,"jsx-text","components/cohort-retention-dashboard.tsx"
"Contact rate",1,1,"jsx-text","components/cohort-retention-dashboard.tsx"
"Rev/lead",1,1,"jsx-text","components/cohort-retention-dashboard.tsx"
"Failed to load cohort retention data",1,1,"prop:title","components/cohort-retention-dashboard.tsx"
"No cohort data yet",1,1,"prop:title","components/cohort-retention-dashboard.tsx"
"Cohort retention data will appear here once you have leads created over multiple weeks.",1,1,"prop:description","components/cohort-retention-dashboard.tsx"
"Start with",1,1,"jsx-text","components/command-palette.tsx"
"or ask a question for AI assistance",1,1,"jsx-text","components/command-palette.tsx"
"Press Enter or click the send button to ask",1,1,"jsx-text","components/command-palette.tsx"
"No results found. Start with ""?"" to ask AI.",1,1,"jsx-text","components/command-palette.tsx"
"No matches",1,1,"jsx-text","components/command-palette.tsx"
"Open founder dashboard",1,1,"jsx-text","components/command-palette.tsx"
"View system health",1,1,"jsx-text","components/command-palette.tsx"
"Open credits & costs",1,1,"jsx-text","components/command-palette.tsx"
"How's revenue doing?",1,1,"jsx-text","components/command-palette.tsx"
"Forge",1,1,"jsx-text","components/command-palette.tsx"
"Any support issues?",1,1,"jsx-text","components/command-palette.tsx"
"Sophie",1,1,"jsx-text","components/command-palette.tsx"
"Is anything broken?",1,1,"jsx-text","components/command-palette.tsx"
"Sentinel",1,1,"jsx-text","components/command-palette.tsx"
"No comments yet. Start the conversation.",1,1,"jsx-text","components/comment-thread.tsx"
"Add a comment",1,1,"jsx-text","components/comment-thread.tsx"
"Add a comment… Use @ to mention",1,1,"prop:placeholder","components/comment-thread.tsx"
"Comparable properties map",1,1,"prop:title","components/comp-map-overlay.tsx"
"Compliance Checks",1,1,"jsx-text","components/compliance-badge.tsx"
"No checks performed yet.",1,1,"jsx-text","components/compliance-badge.tsx"
"Timestamp",1,1,"jsx-text","components/compliance-settings.tsx"
"No audit log entries found",1,1,"jsx-text","components/compliance-settings.tsx"
"With consent",1,1,"jsx-text","components/compliance-settings.tsx"
"Without consent",1,1,"jsx-text","components/compliance-settings.tsx"
"Opted out",1,1,"jsx-text","components/compliance-settings.tsx"
"Consent rate",1,1,"jsx-text","components/compliance-settings.tsx"
"Leads requiring consent",1,1,"jsx-text","components/compliance-settings.tsx"
"All leads have TCPA consent",1,1,"jsx-text","components/compliance-settings.tsx"
"Data type",1,1,"jsx-text","components/compliance-settings.tsx"
"Dead leads",1,1,"jsx-text","components/compliance-settings.tsx"
"Closed deals",1,1,"jsx-text","components/compliance-settings.tsx"
"Audit logs",1,1,"jsx-text","components/compliance-settings.tsx"
"Communications",1,1,"jsx-text","components/compliance-settings.tsx"
"Older than (days)",1,1,"jsx-text","components/compliance-settings.tsx"
"Select type…",1,1,"prop:placeholder","components/compliance-settings.tsx"
"Location data required",1,1,"jsx-text","components/comps-analysis.tsx"
"Searching for comparable properties…",1,1,"jsx-text","components/comps-analysis.tsx"
"Couldn't load comps",1,1,"jsx-text","components/comps-analysis.tsx"
"Comps data unavailable",1,1,"jsx-text","components/comps-analysis.tsx"
"$0.10 per query",1,1,"jsx-text","components/comps-analysis.tsx"
"Search radius (miles)",1,1,"jsx-text","components/comps-analysis.tsx"
"Min acreage",1,1,"jsx-text","components/comps-analysis.tsx"
"Max acreage",1,1,"jsx-text","components/comps-analysis.tsx"
"Avg $/acre",1,1,"jsx-text","components/comps-analysis.tsx"
"High $/acre",1,1,"jsx-text","components/comps-analysis.tsx"
"Low $/acre",1,1,"jsx-text","components/comps-analysis.tsx"
"40-50% of market value",1,1,"jsx-text","components/comps-analysis.tsx"
"50-65% of market value",1,1,"jsx-text","components/comps-analysis.tsx"
"65-80% of market value",1,1,"jsx-text","components/comps-analysis.tsx"
"No comparable properties found",1,1,"jsx-text","components/comps-analysis.tsx"
"Without action:",1,1,"jsx-text","components/confidence-interval.tsx"
"Processing…",1,1,"jsx-text","components/confirm-dialog.tsx"
"Social post",1,1,"jsx-text","components/content-generation.tsx"
"Case study",1,1,"jsx-text","components/content-generation.tsx"
"Messages",1,1,"jsx-text","components/conversation-tray.tsx"
"No conversations yet.",1,1,"jsx-text","components/conversation-tray.tsx"
"Start a new message to begin chatting.",1,1,"jsx-text","components/conversation-tray.tsx"
"New message",1,1,"jsx-text","components/conversation-tray.tsx"
"No team members available.",1,1,"jsx-text","components/conversation-tray.tsx"
"No messages yet. Start the conversation!",1,1,"jsx-text","components/conversation-tray.tsx"
"Estimating cost…",1,1,"jsx-text","components/cost-confirmation-modal.tsx"
"Estimated cost",1,1,"jsx-text","components/cost-confirmation-modal.tsx"
"Balance after",1,1,"jsx-text","components/cost-confirmation-modal.tsx"
"This action costs",1,1,"jsx-text","components/cost-indicator.tsx"
"Network intelligence unlocks with 5+ transactions in this county",1,1,"jsx-text","components/county-intelligence-card.tsx"
"Investor reviews",1,1,"jsx-text","components/county-intelligence-card.tsx"
"Field label",1,1,"jsx-text","components/custom-fields.tsx"
"Field type",1,1,"jsx-text","components/custom-fields.tsx"
"Options",1,1,"jsx-text","components/custom-fields.tsx"
"Placeholder text",1,1,"jsx-text","components/custom-fields.tsx"
"Help text",1,1,"jsx-text","components/custom-fields.tsx"
"Loading custom fields…",1,1,"jsx-text","components/custom-fields.tsx"
"e.g., Property Source",1,1,"prop:placeholder","components/custom-fields.tsx"
"Add option",1,1,"prop:placeholder","components/custom-fields.tsx"
"e.g., Enter the property source",1,1,"prop:placeholder","components/custom-fields.tsx"
"e.g., Where did you find this property?",1,1,"prop:placeholder","components/custom-fields.tsx"
"No anomalies detected this week. Everything looks normal!",1,1,"jsx-text","components/dashboard/AnomalyAlerts.tsx"
"Cohort retention",1,1,"jsx-text","components/dashboard/BusinessIntelligence.tsx"
"Available after 30d data",1,1,"jsx-text","components/dashboard/BusinessIntelligence.tsx"
"Run scoring pass to see data",1,1,"jsx-text","components/dashboard/BusinessIntelligence.tsx"
"LTV:CAC",1,1,"prop:title","components/dashboard/BusinessIntelligence.tsx"
"Monthly churn",1,1,"prop:title","components/dashboard/BusinessIntelligence.tsx"
"Your churn",1,1,"jsx-text","components/dashboard/ChurnIntelligence.tsx"
"Your rate",1,1,"jsx-text","components/dashboard/ChurnIntelligence.tsx"
"No paying orgs at churn risk",1,1,"jsx-text","components/dashboard/ChurnIntelligence.tsx"
"Cancelled last 30d",1,1,"jsx-text","components/dashboard/ChurnIntelligence.tsx"
"Decisions inbox",1,1,"jsx-text","components/dashboard/DecisionsInbox.tsx"
"All clear. Sophie has handled everything.",1,1,"jsx-text","components/dashboard/DecisionsInbox.tsx"
"No decisions pending",1,1,"jsx-text","components/dashboard/DecisionsInbox.tsx"
"Free → Paid conversion (30d)",1,1,"jsx-text","components/dashboard/GrowthEngine.tsx"
"conv. rate",1,1,"jsx-text","components/dashboard/GrowthEngine.tsx"
"Job queue health",1,1,"jsx-text","components/dashboard/JobQueueHealth.tsx"
"0.5 ? TrendingUp : mom",1,1,"jsx-text","components/dashboard/MRRTrajectory.tsx"
"0.5 ? ""text-acr-pos"" : mom",1,1,"jsx-text","components/dashboard/MRRTrajectory.tsx"
"0.5 ? ""bg-acr-pos/10 text-acr-pos border-acr-pos/20"" : mom",1,1,"jsx-text","components/dashboard/MRRTrajectory.tsx"
"All-time revenue",1,1,"jsx-text","components/dashboard/MRRTrajectory.tsx"
"Previous MRR",1,1,"jsx-text","components/dashboard/MRRTrajectory.tsx"
"Current MRR",1,1,"jsx-text","components/dashboard/MRRTrajectory.tsx"
"0 ? ""up"" : mom",1,1,"jsx-text","components/dashboard/MRRTrajectory.tsx"
"No recommended actions right now. Great job staying on top of things!",1,1,"jsx-text","components/dashboard/NextBestActions.tsx"
"Automation activity (last 7 days)",1,1,"jsx-text","components/dashboard/PlatformPassiveScore.tsx"
"Not enough data to generate predictions yet. Keep adding leads and deals!",1,1,"jsx-text","components/dashboard/PredictiveInsights.tsx"
"All caught up!",1,1,"jsx-text","components/dashboard/TasksDueWidget.tsx"
"No tasks due today or overdue.",1,1,"jsx-text","components/dashboard/TasksDueWidget.tsx"
"The Pulse",1,1,"jsx-text","components/dashboard/ThePulse.tsx"
"Updates every 30s",1,1,"jsx-text","components/dashboard/ThePulse.tsx"
"last 6 deals",1,1,"jsx-text","components/dashboard/type-specific-widgets.tsx"
"1099-NEC eligible",1,1,"jsx-text","components/dashboard/type-specific-widgets.tsx"
"next 6 months",1,1,"jsx-text","components/dashboard/type-specific-widgets.tsx"
"Miss",1,1,"jsx-text","components/data-confidence-badge.tsx"
"Data confidence",1,1,"jsx-text","components/data-confidence-badge.tsx"
"Data Network",1,1,"jsx-text","components/data-network-card.tsx"
"Counties with data",1,1,"prop:label","components/data-network-card.tsx"
"Network properties",1,1,"prop:label","components/data-network-card.tsx"
"Your contributions",1,1,"prop:label","components/data-network-card.tsx"
"Top county LCS avg",1,1,"prop:label","components/data-network-card.tsx"
"Down payment / cash investment",1,1,"jsx-text","components/deal-calculator.tsx"
"Interest rate (annual %)",1,1,"jsx-text","components/deal-calculator.tsx"
"Monthly holding costs",1,1,"jsx-text","components/deal-calculator.tsx"
"Holding period (months)",1,1,"jsx-text","components/deal-calculator.tsx"
"Improvement costs (optional)",1,1,"jsx-text","components/deal-calculator.tsx"
"Expected sale price",1,1,"jsx-text","components/deal-calculator.tsx"
"Total investment",1,1,"prop:label","components/deal-calculator.tsx"
"Gross profit",1,1,"prop:label","components/deal-calculator.tsx"
"Financed amount",1,1,"prop:label","components/deal-calculator.tsx"
"Down payment + holding costs + improvements",1,1,"prop:description","components/deal-calculator.tsx"
"All-in cost including interest",1,1,"prop:description","components/deal-calculator.tsx"
"Sale price minus total cost",1,1,"prop:description","components/deal-calculator.tsx"
"After 10% selling costs",1,1,"prop:description","components/deal-calculator.tsx"
"Return on total investment",1,1,"prop:description","components/deal-calculator.tsx"
"ROI adjusted for time",1,1,"prop:description","components/deal-calculator.tsx"
"Net profit / down payment",1,1,"prop:description","components/deal-calculator.tsx"
"Docs",1,1,"jsx-text","components/deal-detail-content.tsx"
"Timeline",1,1,"jsx-text","components/deal-detail-content.tsx"
"Update status",1,1,"jsx-text","components/deal-detail-content.tsx"
"AI price recommendation",1,1,"jsx-text","components/deal-detail-content.tsx"
"Suggested offer",1,1,"jsx-text","components/deal-detail-content.tsx"
"Price per Acre",1,1,"jsx-text","components/deal-detail-content.tsx"
"Property Size",1,1,"jsx-text","components/deal-detail-content.tsx"
"Negotiate",1,1,"jsx-text","components/deal-detail-content.tsx"
"Negotiation strategy and talking points for this deal.",1,1,"jsx-text","components/deal-detail-content.tsx"
"Accepted amount",1,1,"jsx-text","components/deal-detail-content.tsx"
"Escrow #",1,1,"jsx-text","components/deal-detail-content.tsx"
"Closing costs",1,1,"jsx-text","components/deal-detail-content.tsx"
"Document packages",1,1,"jsx-text","components/deal-detail-content.tsx"
"Create package",1,1,"jsx-text","components/deal-detail-content.tsx"
"Create a package to bundle documents for this deal.",1,1,"jsx-text","components/deal-detail-content.tsx"
"View",1,1,"jsx-text","components/deal-detail-content.tsx"
"Generate",1,1,"jsx-text","components/deal-detail-content.tsx"
"No checklist applied",1,1,"jsx-text","components/deal-detail-content.tsx"
"Select a template to start tracking due diligence items.",1,1,"jsx-text","components/deal-detail-content.tsx"
"Doc Required",1,1,"jsx-text","components/deal-detail-content.tsx"
"Replace checklist?",1,1,"prop:title","components/deal-detail-content.tsx"
"Select a template…",1,1,"prop:placeholder","components/deal-detail-content.tsx"
"Change template…",1,1,"prop:placeholder","components/deal-detail-content.tsx"
"This replaces the current checklist with the selected template. Completed items won",1,1,"prop:description","components/deal-detail-content.tsx"
"Why this is #1 for you",1,1,"jsx-text","components/deal-feed/daily-deal-feed.tsx"
"Estimated Value",1,1,"jsx-text","components/deal-feed/daily-deal-feed.tsx"
"Aggressive Offer",1,1,"jsx-text","components/deal-feed/daily-deal-feed.tsx"
"Market Offer",1,1,"jsx-text","components/deal-feed/daily-deal-feed.tsx"
"Cash Flip Profit",1,1,"jsx-text","components/deal-feed/daily-deal-feed.tsx"
"Refine your feed?",1,1,"jsx-text","components/deal-feed/daily-deal-feed.tsx"
"No emails yet for this lead.",1,1,"jsx-text","components/deal-inbox.tsx"
"Write your reply…",1,1,"prop:placeholder","components/deal-inbox.tsx"
"DEV MODE",1,1,"jsx-text","components/dev-banner.tsx"
"— impersonating",1,1,"jsx-text","components/dev-banner.tsx"
"Document generator",1,1,"jsx-text","components/document-generator.tsx"
"Note ID",1,1,"jsx-text","components/document-generator.tsx"
"Title insurance",1,1,"jsx-text","components/document-generator.tsx"
"Recording fees",1,1,"jsx-text","components/document-generator.tsx"
"Escrow fees",1,1,"jsx-text","components/document-generator.tsx"
"Lead (seller)",1,1,"jsx-text","components/document-generator.tsx"
"Target closing date",1,1,"jsx-text","components/document-generator.tsx"
"Additional terms",1,1,"jsx-text","components/document-generator.tsx"
"Price label",1,1,"jsx-text","components/document-generator.tsx"
"Contact name",1,1,"jsx-text","components/document-generator.tsx"
"Enter note ID",1,1,"prop:placeholder","components/document-generator.tsx"
"Select a lead",1,1,"prop:placeholder","components/document-generator.tsx"
"Any additional terms or conditions…",1,1,"prop:placeholder","components/document-generator.tsx"
"LAND FOR SALE",1,1,"prop:placeholder","components/document-generator.tsx"
"email@example.com",1,1,"prop:placeholder","components/document-generator.tsx"
"report — title, tax, environmental, zoning, access, market",1,1,"jsx-text","components/due-diligence-panel.tsx"
"Failed to load dossier",1,1,"jsx-text","components/due-diligence-panel.tsx"
"Dossier generation failed",1,1,"jsx-text","components/due-diligence-panel.tsx"
"Investability:",1,1,"jsx-text","components/due-diligence-panel.tsx"
"Investability",1,1,"jsx-text","components/due-diligence-panel.tsx"
"Risk level",1,1,"jsx-text","components/due-diligence-panel.tsx"
"Green flags:",1,1,"jsx-text","components/due-diligence-panel.tsx"
"Red flags:",1,1,"jsx-text","components/due-diligence-panel.tsx"
"Title search",1,1,"jsx-text","components/due-diligence-panel.tsx"
"Liens:",1,1,"jsx-text","components/due-diligence-panel.tsx"
"Encumbrances:",1,1,"jsx-text","components/due-diligence-panel.tsx"
"No liens or encumbrances found. Title appears clear.",1,1,"jsx-text","components/due-diligence-panel.tsx"
"Tax analysis",1,1,"jsx-text","components/due-diligence-panel.tsx"
"Amount Due:",1,1,"jsx-text","components/due-diligence-panel.tsx"
"Years Delinquent:",1,1,"jsx-text","components/due-diligence-panel.tsx"
"Special Assessments:",1,1,"jsx-text","components/due-diligence-panel.tsx"
"Taxes are current with no outstanding balance.",1,1,"jsx-text","components/due-diligence-panel.tsx"
"Environmental",1,1,"jsx-text","components/due-diligence-panel.tsx"
"Wetlands:",1,1,"jsx-text","components/due-diligence-panel.tsx"
"Present on property",1,1,"jsx-text","components/due-diligence-panel.tsx"
"Flood Zone:",1,1,"jsx-text","components/due-diligence-panel.tsx"
"Concerns:",1,1,"jsx-text","components/due-diligence-panel.tsx"
"No environmental concerns identified.",1,1,"jsx-text","components/due-diligence-panel.tsx"
"Allowed Uses:",1,1,"jsx-text","components/due-diligence-panel.tsx"
"Restrictions:",1,1,"jsx-text","components/due-diligence-panel.tsx"
"Road Type:",1,1,"jsx-text","components/due-diligence-panel.tsx"
"Maintenance:",1,1,"jsx-text","components/due-diligence-panel.tsx"
"Easements:",1,1,"jsx-text","components/due-diligence-panel.tsx"
"Market comps",1,1,"jsx-text","components/due-diligence-panel.tsx"
"Median Price:",1,1,"jsx-text","components/due-diligence-panel.tsx"
"Price per Acre:",1,1,"jsx-text","components/due-diligence-panel.tsx"
"Recent Sales:",1,1,"jsx-text","components/due-diligence-panel.tsx"
"Owner research",1,1,"jsx-text","components/due-diligence-panel.tsx"
"Owner:",1,1,"jsx-text","components/due-diligence-panel.tsx"
"Type:",1,1,"jsx-text","components/due-diligence-panel.tsx"
"Motivation Indicators:",1,1,"jsx-text","components/due-diligence-panel.tsx"
"Executive summary:",1,1,"jsx-text","components/due-diligence-panel.tsx"
"Templates:",1,1,"jsx-text","components/email-compose-sheet.tsx"
"recipient@example.com",1,1,"prop:placeholder","components/email-compose-sheet.tsx"
"Email subject…",1,1,"prop:placeholder","components/email-compose-sheet.tsx"
"Write your message…",1,1,"prop:placeholder","components/email-compose-sheet.tsx"
"Add email domain",1,1,"jsx-text","components/email-domains-settings.tsx"
"Domain",1,1,"jsx-text","components/email-domains-settings.tsx"
"From email",1,1,"jsx-text","components/email-domains-settings.tsx"
"From name",1,1,"jsx-text","components/email-domains-settings.tsx"
"Loading domains…",1,1,"jsx-text","components/email-domains-settings.tsx"
"example.com",1,1,"prop:placeholder","components/email-domains-settings.tsx"
"noreply@example.com",1,1,"prop:placeholder","components/email-domains-settings.tsx"
"My Company",1,1,"prop:placeholder","components/email-domains-settings.tsx"
"Forwarding Email Address",1,1,"jsx-text","components/email-settings-content.tsx"
"Email provider not configured. Configure in Settings → Providers to enable sending.",1,1,"jsx-text","components/email-settings-content.tsx"
"Your Platform Email",1,1,"jsx-text","components/email-settings-content.tsx"
"Reply Routing",1,1,"jsx-text","components/email-settings-content.tsx"
"Add custom domain",1,1,"jsx-text","components/email-settings-content.tsx"
"From email address",1,1,"jsx-text","components/email-settings-content.tsx"
"Domain to verify:",1,1,"jsx-text","components/email-settings-content.tsx"
"CNAME",1,1,"jsx-text","components/email-settings-content.tsx"
"info@yourdomain.com",1,1,"prop:placeholder","components/email-settings-content.tsx"
"`. For ""filters returned nothing"" use `",1,1,"jsx-text","components/empty-states/FirstHelloEmpty.tsx"
"No leads yet",1,1,"prop:title","components/empty-states.tsx"
"Your pipeline is empty",1,1,"prop:title","components/empty-states.tsx"
"Add properties to track your inventory — from prospect parcels to owned land and active listings.",1,1,"prop:description","components/empty-states.tsx"
"Create your first deal to start tracking acquisitions and dispositions through your pipeline.",1,1,"prop:description","components/empty-states.tsx"
"Create tasks to track your to-dos, follow-ups, and deadlines across all your deals.",1,1,"prop:description","components/empty-states.tsx"
"Launch your first outreach campaign to connect with motivated sellers via mail, email, or SMS.",1,1,"prop:description","components/empty-states.tsx"
"Create your first seller-financed note to start tracking payments, amortization, and portfolio value.",1,1,"prop:description","components/empty-states.tsx"
"Add leads and deals to see them flow through your pipeline stages.",1,1,"prop:description","components/empty-states.tsx"
"Total value",1,1,"jsx-text","components/entity-portfolio-view.tsx"
"No entity portfolio data",1,1,"prop:title","components/entity-portfolio-view.tsx"
"Properties with status",1,1,"prop:description","components/entity-portfolio-view.tsx"
"Mineral Rights",1,1,"jsx-text","components/environmental-intelligence-card.tsx"
"Carbon Credit Potential",1,1,"jsx-text","components/environmental-intelligence-card.tsx"
"Climate Risk Assessment",1,1,"jsx-text","components/environmental-intelligence-card.tsx"
"Highest & Best Use",1,1,"jsx-text","components/environmental-intelligence-card.tsx"
"Flood",1,1,"prop:label","components/environmental-intelligence-card.tsx"
"Drought",1,1,"prop:label","components/environmental-intelligence-card.tsx"
"Hurricane",1,1,"prop:label","components/environmental-intelligence-card.tsx"
"Trace",1,1,"jsx-text","components/error-boundary.tsx"
"Welcome to AcreOS!",1,1,"jsx-text","components/feature-hints.tsx"
"Feature Tips",1,1,"jsx-text","components/feature-hints.tsx"
"What's on your mind?",1,1,"jsx-text","components/feedback-button.tsx"
"Bug report",1,1,"jsx-text","components/feedback-button.tsx"
"Confusion",1,1,"jsx-text","components/feedback-button.tsx"
"0 && message.trim().length",1,1,"jsx-text","components/feedback-button.tsx"
"Tell us what happened, what you expected, or what you",1,1,"prop:placeholder","components/feedback-button.tsx"
"Analyzing property...",1,1,"jsx-text","components/field-scanner.tsx"
"Field Scan Complete",1,1,"jsx-text","components/field-scanner.tsx"
"On site? Scan this property",1,1,"jsx-text","components/field-scanner.tsx"
"Scan This Property",1,1,"jsx-text","components/field-scanner.tsx"
"Field Scan Data",1,1,"jsx-text","components/field-scanner.tsx"
"Road:",1,1,"jsx-text","components/field-scanner.tsx"
"Terrain:",1,1,"jsx-text","components/field-scanner.tsx"
"Vegetation:",1,1,"jsx-text","components/field-scanner.tsx"
"Neighbors:",1,1,"jsx-text","components/field-scanner.tsx"
"Vegetation",1,1,"prop:label","components/field-scanner.tsx"
"Neighboring",1,1,"prop:label","components/field-scanner.tsx"
"Water Features",1,1,"prop:label","components/field-scanner.tsx"
"Structures",1,1,"prop:label","components/field-scanner.tsx"
"Syncing...",1,1,"jsx-text","components/field-scout/offline-sync-banner.tsx"
"Sync failed",1,1,"jsx-text","components/field-scout/offline-sync-banner.tsx"
"All synced",1,1,"jsx-text","components/field-scout/offline-sync-banner.tsx"
"Add",1,1,"jsx-text","components/field-scout/photo-gallery.tsx"
"Photo Detail",1,1,"jsx-text","components/field-scout/photo-gallery.tsx"
"Add a caption or notes…",1,1,"prop:placeholder","components/field-scout/photo-gallery.tsx"
"Visit location",1,1,"prop:alt","components/field-scout/scout-report-card.tsx"
"Never contacted",1,1,"jsx-text","components/focus-list.tsx"
"Call & mark contacted",1,1,"jsx-text","components/focus-list.tsx"
"SMS & mark contacted",1,1,"jsx-text","components/focus-list.tsx"
"Email & mark contacted",1,1,"jsx-text","components/focus-list.tsx"
"Away mode active",1,1,"jsx-text","components/founder/AbsenceMode.tsx"
"Trust boosted +",1,1,"jsx-text","components/founder/AbsenceMode.tsx"
"Batched for your return",1,1,"jsx-text","components/founder/AbsenceMode.tsx"
"24 hours",1,1,"jsx-text","components/founder/AbsenceMode.tsx"
"2 days",1,1,"jsx-text","components/founder/AbsenceMode.tsx"
"3 days",1,1,"jsx-text","components/founder/AbsenceMode.tsx"
"5 days",1,1,"jsx-text","components/founder/AbsenceMode.tsx"
"1 week",1,1,"jsx-text","components/founder/AbsenceMode.tsx"
"No agent activity yet. Your team is standing by.",1,1,"jsx-text","components/founder/ActivityTimeline.tsx"
"Undone",1,1,"jsx-text","components/founder/ActivityTimeline.tsx"
"For",1,1,"jsx-text","components/founder/AgentDebatePanel.tsx"
"Against",1,1,"jsx-text","components/founder/AgentDebatePanel.tsx"
"Rebuttals",1,1,"jsx-text","components/founder/AgentDebatePanel.tsx"
"CEO decision:",1,1,"jsx-text","components/founder/AgentDebatePanel.tsx"
"No debates yet. Ask a strategic question above.",1,1,"jsx-text","components/founder/AgentDebatePanel.tsx"
"Your reasoning (optional)…",1,1,"prop:placeholder","components/founder/AgentDebatePanel.tsx"
"Should we build a mobile app? Should we raise prices?",1,1,"prop:placeholder","components/founder/AgentDebatePanel.tsx"
"Talk to your team",1,1,"jsx-text","components/founder/AgentTeamChat.tsx"
"Filtered view.",1,1,"jsx-text","components/founder/CanonicalSurfacesBanner.tsx"
"Two surfaces, one rhythm.",1,1,"jsx-text","components/founder/CanonicalSurfacesBanner.tsx"
"/founder/now",1,1,"jsx-text","components/founder/CanonicalSurfacesBanner.tsx"
"/founder/cockpit",1,1,"jsx-text","components/founder/CanonicalSurfacesBanner.tsx"
"Highlights",1,1,"jsx-text","components/founder/CompanyChronicle.tsx"
"Key learnings",1,1,"jsx-text","components/founder/CompanyChronicle.tsx"
"Company chronicle",1,1,"jsx-text","components/founder/CompanyChronicle.tsx"
"No chronicle entries yet. Generate one above.",1,1,"jsx-text","components/founder/CompanyChronicle.tsx"
"Search the chronicle…",1,1,"prop:placeholder","components/founder/CompanyChronicle.tsx"
"No customer data available yet.",1,1,"jsx-text","components/founder/CustomerHealthPanel.tsx"
"Ready for autopilot",1,1,"jsx-text","components/founder/DecisionAutopilot.tsx"
"On autopilot",1,1,"jsx-text","components/founder/DecisionAutopilot.tsx"
"Learning your patterns",1,1,"jsx-text","components/founder/DecisionAutopilot.tsx"
"Positive outcomes",1,1,"jsx-text","components/founder/DecisionQuality.tsx"
"Active delegations",1,1,"jsx-text","components/founder/DelegationManager.tsx"
"— elevated to Level",1,1,"jsx-text","components/founder/DelegationManager.tsx"
"6-month projection",1,1,"jsx-text","components/founder/ForecastPanel.tsx"
"Milestones",1,1,"jsx-text","components/founder/ForecastPanel.tsx"
"Drafting…",1,1,"jsx-text","components/founder/FounderTwin.tsx"
"Draft",1,1,"jsx-text","components/founder/FounderTwin.tsx"
"No wellbeing data yet.",1,1,"jsx-text","components/founder/FounderWellbeingCard.tsx"
"Founder wellbeing",1,1,"jsx-text","components/founder/FounderWellbeingCard.tsx"
"(avg:",1,1,"jsx-text","components/founder/FounderWellbeingCard.tsx"
"Evidence",1,1,"jsx-text","components/founder/InitiativeBoard.tsx"
"Needs:",1,1,"jsx-text","components/founder/InitiativeBoard.tsx"
"Optional CEO notes…",1,1,"prop:placeholder","components/founder/InitiativeBoard.tsx"
"Works:",1,1,"jsx-text","components/founder/InstitutionalMemory.tsx"
"Doesn't work:",1,1,"jsx-text","components/founder/InstitutionalMemory.tsx"
"Agents:",1,1,"jsx-text","components/founder/InstitutionalMemory.tsx"
"Learned patterns (",1,1,"jsx-text","components/founder/InstitutionalMemory.tsx"
"Signal correlations (",1,1,"jsx-text","components/founder/InstitutionalMemory.tsx"
"Sophie recommends",1,1,"jsx-text","components/founder/OnboardingWalkthrough.tsx"
"Send retention email to Acme Corp",1,1,"jsx-text","components/founder/OnboardingWalkthrough.tsx"
"← Reject",1,1,"jsx-text","components/founder/OnboardingWalkthrough.tsx"
"Approve →",1,1,"jsx-text","components/founder/OnboardingWalkthrough.tsx"
"Keep customers happy",1,1,"jsx-text","components/founder/OnboardingWalkthrough.tsx"
"Grow revenue",1,1,"jsx-text","components/founder/OnboardingWalkthrough.tsx"
"Undo actions",1,1,"jsx-text","components/founder/OnboardingWalkthrough.tsx"
"Reverse agent decisions you disagree with",1,1,"jsx-text","components/founder/OnboardingWalkthrough.tsx"
"Quiet hours",1,1,"jsx-text","components/founder/OnboardingWalkthrough.tsx"
"No notifications between 10pm - 7am",1,1,"jsx-text","components/founder/OnboardingWalkthrough.tsx"
"Trust builds over time",1,1,"jsx-text","components/founder/OnboardingWalkthrough.tsx"
"Agents earn autonomy by proving themselves",1,1,"jsx-text","components/founder/OnboardingWalkthrough.tsx"
"Verified good",1,1,"jsx-text","components/founder/OutcomeFeedback.tsx"
"Awaiting check",1,1,"jsx-text","components/founder/OutcomeFeedback.tsx"
"Didn't help",1,1,"jsx-text","components/founder/OutcomeFeedback.tsx"
"0 ? ""up"" : m.trustDelta",1,1,"jsx-text","components/founder/PerformanceReviews.tsx"
"Strengths",1,1,"jsx-text","components/founder/PerformanceReviews.tsx"
"To improve",1,1,"jsx-text","components/founder/PerformanceReviews.tsx"
"Peer feedback",1,1,"jsx-text","components/founder/PerformanceReviews.tsx"
"Last:",1,1,"jsx-text","components/founder/PlaybookManager.tsx"
"Active playbooks",1,1,"jsx-text","components/founder/PlaybookManager.tsx"
"Simulating…",1,1,"jsx-text","components/founder/ScenarioEngine.tsx"
"Simulate",1,1,"jsx-text","components/founder/ScenarioEngine.tsx"
"What if we raise prices 20%? What if we hire 3 engineers?",1,1,"prop:placeholder","components/founder/ScenarioEngine.tsx"
"Switch:",1,1,"jsx-text","components/founder/StrategicCompass.tsx"
"Agent synergy map",1,1,"jsx-text","components/founder/SynergyMap.tsx"
"Synergy data builds as agents collaborate. Run workflows and war rooms to generate pair data.",1,1,"jsx-text","components/founder/SynergyMap.tsx"
"Send a directive to the team…",1,1,"prop:placeholder","components/founder/WarRoom.tsx"
"Available pipelines",1,1,"jsx-text","components/founder/WorkflowMonitor.tsx"
"steps &middot;",1,1,"jsx-text","components/founder/WorkflowMonitor.tsx"
"Paying orgs with elevated churn risk — Pax auto-rescues at 85+",1,1,"jsx-text","components/founder/customers-health/churn-risk-panel.tsx"
"No orgs at elevated churn risk",1,1,"jsx-text","components/founder/customers-health/churn-risk-panel.tsx"
"0 && opexNet",1,1,"jsx-text","components/founder/finance-now-tiles.tsx"
"0 && refundReserve",1,1,"jsx-text","components/founder/finance-now-tiles.tsx"
"Money",1,1,"jsx-text","components/founder/finance-now-tiles.tsx"
"Bucket alarm",1,1,"jsx-text","components/founder/finance-now-tiles.tsx"
"Buckets",1,1,"jsx-text","components/founder/finance-steering-sections.tsx"
"MRR + margin",1,1,"jsx-text","components/founder/finance-steering-sections.tsx"
"By tier (last 30d)",1,1,"jsx-text","components/founder/finance-steering-sections.tsx"
"Per-org margin",1,1,"jsx-text","components/founder/finance-steering-sections.tsx"
"Show net-negative only",1,1,"jsx-text","components/founder/finance-steering-sections.tsx"
"Var cost",1,1,"jsx-text","components/founder/finance-steering-sections.tsx"
"No scale-up decisions yet.",1,1,"jsx-text","components/founder/finance-steering-sections.tsx"
"Recovery actions",1,1,"jsx-text","components/founder/finance-steering-sections.tsx"
"Confirm bucket transfer",1,1,"jsx-text","components/founder/finance-steering-sections.tsx"
"Why is this transfer needed?",1,1,"prop:placeholder","components/founder/finance-steering-sections.tsx"
"No AI spend yet today.",1,1,"jsx-text","components/founder-bridge/AIBudgetTile.tsx"
"AI Budget",1,1,"prop:label","components/founder-bridge/AIBudgetTile.tsx"
"Nothing in the queue. You're caught up.",1,1,"jsx-text","components/founder-bridge/ActionQueueTile.tsx"
"Action queue",1,1,"prop:label","components/founder-bridge/ActionQueueTile.tsx"
"Agent system status",1,1,"prop:label","components/founder-bridge/AgentRowTile.tsx"
"Polling agent health",1,1,"prop:label","components/founder-bridge/AgentRowTile.tsx"
"Atlas is streaming",1,1,"prop:label","components/founder-bridge/BridgeAtlasPane.tsx"
"Atlas streaming",1,1,"prop:label","components/founder-bridge/BridgeAtlasSheet.tsx"
"Atlas stream active",1,1,"prop:label","components/founder-bridge/BridgeHeader.tsx"
"0.05 ? TrendingUp : deltaPct",1,1,"jsx-text","components/founder-bridge/HeroMetricTile.tsx"
"0 ? ""↑"" : deltaPct",1,1,"jsx-text","components/founder-bridge/HeroMetricTile.tsx"
"Enter",1,1,"jsx-text","components/founder-chat/Composer.tsx"
"Voice (coming in Phase D)",1,1,"prop:title","components/founder-chat/Composer.tsx"
"Ask Atlas about what you",1,1,"prop:placeholder","components/founder-chat/Dock.tsx"
"Atlas is ready.",1,1,"jsx-text","components/founder-chat/MessageList.tsx"
"Threads",1,1,"jsx-text","components/founder-chat/ThreadSidebar.tsx"
"Unknown artifact type",1,1,"jsx-text","components/founder-chat/artifacts/_unknown.tsx"
"Investigate",1,1,"jsx-text","components/founder-chat/artifacts/decision_card.tsx"
"Confirm rotation",1,1,"jsx-text","components/founder-chat/artifacts/secret_paste.tsx"
"Try searching by:",1,1,"jsx-text","components/founder-command-palette.tsx"
"• An agent name (forge_revenue, sophie_csm)",1,1,"jsx-text","components/founder-command-palette.tsx"
"• A customer slug or name",1,1,"jsx-text","components/founder-command-palette.tsx"
"• A keyword from a decision (""churn"", ""dunning"")",1,1,"jsx-text","components/founder-command-palette.tsx"
"• A month (2026-04)",1,1,"jsx-text","components/founder-command-palette.tsx"
"• A provider name (""lob"", ""twilio"") for the provider audit",1,1,"jsx-text","components/founder-command-palette.tsx"
"• ""org 12"" or a ledger id (#12345) for the inspector",1,1,"jsx-text","components/founder-command-palette.tsx"
"Press Esc to close.",1,1,"jsx-text","components/founder-command-palette.tsx"
"No matches.",1,1,"jsx-text","components/founder-command-palette.tsx"
"Search decisions, agents, customers, letters, proposals…",1,1,"prop:placeholder","components/founder-command-palette.tsx"
"Loading platform configuration...",1,1,"jsx-text","components/founder-setup-wizard.tsx"
"Readiness",1,1,"jsx-text","components/founder-setup-wizard.tsx"
"Required credentials missing:",1,1,"jsx-text","components/founder-setup-wizard.tsx"
"SESSION_SECRET",1,1,"jsx-text","components/founder-setup-wizard.tsx"
"FIELD_ENCRYPTION_KEY",1,1,"jsx-text","components/founder-setup-wizard.tsx"
"Why OpenRouter?",1,1,"jsx-text","components/founder-setup-wizard.tsx"
"""Auto-wire Webhook""",1,1,"jsx-text","components/founder-setup-wizard.tsx"
"Required — missing credentials",1,1,"jsx-text","components/founder-setup-wizard.tsx"
"Optional — can configure later",1,1,"jsx-text","components/founder-setup-wizard.tsx"
"Platform is configured and ready.",1,1,"jsx-text","components/founder-setup-wizard.tsx"
"Core Platform",1,1,"prop:title","components/founder-setup-wizard.tsx"
"AI Provider",1,1,"prop:title","components/founder-setup-wizard.tsx"
"Stripe Payments",1,1,"prop:title","components/founder-setup-wizard.tsx"
"Email Delivery (AWS SES)",1,1,"prop:title","components/founder-setup-wizard.tsx"
"Maps (Mapbox)",1,1,"prop:title","components/founder-setup-wizard.tsx"
"Direct Mail (Lob)",1,1,"prop:title","components/founder-setup-wizard.tsx"
"SMS & Phone (Twilio)",1,1,"prop:title","components/founder-setup-wizard.tsx"
"Test OpenRouter",1,1,"prop:label","components/founder-setup-wizard.tsx"
"Test Stripe",1,1,"prop:label","components/founder-setup-wizard.tsx"
"Test SES",1,1,"prop:label","components/founder-setup-wizard.tsx"
"Test Mapbox",1,1,"prop:label","components/founder-setup-wizard.tsx"
"Test Lob",1,1,"prop:label","components/founder-setup-wizard.tsx"
"Test Twilio",1,1,"prop:label","components/founder-setup-wizard.tsx"
"Essential settings that the platform cannot run without.",1,1,"prop:description","components/founder-setup-wizard.tsx"
"Powers land valuations, offer generation, lead scoring, and every AI-driven insight.",1,1,"prop:description","components/founder-setup-wizard.tsx"
"Subscription billing, credit purchases, and revenue collection.",1,1,"prop:description","components/founder-setup-wizard.tsx"
"Sends transactional emails — signup confirmations, password resets, and campaign outreach.",1,1,"prop:description","components/founder-setup-wizard.tsx"
"Parcel overlay maps, county heat maps, and geographic lead visualization.",1,1,"prop:description","components/founder-setup-wizard.tsx"
"Physical mailers — postcards, letters, and offer packets to land sellers.",1,1,"prop:description","components/founder-setup-wizard.tsx"
"Text message campaigns and call routing for seller outreach.",1,1,"prop:description","components/founder-setup-wizard.tsx"
"Financial Freedom",1,1,"jsx-text","components/freedom-progress-card.tsx"
"Create your first note to start tracking",1,1,"jsx-text","components/freedom-progress-card.tsx"
"Set your freedom target to start tracking",1,1,"jsx-text","components/freedom-progress-card.tsx"
"Set target",1,1,"jsx-text","components/freedom-progress-card.tsx"
"Getting Started",1,1,"jsx-text","components/getting-started-checklist.tsx"
"GIS Filters",1,1,"jsx-text","components/gis-filters.tsx"
"GIS-Based Filters",1,1,"jsx-text","components/gis-filters.tsx"
"Within",1,1,"jsx-text","components/gis-filters.tsx"
"(property: T, enrichmentData: Record",1,1,"jsx-text","components/gis-filters.tsx"
"| null) || (property.dueDiligenceData as Record",1,1,"jsx-text","components/gis-filters.tsx"
"Timeout",1,1,"jsx-text","components/gis-health-dashboard.tsx"
"GIS Data Source Health",1,1,"jsx-text","components/gis-health-dashboard.tsx"
"Validation in progress...",1,1,"jsx-text","components/gis-health-dashboard.tsx"
"Total Endpoints",1,1,"jsx-text","components/gis-health-dashboard.tsx"
"States Covered",1,1,"jsx-text","components/gis-health-dashboard.tsx"
"Counties Covered",1,1,"jsx-text","components/gis-health-dashboard.tsx"
"Recently Verified",1,1,"jsx-text","components/gis-health-dashboard.tsx"
"Health Score",1,1,"jsx-text","components/gis-health-dashboard.tsx"
"Timeouts",1,1,"jsx-text","components/gis-health-dashboard.tsx"
"Avg Response",1,1,"jsx-text","components/gis-health-dashboard.tsx"
"Response Time",1,1,"jsx-text","components/gis-health-dashboard.tsx"
"Endpoints by State",1,1,"jsx-text","components/gis-health-dashboard.tsx"
"What issue are you experiencing?",1,1,"jsx-text","components/help/HelpPanel.tsx"
"Select a category to get step-by-step help",1,1,"jsx-text","components/help/HelpPanel.tsx"
"0 && completedSteps.length",1,1,"jsx-text","components/help/HelpPanel.tsx"
"Your Conversations",1,1,"jsx-text","components/help/HelpPanel.tsx"
"No support conversations yet",1,1,"jsx-text","components/help/HelpPanel.tsx"
"Pax can help with technical issues, account questions, and more",1,1,"jsx-text","components/help/HelpPanel.tsx"
"Chat with Pax",1,1,"jsx-text","components/help/HelpPanel.tsx"
"Your AcreOS support assistant",1,1,"jsx-text","components/help/HelpPanel.tsx"
"What do you need help with?",1,1,"jsx-text","components/help/HelpPanel.tsx"
"Describe the issue",1,1,"jsx-text","components/help/HelpPanel.tsx"
"General",1,1,"jsx-text","components/help/HelpPanel.tsx"
"Technical",1,1,"jsx-text","components/help/HelpPanel.tsx"
"Normal",1,1,"jsx-text","components/help/HelpPanel.tsx"
"Search help topics…",1,1,"prop:placeholder","components/help/HelpPanel.tsx"
"Brief summary of your issue",1,1,"prop:placeholder","components/help/HelpPanel.tsx"
"Please provide as much detail as possible…",1,1,"prop:placeholder","components/help/HelpPanel.tsx"
"Overview of AcreOS capabilities",1,1,"jsx-text","components/help-content.tsx"
"Find Deals",1,1,"jsx-text","components/help-content.tsx"
"Lead management & marketing campaigns",1,1,"jsx-text","components/help-content.tsx"
"Close Deals",1,1,"jsx-text","components/help-content.tsx"
"Deal pipeline & property tracking",1,1,"jsx-text","components/help-content.tsx"
"Automate",1,1,"jsx-text","components/help-content.tsx"
"AI agents & smart workflows",1,1,"jsx-text","components/help-content.tsx"
"Understanding platform vs. custom credentials",1,1,"jsx-text","components/help-content.tsx"
"Platform Credentials",1,1,"jsx-text","components/help-content.tsx"
"Custom Credentials",1,1,"jsx-text","components/help-content.tsx"
"Tip:",1,1,"jsx-text","components/help-content.tsx"
"Common questions about using AcreOS",1,1,"jsx-text","components/help-content.tsx"
"Need More Help?",1,1,"jsx-text","components/help-content.tsx"
"Import Type",1,1,"jsx-text","components/import-export.tsx"
"Expected Columns",1,1,"jsx-text","components/import-export.tsx"
"Validation Errors",1,1,"jsx-text","components/import-export.tsx"
"Import Complete",1,1,"jsx-text","components/import-export.tsx"
"Export Type",1,1,"jsx-text","components/import-export.tsx"
"Format",1,1,"jsx-text","components/import-export.tsx"
"Status Filter",1,1,"jsx-text","components/import-export.tsx"
"Start Date",1,1,"jsx-text","components/import-export.tsx"
"End Date",1,1,"jsx-text","components/import-export.tsx"
"Full Data Backup",1,1,"jsx-text","components/import-export.tsx"
"e.g., new, active",1,1,"prop:placeholder","components/import-export.tsx"
"Not Configured",1,1,"jsx-text","components/integrations-settings.tsx"
"API Key:",1,1,"jsx-text","components/integrations-settings.tsx"
"Why configure your own API keys?",1,1,"prop:title","components/integrations-settings.tsx"
"Enter your API key",1,1,"prop:placeholder","components/integrations-settings.tsx"
"By default, campaigns send from our shared platform. Add your own keys to send from your verified domain for better deliverability and professional branding.",1,1,"prop:description","components/integrations-settings.tsx"
"Power User",1,1,"jsx-text","components/keyboard-shortcuts.tsx"
"Pax AI Insights",1,1,"jsx-text","components/layout-sidebar.tsx"
"Pax Insights",1,1,"jsx-text","components/layout-sidebar.tsx"
"Pax is watching for insights.",1,1,"jsx-text","components/layout-sidebar.tsx"
"You'll be notified when something needs attention.",1,1,"jsx-text","components/layout-sidebar.tsx"
"Collapse",1,1,"jsx-text","components/layout-sidebar.tsx"
"Land Investor OS",1,1,"jsx-text","components/layout-sidebar.tsx"
"Industry benchmark",1,1,"jsx-text","components/lcs-benchmark-popover.tsx"
"Your LCS",1,1,"jsx-text","components/lcs-benchmark-popover.tsx"
"State median",1,1,"jsx-text","components/lcs-benchmark-popover.tsx"
"75th percentile",1,1,"jsx-text","components/lcs-benchmark-popover.tsx"
"Benchmark data unavailable for this property.",1,1,"jsx-text","components/lcs-benchmark-popover.tsx"
"Last nurtured (AI)",1,1,"jsx-text","components/lead-detail-content.tsx"
"Next follow-up",1,1,"jsx-text","components/lead-detail-content.tsx"
"Consent date",1,1,"jsx-text","components/lead-detail-content.tsx"
"Consent source",1,1,"jsx-text","components/lead-detail-content.tsx"
"Opt-out date",1,1,"jsx-text","components/lead-detail-content.tsx"
"Opt-out reason",1,1,"jsx-text","components/lead-detail-content.tsx"
"Assigned to",1,1,"jsx-text","components/lead-detail-content.tsx"
"Emails",1,1,"jsx-text","components/lead-detail-content.tsx"
"Select assignee",1,1,"prop:placeholder","components/lead-detail-content.tsx"
"Legal hold active",1,1,"jsx-text","components/legal-hold-banner.tsx"
"Per page:",1,1,"jsx-text","components/list-pagination.tsx"
"Live demo mode",1,1,"jsx-text","components/live-demo-mode.tsx"
"0 && balance",1,1,"jsx-text","components/low-balance-alert.tsx"
"Low credit balance:",1,1,"jsx-text","components/low-balance-alert.tsx"
"Identity Name",1,1,"jsx-text","components/mail-settings-content.tsx"
"Company Name",1,1,"jsx-text","components/mail-settings-content.tsx"
"Street Address",1,1,"jsx-text","components/mail-settings-content.tsx"
"Address Line 2 (Optional)",1,1,"jsx-text","components/mail-settings-content.tsx"
"ZIP Code",1,1,"jsx-text","components/mail-settings-content.tsx"
"Country",1,1,"jsx-text","components/mail-settings-content.tsx"
"United States",1,1,"jsx-text","components/mail-settings-content.tsx"
"Delete Return Address",1,1,"prop:title","components/mail-settings-content.tsx"
"e.g., Main Office, Marketing Dept",1,1,"prop:placeholder","components/mail-settings-content.tsx"
"Your Company LLC",1,1,"prop:placeholder","components/mail-settings-content.tsx"
"123 Main Street",1,1,"prop:placeholder","components/mail-settings-content.tsx"
"Suite 100",1,1,"prop:placeholder","components/mail-settings-content.tsx"
"Los Angeles",1,1,"prop:placeholder","components/mail-settings-content.tsx"
"Select country",1,1,"prop:placeholder","components/mail-settings-content.tsx"
"Auction complete",1,1,"jsx-text","components/mobile/CourthouseMode.tsx"
"Worksheet cleared",1,1,"jsx-text","components/mobile/CourthouseMode.tsx"
"My max",1,1,"prop:label","components/mobile/CourthouseMode.tsx"
"Walk-away >",1,1,"prop:label","components/mobile/CourthouseMode.tsx"
"Won",1,1,"prop:label","components/mobile/CourthouseMode.tsx"
"Outbid",1,1,"prop:label","components/mobile/CourthouseMode.tsx"
"Skip",1,1,"prop:label","components/mobile/CourthouseMode.tsx"
"Snooze 24h",1,1,"jsx-text","components/mobile/InboxTab.tsx"
"Couldn't load inbox",1,1,"jsx-text","components/mobile/InboxTab.tsx"
"Search actions…",1,1,"prop:placeholder","components/mobile/MobileCommandDrawer.tsx"
"Lead unavailable",1,1,"jsx-text","components/mobile/MobileLeadDetail.tsx"
"Bad lead URL",1,1,"jsx-text","components/mobile/MobileLeadDetail.tsx"
"Couldn't load leads",1,1,"jsx-text","components/mobile/MobileLeadList.tsx"
"Search name, phone, address…",1,1,"prop:placeholder","components/mobile/MobileLeadList.tsx"
"Bad parcel URL",1,1,"jsx-text","components/mobile/MobilePropertyDetail.tsx"
"Market",1,1,"prop:label","components/mobile/MobilePropertyDetail.tsx"
"Inbound call",1,1,"jsx-text","components/mobile/QuickAddSheet.tsx"
"Mailer reply",1,1,"jsx-text","components/mobile/QuickAddSheet.tsx"
"SMS reply",1,1,"jsx-text","components/mobile/QuickAddSheet.tsx"
"Referral",1,1,"jsx-text","components/mobile/QuickAddSheet.tsx"
"Website",1,1,"jsx-text","components/mobile/QuickAddSheet.tsx"
"No notes to log against",1,1,"jsx-text","components/mobile/QuickAddSheet.tsx"
"Paid on",1,1,"jsx-text","components/mobile/QuickAddSheet.tsx"
"Issue",1,1,"jsx-text","components/mobile/QuickAddSheet.tsx"
"Emergency",1,1,"jsx-text","components/mobile/QuickAddSheet.tsx"
"Standard",1,1,"jsx-text","components/mobile/QuickAddSheet.tsx"
"Cosmetic",1,1,"jsx-text","components/mobile/QuickAddSheet.tsx"
"Pick a note…",1,1,"prop:placeholder","components/mobile/QuickAddSheet.tsx"
"Wire / ACH / late fee waived?",1,1,"prop:placeholder","components/mobile/QuickAddSheet.tsx"
"What happened?",1,1,"prop:placeholder","components/mobile/QuickAddSheet.tsx"
"Open portfolio P&amp;L",1,1,"jsx-text","components/mobile/persona-tabs/LandlordTabs.tsx"
"Occupancy",1,1,"prop:label","components/mobile/persona-tabs/LandlordTabs.tsx"
"MTD rent collected",1,1,"prop:label","components/mobile/persona-tabs/LandlordTabs.tsx"
"YTD expenses",1,1,"prop:label","components/mobile/persona-tabs/LandlordTabs.tsx"
"YTD depreciation",1,1,"prop:label","components/mobile/persona-tabs/LandlordTabs.tsx"
"30 && (n.daysSincePayment ?? 0)",1,1,"jsx-text","components/mobile/persona-tabs/NoteInvestorTabs.tsx"
"Open all notes",1,1,"jsx-text","components/mobile/persona-tabs/NoteInvestorTabs.tsx"
"(n.daysSincePayment ?? 0)",1,1,"jsx-text","components/mobile/persona-tabs/NoteInvestorTabs.tsx"
"Delinquent",1,1,"prop:label","components/mobile/persona-tabs/NoteInvestorTabs.tsx"
"Total balance",1,1,"prop:label","components/mobile/persona-tabs/NoteInvestorTabs.tsx"
"MTD received",1,1,"prop:label","components/mobile/persona-tabs/NoteInvestorTabs.tsx"
"No active subdivisions yet.",1,1,"jsx-text","components/mobile/persona-tabs/SubdividerTabs.tsx"
"All permit gates on track",1,1,"jsx-text","components/mobile/persona-tabs/SubdividerTabs.tsx"
"Basis recovery",1,1,"jsx-text","components/mobile/persona-tabs/SubdividerTabs.tsx"
"Open subdivisions",1,1,"jsx-text","components/mobile/persona-tabs/SubdividerTabs.tsx"
"Lots in market",1,1,"prop:label","components/mobile/persona-tabs/SubdividerTabs.tsx"
"Sold this month",1,1,"prop:label","components/mobile/persona-tabs/SubdividerTabs.tsx"
"Active subdivisions",1,1,"prop:label","components/mobile/persona-tabs/SubdividerTabs.tsx"
"Carrying-cost burn",1,1,"prop:label","components/mobile/persona-tabs/SubdividerTabs.tsx"
"Sold YTD",1,1,"prop:label","components/mobile/persona-tabs/SubdividerTabs.tsx"
"Blended lot price",1,1,"prop:label","components/mobile/persona-tabs/SubdividerTabs.tsx"
"c.status !== ""redeemed"" && c.daysRemaining != null && c.daysRemaining",1,1,"jsx-text","components/mobile/persona-tabs/TaxDelinquentTabs.tsx"
"(c.daysRemaining ?? 999)",1,1,"jsx-text","components/mobile/persona-tabs/TaxDelinquentTabs.tsx"
"Open full redemption clock",1,1,"jsx-text","components/mobile/persona-tabs/TaxDelinquentTabs.tsx"
"Total redemption $",1,1,"prop:label","components/mobile/persona-tabs/TaxDelinquentTabs.tsx"
"Couldn't load Today",1,1,"jsx-text","components/mobile/persona-tabs/UniversalTabs.tsx"
"Capture your first lead",1,1,"jsx-text","components/mobile/persona-tabs/UniversalTabs.tsx"
"Full portfolio view",1,1,"jsx-text","components/mobile/persona-tabs/UniversalTabs.tsx"
"Active deals",1,1,"prop:label","components/mobile/persona-tabs/UniversalTabs.tsx"
"Monthly revenue",1,1,"prop:label","components/mobile/persona-tabs/UniversalTabs.tsx"
"Active properties",1,1,"prop:label","components/mobile/persona-tabs/UniversalTabs.tsx"
"MTD revenue",1,1,"prop:label","components/mobile/persona-tabs/UniversalTabs.tsx"
"d._days != null && d._days",1,1,"jsx-text","components/mobile/persona-tabs/WholesalerTabs.tsx"
"Open deals pipeline",1,1,"jsx-text","components/mobile/persona-tabs/WholesalerTabs.tsx"
"In-flight contracts",1,1,"prop:label","components/mobile/persona-tabs/WholesalerTabs.tsx"
"EMD at risk (est.)",1,1,"prop:label","components/mobile/persona-tabs/WholesalerTabs.tsx"
"Why did this one slip?",1,1,"jsx-text","components/modals/lost-reason-modal.tsx"
"Anything else worth remembering? (optional)",1,1,"prop:placeholder","components/modals/lost-reason-modal.tsx"
"Offer amount (USD)",1,1,"jsx-text","components/modals/quick-offer-modal.tsx"
"e.g. APN 304-12-456",1,1,"prop:placeholder","components/modals/quick-offer-modal.tsx"
"All services operational",1,1,"jsx-text","components/monthly-checkin.tsx"
"Autonomous Actions",1,1,"jsx-text","components/monthly-checkin.tsx"
"Top Requests",1,1,"jsx-text","components/monthly-checkin.tsx"
"No requests",1,1,"jsx-text","components/monthly-checkin.tsx"
"Customize Navigation",1,1,"jsx-text","components/nav-customizer.tsx"
"Mobile Bottom Bar",1,1,"prop:label","components/nav-customizer.tsx"
"Coordinates needed for navigation.",1,1,"jsx-text","components/navigate-to-property.tsx"
"Neighbor data requires parcel boundary information.",1,1,"jsx-text","components/neighbor-outreach.tsx"
"to identify adjacent parcels.",1,1,"jsx-text","components/neighbor-outreach.tsx"
"Create new",1,1,"jsx-text","components/new-item-menu.tsx"
"Assignment paperwork",1,1,"jsx-text","components/note-assignments-card.tsx"
"Generate assignment paperwork",1,1,"jsx-text","components/note-assignments-card.tsx"
"Assignee (buyer) name *",1,1,"jsx-text","components/note-assignments-card.tsx"
"Assignee address",1,1,"jsx-text","components/note-assignments-card.tsx"
"Recording state (informational)",1,1,"jsx-text","components/note-assignments-card.tsx"
"Generate + download",1,1,"jsx-text","components/note-assignments-card.tsx"
"TX, FL, etc.",1,1,"prop:placeholder","components/note-assignments-card.tsx"
"Basis schedule",1,1,"jsx-text","components/note-basis-schedule.tsx"
"Starting basis",1,1,"jsx-text","components/note-basis-schedule.tsx"
"Accreted discount",1,1,"jsx-text","components/note-basis-schedule.tsx"
"Principal received",1,1,"jsx-text","components/note-basis-schedule.tsx"
"Ending basis",1,1,"jsx-text","components/note-basis-schedule.tsx"
"Hazard insurance",1,1,"jsx-text","components/note-compliance-card.tsx"
"Expiring soon",1,1,"jsx-text","components/note-compliance-card.tsx"
"Lapsed",1,1,"jsx-text","components/note-compliance-card.tsx"
"Force-placed",1,1,"jsx-text","components/note-compliance-card.tsx"
"Policy number",1,1,"jsx-text","components/note-compliance-card.tsx"
"Property-tax escrow",1,1,"jsx-text","components/note-compliance-card.tsx"
"Tax escrow not collected on this note.",1,1,"jsx-text","components/note-compliance-card.tsx"
"Collecting tax escrow",1,1,"jsx-text","components/note-compliance-card.tsx"
"Tax authority",1,1,"jsx-text","components/note-compliance-card.tsx"
"Next disbursement due",1,1,"jsx-text","components/note-compliance-card.tsx"
"Disbursement amount",1,1,"jsx-text","components/note-compliance-card.tsx"
"= 0 && dueInDays",1,1,"jsx-text","components/note-compliance-card.tsx"
"County name / state DOR",1,1,"prop:placeholder","components/note-compliance-card.tsx"
"Policy #",1,1,"prop:label","components/note-compliance-card.tsx"
"Authority",1,1,"prop:label","components/note-compliance-card.tsx"
"Loss-mit case file",1,1,"jsx-text","components/note-loss-mit-card.tsx"
"DPD at open",1,1,"jsx-text","components/note-loss-mit-card.tsx"
"Active duty — protected",1,1,"jsx-text","components/note-loss-mit-card.tsx"
"Cleared",1,1,"jsx-text","components/note-loss-mit-card.tsx"
"Action log",1,1,"jsx-text","components/note-loss-mit-card.tsx"
"No actions logged yet.",1,1,"jsx-text","components/note-loss-mit-card.tsx"
"Open loss-mit case",1,1,"jsx-text","components/note-loss-mit-card.tsx"
"Days past due",1,1,"jsx-text","components/note-loss-mit-card.tsx"
"Log action",1,1,"jsx-text","components/note-loss-mit-card.tsx"
"Close case — pick outcome",1,1,"jsx-text","components/note-loss-mit-card.tsx"
"How did this resolve?",1,1,"jsx-text","components/note-loss-mit-card.tsx"
"Cured — borrower brought current",1,1,"jsx-text","components/note-loss-mit-card.tsx"
"Modified — note terms changed",1,1,"jsx-text","components/note-loss-mit-card.tsx"
"Deed-in-lieu accepted",1,1,"jsx-text","components/note-loss-mit-card.tsx"
"Short sale closed",1,1,"jsx-text","components/note-loss-mit-card.tsx"
"Foreclosure completed",1,1,"jsx-text","components/note-loss-mit-card.tsx"
"Charged off",1,1,"jsx-text","components/note-loss-mit-card.tsx"
"What happened, when did borrower stop paying, any contact context…",1,1,"prop:placeholder","components/note-loss-mit-card.tsx"
"Payoff calculator",1,1,"jsx-text","components/note-payoff-calculator.tsx"
"As of",1,1,"jsx-text","components/note-payoff-calculator.tsx"
"Couldn't compute payoff. Try again.",1,1,"jsx-text","components/note-payoff-calculator.tsx"
"Total payoff",1,1,"jsx-text","components/note-payoff-calculator.tsx"
"− Unapplied credit",1,1,"prop:label","components/note-payoff-calculator.tsx"
"Unapplied funds on hand:",1,1,"jsx-text","components/note-record-payment-modal.tsx"
"Wire",1,1,"jsx-text","components/note-record-payment-modal.tsx"
"Amount (held in unapplied)",1,1,"jsx-text","components/note-record-payment-modal.tsx"
"Principal (extra)",1,1,"jsx-text","components/note-record-payment-modal.tsx"
"Amount to draw from unapplied",1,1,"jsx-text","components/note-record-payment-modal.tsx"
"Original payment ID",1,1,"jsx-text","components/note-record-payment-modal.tsx"
"Gross cash applied",1,1,"jsx-text","components/note-record-payment-modal.tsx"
"New current balance",1,1,"jsx-text","components/note-record-payment-modal.tsx"
"New unapplied balance",1,1,"jsx-text","components/note-record-payment-modal.tsx"
"UUID of the bounced payment",1,1,"prop:placeholder","components/note-record-payment-modal.tsx"
"Check #, ACH trace, etc.",1,1,"prop:placeholder","components/note-record-payment-modal.tsx"
"Ownership splits",1,1,"jsx-text","components/note-splits-card.tsx"
"(org)",1,1,"jsx-text","components/note-splits-card.tsx"
"Add investor split",1,1,"jsx-text","components/note-splits-card.tsx"
"Investor name *",1,1,"jsx-text","components/note-splits-card.tsx"
"LP investor",1,1,"jsx-text","components/note-splits-card.tsx"
"Org (self-funded)",1,1,"jsx-text","components/note-splits-card.tsx"
"Percentage *",1,1,"jsx-text","components/note-splits-card.tsx"
"Current yield",1,1,"prop:label","components/note-yield-panel.tsx"
"YTM at acquisition",1,1,"prop:label","components/note-yield-panel.tsx"
"IRR to date",1,1,"prop:label","components/note-yield-panel.tsx"
"Effective net",1,1,"prop:label","components/note-yield-panel.tsx"
"How did you get these notes?",1,1,"jsx-text","components/notes-import-dialog.tsx"
"I bought these notes",1,1,"jsx-text","components/notes-import-dialog.tsx"
"I originated these notes",1,1,"jsx-text","components/notes-import-dialog.tsx"
"Drop your CSV here or click to browse",1,1,"jsx-text","components/notes-import-dialog.tsx"
"CSV import tips:",1,1,"jsx-text","components/notes-import-dialog.tsx"
"1. Export notes from your current platform as CSV",1,1,"jsx-text","components/notes-import-dialog.tsx"
"2. Upload the downloaded file here",1,1,"jsx-text","components/notes-import-dialog.tsx"
"3. Review the field mapping in the next step",1,1,"jsx-text","components/notes-import-dialog.tsx"
"Importing notes…",1,1,"jsx-text","components/notes-import-dialog.tsx"
"No notifications",1,1,"jsx-text","components/notification-center.tsx"
"You're all caught up!",1,1,"jsx-text","components/notification-center.tsx"
"View all activity",1,1,"jsx-text","components/notification-center.tsx"
"Choose which events reach you, and where.",1,1,"jsx-text","components/notification-preferences.tsx"
"Not likely",1,1,"jsx-text","components/nps-dialog.tsx"
"Extremely likely",1,1,"jsx-text","components/nps-dialog.tsx"
"Thank you for your feedback!",1,1,"jsx-text","components/nps-dialog.tsx"
"What could we do better? What do you like most?",1,1,"prop:placeholder","components/nps-dialog.tsx"
"Total Selected",1,1,"jsx-text","components/offer-preflight-checklist.tsx"
"Batch Readiness",1,1,"jsx-text","components/offer-preflight-checklist.tsx"
"Issues Found",1,1,"jsx-text","components/offer-preflight-checklist.tsx"
"All checks passed!",1,1,"jsx-text","components/offer-preflight-checklist.tsx"
"Here are 3 offer prices. Pick one.",1,1,"jsx-text","components/offer-wizard.tsx"
"Unable to generate offer analysis.",1,1,"jsx-text","components/offer-wizard.tsx"
"Here's the letter. Send it.",1,1,"jsx-text","components/offer-wizard.tsx"
"Delivery method:",1,1,"jsx-text","components/offer-wizard.tsx"
"Glad you&rsquo;re here.",1,1,"jsx-text","components/onboarding/OnboardingWizard.tsx"
"You can rename this anytime in Settings.",1,1,"jsx-text","components/onboarding/OnboardingWizard.tsx"
"Which best describes you?",1,1,"jsx-text","components/onboarding/OnboardingWizard.tsx"
"What kind of investing do you do?",1,1,"jsx-text","components/onboarding/OnboardingWizard.tsx"
"your notes.",1,1,"jsx-text","components/onboarding/OnboardingWizard.tsx"
"Import notes CSV",1,1,"jsx-text","components/onboarding/OnboardingWizard.tsx"
"Import leads CSV",1,1,"jsx-text","components/onboarding/OnboardingWizard.tsx"
"to look at.",1,1,"jsx-text","components/onboarding/OnboardingWizard.tsx"
"Load sample data",1,1,"jsx-text","components/onboarding/OnboardingWizard.tsx"
"Add one manually",1,1,"jsx-text","components/onboarding/OnboardingWizard.tsx"
"your email.",1,1,"jsx-text","components/onboarding/OnboardingWizard.tsx"
"Open email settings",1,1,"jsx-text","components/onboarding/OnboardingWizard.tsx"
"campaign.",1,1,"jsx-text","components/onboarding/OnboardingWizard.tsx"
"Open Marketing Hub",1,1,"jsx-text","components/onboarding/OnboardingWizard.tsx"
"You&rsquo;re all set.",1,1,"jsx-text","components/onboarding/OnboardingWizard.tsx"
"e.g. Apex Land Group",1,1,"prop:placeholder","components/onboarding/OnboardingWizard.tsx"
"Set up 1099-INT issuance",1,1,"jsx-text","components/onboarding/TaxIdentityPrompt.tsx"
"Apt / Suite (optional)",1,1,"prop:placeholder","components/onboarding/TaxIdentityPrompt.tsx"
"Organization Name",1,1,"jsx-text","components/onboarding-wizard.tsx"
"What type of investing do you do?",1,1,"jsx-text","components/onboarding-wizard.tsx"
"Property Address",1,1,"jsx-text","components/onboarding-wizard.tsx"
"View Campaigns",1,1,"jsx-text","components/onboarding-wizard.tsx"
"Create Sequence",1,1,"jsx-text","components/onboarding-wizard.tsx"
"You're All Set!",1,1,"jsx-text","components/onboarding-wizard.tsx"
"Organization:",1,1,"jsx-text","components/onboarding-wizard.tsx"
"Business type:",1,1,"jsx-text","components/onboarding-wizard.tsx"
"Campaign templates created",1,1,"jsx-text","components/onboarding-wizard.tsx"
"My Real Estate Company",1,1,"prop:placeholder","components/onboarding-wizard.tsx"
"123 Main St or Tract 5 FM 2222",1,1,"prop:placeholder","components/onboarding-wizard.tsx"
"No organizations found.",1,1,"jsx-text","components/org-switcher.tsx"
"Search organizations…",1,1,"prop:placeholder","components/org-switcher.tsx"
"e.g. Smith Land LLC",1,1,"prop:placeholder","components/owning-entity-select.tsx"
"Loading page…",1,1,"jsx-text","components/page-shell.tsx"
"ARV is not AVM.",1,1,"jsx-text","components/parcels/arv-calculator.tsx"
"No ARV computed yet. Add comps below.",1,1,"jsx-text","components/parcels/arv-calculator.tsx"
"Compute new ARV",1,1,"jsx-text","components/parcels/arv-calculator.tsx"
"Subject sqft",1,1,"jsx-text","components/parcels/arv-calculator.tsx"
"Subject post-rehab condition (1-5)",1,1,"jsx-text","components/parcels/arv-calculator.tsx"
"Sold ($)",1,1,"jsx-text","components/parcels/arv-calculator.tsx"
"Sold date",1,1,"jsx-text","components/parcels/arv-calculator.tsx"
"Distance (mi)",1,1,"jsx-text","components/parcels/arv-calculator.tsx"
"Cond.",1,1,"jsx-text","components/parcels/arv-calculator.tsx"
"Methodology / notes",1,1,"jsx-text","components/parcels/arv-calculator.tsx"
"e.g. SFR-only, no flood-zone comps, post-rehab condition 4 = stainless + LVP + neutral paint",1,1,"prop:placeholder","components/parcels/arv-calculator.tsx"
"Could not load plan.",1,1,"jsx-text","components/parcels/subdivision-plan-editor.tsx"
"Drawing as:",1,1,"jsx-text","components/parcels/subdivision-plan-editor.tsx"
"Unsaved changes",1,1,"jsx-text","components/parcels/subdivision-plan-editor.tsx"
"Saving…",1,1,"jsx-text","components/parcels/subdivision-plan-editor.tsx"
"Save plan",1,1,"jsx-text","components/parcels/subdivision-plan-editor.tsx"
"Child lots",1,1,"jsx-text","components/parcels/subdivision-tab.tsx"
"One row per recorded child lot.",1,1,"jsx-text","components/parcels/subdivision-tab.tsx"
"Lot #",1,1,"jsx-text","components/parcels/subdivision-tab.tsx"
"List price (optional)",1,1,"jsx-text","components/parcels/subdivision-tab.tsx"
"Basis",1,1,"jsx-text","components/parcels/subdivision-tab.tsx"
"Asking-price grid",1,1,"jsx-text","components/parcels/subdivision-tab.tsx"
"Add checklist from template",1,1,"jsx-text","components/parcels/subdivision-tab.tsx"
"Basis allocation (COGS at sale)",1,1,"jsx-text","components/parcels/subdivision-tab.tsx"
"Add child lots first.",1,1,"jsx-text","components/parcels/subdivision-tab.tsx"
"Acreage (default)",1,1,"jsx-text","components/parcels/subdivision-tab.tsx"
"Frontage (road feet)",1,1,"jsx-text","components/parcels/subdivision-tab.tsx"
"Appraisal (per-lot value)",1,1,"jsx-text","components/parcels/subdivision-tab.tsx"
"Override (typed shares)",1,1,"jsx-text","components/parcels/subdivision-tab.tsx"
"Allocated basis",1,1,"jsx-text","components/parcels/subdivision-tab.tsx"
"Gain",1,1,"jsx-text","components/parcels/subdivision-tab.tsx"
"0 ? ""text-acr-pos"" : gain != null && gain",1,1,"jsx-text","components/parcels/subdivision-tab.tsx"
"Subdivision plans (A/B)",1,1,"jsx-text","components/parcels/subdivision-tab.tsx"
"No plans yet.",1,1,"jsx-text","components/parcels/subdivision-tab.tsx"
"Lot 1",1,1,"prop:placeholder","components/parcels/subdivision-tab.tsx"
"Pick a template…",1,1,"prop:placeholder","components/parcels/subdivision-tab.tsx"
"Plan A — 12 lots",1,1,"prop:placeholder","components/parcels/subdivision-tab.tsx"
"Parent basis",1,1,"prop:label","components/parcels/subdivision-tab.tsx"
"Sold proceeds",1,1,"prop:label","components/parcels/subdivision-tab.tsx"
"Cost / remaining acre",1,1,"prop:label","components/parcels/subdivision-tab.tsx"
"Breakeven gap",1,1,"prop:label","components/parcels/subdivision-tab.tsx"
"Pax drafted · Click to edit",1,1,"prop:placeholder","components/pax-artifact.tsx"
"No commands found.",1,1,"jsx-text","components/pax-command-palette.tsx"
"Not connected",1,1,"jsx-text","components/pax-connector-panel.tsx"
"Disconnect",1,1,"prop:title","components/pax-connector-panel.tsx"
"ACCEPTED_MIME.includes(f.type) && f.size",1,1,"jsx-text","components/pax-copilot-rail.tsx"
"Drop files here",1,1,"jsx-text","components/pax-copilot-rail.tsx"
"PDF, DOCX, CSV, images · max 10 MB · up to 3 files",1,1,"jsx-text","components/pax-copilot-rail.tsx"
"f.size",1,1,"jsx-text","components/pax-copilot-rail.tsx"
"Pax Co-Pilot",1,1,"jsx-text","components/pax-copilot-rail.tsx"
"Knowledge Base",1,1,"jsx-text","components/pax-copilot-rail.tsx"
"Fast",1,1,"jsx-text","components/pax-copilot-rail.tsx"
"Balanced",1,1,"jsx-text","components/pax-copilot-rail.tsx"
"Powerful",1,1,"jsx-text","components/pax-copilot-rail.tsx"
"Claude",1,1,"jsx-text","components/pax-copilot-rail.tsx"
"Model: Auto uses smart routing · Fast = DeepSeek · Powerful = GPT-4o · Claude = Sonnet",1,1,"jsx-text","components/pax-copilot-rail.tsx"
"Export conversation (PDF / Markdown)",1,1,"jsx-text","components/pax-copilot-rail.tsx"
"Collapse (⌘J)",1,1,"jsx-text","components/pax-copilot-rail.tsx"
"Recent conversations",1,1,"jsx-text","components/pax-copilot-rail.tsx"
"Pax noticed",1,1,"jsx-text","components/pax-copilot-rail.tsx"
"for commands ·",1,1,"jsx-text","components/pax-copilot-rail.tsx"
"to mention an entity ·",1,1,"jsx-text","components/pax-copilot-rail.tsx"
"From Pax",1,1,"jsx-text","components/pax-copilot-rail.tsx"
"⌘J to toggle · Enter to send",1,1,"jsx-text","components/pax-copilot-rail.tsx"
"Action requires your approval",1,1,"jsx-text","components/pax-copilot-rail.tsx"
"Attach file (PDF, CSV, image…)",1,1,"jsx-text","components/pax-copilot-rail.tsx"
"Good response",1,1,"prop:title","components/pax-copilot-rail.tsx"
"Poor response",1,1,"prop:title","components/pax-copilot-rail.tsx"
"Ask Pax anything… / for commands · @ to mention",1,1,"prop:placeholder","components/pax-copilot-rail.tsx"
"No changes detected",1,1,"jsx-text","components/pax-edit-diff.tsx"
"Mention an entity",1,1,"jsx-text","components/pax-entity-picker.tsx"
"PDF, DOCX, CSV, TXT · max 10 MB",1,1,"jsx-text","components/pax-knowledge-panel.tsx"
"Only upload templates and criteria, not personal data.",1,1,"jsx-text","components/pax-knowledge-panel.tsx"
"Add a description…",1,1,"prop:placeholder","components/pax-knowledge-panel.tsx"
"Delete memory",1,1,"prop:title","components/pax-memory-panel.tsx"
"No projects yet. Create one above.",1,1,"jsx-text","components/pax-project-panel.tsx"
"Files",1,1,"jsx-text","components/pax-project-panel.tsx"
"Project name…",1,1,"prop:placeholder","components/pax-project-panel.tsx"
"Schedule this prompt",1,1,"jsx-text","components/pax-schedule-button.tsx"
"Task name",1,1,"jsx-text","components/pax-schedule-button.tsx"
"Prompt preview",1,1,"jsx-text","components/pax-schedule-button.tsx"
"Scheduled AI Tasks",1,1,"jsx-text","components/pax-tasks-settings-tab.tsx"
"No scheduled tasks yet",1,1,"jsx-text","components/pax-tasks-settings-tab.tsx"
"Last 20 executions for this task.",1,1,"jsx-text","components/pax-tasks-settings-tab.tsx"
"No runs recorded yet for this task.",1,1,"jsx-text","components/pax-tasks-settings-tab.tsx"
"Seller financing is not available for this property.",1,1,"jsx-text","components/payment-calculator.tsx"
"Property Price",1,1,"jsx-text","components/payment-calculator.tsx"
"Down Payment:",1,1,"jsx-text","components/payment-calculator.tsx"
"Financed Amount:",1,1,"jsx-text","components/payment-calculator.tsx"
"Total Payment:",1,1,"jsx-text","components/payment-calculator.tsx"
"Total Interest:",1,1,"jsx-text","components/payment-calculator.tsx"
"Switch mode",1,1,"jsx-text","components/persona-sheet.tsx"
"Purchase phone number",1,1,"jsx-text","components/phone-numbers-settings.tsx"
"Area code",1,1,"jsx-text","components/phone-numbers-settings.tsx"
"Contains",1,1,"jsx-text","components/phone-numbers-settings.tsx"
"Loading phone numbers...",1,1,"jsx-text","components/phone-numbers-settings.tsx"
"Voice",1,1,"jsx-text","components/phone-numbers-settings.tsx"
"Progress",1,1,"jsx-text","components/playbooks/PlaybookCard.tsx"
"Preferences",1,1,"jsx-text","components/preferences-card.tsx"
"Guided tour",1,1,"jsx-text","components/preferences-card.tsx"
"Usage-Based Pricing",1,1,"jsx-text","components/pricing-guide.tsx"
"Mail Type",1,1,"jsx-text","components/pricing-guide.tsx"
"Cost Per Piece",1,1,"jsx-text","components/pricing-guide.tsx"
"Monthly Credit Allowances",1,1,"jsx-text","components/pricing-guide.tsx"
"/month",1,1,"jsx-text","components/pricing-guide.tsx"
"Property Analysis",1,1,"jsx-text","components/property-analysis-chat.tsx"
"Dig deeper:",1,1,"jsx-text","components/property-analysis-chat.tsx"
"Follow-up questions:",1,1,"jsx-text","components/property-analysis-chat.tsx"
"Ask about this property…",1,1,"prop:placeholder","components/property-analysis-chat.tsx"
"FIRM Panel",1,1,"jsx-text","components/property-enrichment-widget.tsx"
"Environmental & Soil",1,1,"jsx-text","components/property-enrichment-widget.tsx"
"Suitability",1,1,"jsx-text","components/property-enrichment-widget.tsx"
"Median Income",1,1,"jsx-text","components/property-enrichment-widget.tsx"
"Median Home Value",1,1,"jsx-text","components/property-enrichment-widget.tsx"
"Unemployment",1,1,"jsx-text","components/property-enrichment-widget.tsx"
"Agricultural Values",1,1,"jsx-text","components/property-enrichment-widget.tsx"
"County Avg / Acre",1,1,"jsx-text","components/property-enrichment-widget.tsx"
"State Avg / Acre",1,1,"jsx-text","components/property-enrichment-widget.tsx"
"National Avg / Acre",1,1,"jsx-text","components/property-enrichment-widget.tsx"
"Some data could not be fetched",1,1,"jsx-text","components/property-enrichment-widget.tsx"
"0) phase = altitude",1,1,"jsx-text","components/property-map.tsx"
"Elevation Profile",1,1,"jsx-text","components/property-map.tsx"
"Min",1,1,"jsx-text","components/property-map.tsx"
"↑ Gain",1,1,"jsx-text","components/property-map.tsx"
"↓ Loss",1,1,"jsx-text","components/property-map.tsx"
"Azimuth",1,1,"jsx-text","components/property-map.tsx"
"Phase",1,1,"jsx-text","components/property-map.tsx"
"Map not available",1,1,"jsx-text","components/property-map.tsx"
"No properties with map data",1,1,"jsx-text","components/property-map.tsx"
"Radius:",1,1,"jsx-text","components/property-map.tsx"
"0.5 mi",1,1,"jsx-text","components/property-map.tsx"
"1 mi",1,1,"jsx-text","components/property-map.tsx"
"2 mi",1,1,"jsx-text","components/property-map.tsx"
"5 mi",1,1,"jsx-text","components/property-map.tsx"
"Recency:",1,1,"jsx-text","components/property-map.tsx"
"0-6mo",1,1,"jsx-text","components/property-map.tsx"
"6-12mo",1,1,"jsx-text","components/property-map.tsx"
"12-24mo",1,1,"jsx-text","components/property-map.tsx"
"24mo+",1,1,"jsx-text","components/property-map.tsx"
"Data Layers",1,1,"jsx-text","components/property-map.tsx"
"3D &amp; Terrain",1,1,"jsx-text","components/property-map.tsx"
"Agriculture (USDA Free)",1,1,"jsx-text","components/property-map.tsx"
"GIS Data Layers",1,1,"jsx-text","components/property-map.tsx"
"Not a compatible MapServer layer",1,1,"jsx-text","components/property-map.tsx"
"Reset to current time",1,1,"prop:title","components/property-map.tsx"
"Satellite View",1,1,"prop:title","components/property-map.tsx"
"Terrain View",1,1,"prop:title","components/property-map.tsx"
"Street View",1,1,"prop:title","components/property-map.tsx"
"Export Map",1,1,"prop:title","components/property-map.tsx"
"Find Nearby Parcels",1,1,"prop:title","components/property-map.tsx"
"Show Comparables",1,1,"prop:title","components/property-map.tsx"
"Close (Esc)",1,1,"prop:title","components/property-map.tsx"
"Property satellite view",1,1,"prop:alt","components/property-map.tsx"
"Property boundary map",1,1,"prop:alt","components/property-map.tsx"
"Communication Ready",1,1,"jsx-text","components/provider-readiness-banner.tsx"
"Direct Mail",1,1,"prop:label","components/provider-readiness-banner.tsx"
"Monthly usage",1,1,"jsx-text","components/provider-settings-cards.tsx"
"Monthly Usage",1,1,"jsx-text","components/provider-settings-cards.tsx"
"Cost this month",1,1,"jsx-text","components/provider-settings-cards.tsx"
"Enter API key…",1,1,"prop:placeholder","components/provider-settings-cards.tsx"
"Automatic routing",1,1,"jsx-text","components/provider-settings.tsx"
"Simple tasks",1,1,"jsx-text","components/provider-settings.tsx"
"Summaries, drafts, data extraction → DeepSeek (~$0.14/M tokens)",1,1,"jsx-text","components/provider-settings.tsx"
"Complex tasks",1,1,"jsx-text","components/provider-settings.tsx"
"Deal analysis, legal docs, negotiations → GPT-4o (~$2.50/M tokens)",1,1,"jsx-text","components/provider-settings.tsx"
"Cost per SMS",1,1,"jsx-text","components/provider-settings.tsx"
"Cost per piece",1,1,"jsx-text","components/provider-settings.tsx"
"OpenRouter (Economy)",1,1,"prop:label","components/provider-settings.tsx"
"OpenAI (Premium)",1,1,"prop:label","components/provider-settings.tsx"
"Lob",1,1,"prop:label","components/provider-settings.tsx"
"Lob letter",1,1,"prop:label","components/provider-settings.tsx"
"Lob postcard",1,1,"prop:label","components/provider-settings.tsx"
"Share button then ""Add to Home Screen""",1,1,"jsx-text","components/pwa-install-prompt.tsx"
"Debug:",1,1,"jsx-text","components/query-error-state.tsx"
"Contractor bids",1,1,"jsx-text","components/rehabs/bids-section.tsx"
"Per-category amounts ($, leave blank to skip)",1,1,"jsx-text","components/rehabs/bids-section.tsx"
"No bids yet.",1,1,"jsx-text","components/rehabs/bids-section.tsx"
"Accept",1,1,"jsx-text","components/rehabs/bids-section.tsx"
"Spread",1,1,"jsx-text","components/rehabs/bids-section.tsx"
"Paste the contractor",1,1,"prop:placeholder","components/rehabs/bids-section.tsx"
"Pick contractor…",1,1,"prop:placeholder","components/rehabs/bids-section.tsx"
"No draw schedule yet.",1,1,"jsx-text","components/rehabs/draws-section.tsx"
"Set lender loan amount on the rehab first.",1,1,"jsx-text","components/rehabs/draws-section.tsx"
"Daily interest",1,1,"jsx-text","components/rehabs/draws-section.tsx"
"Inspector name",1,1,"prop:placeholder","components/rehabs/draws-section.tsx"
"Request signatures",1,1,"jsx-text","components/request-signatures-dialog.tsx"
"Signing links ready",1,1,"jsx-text","components/request-signatures-dialog.tsx"
"Witness",1,1,"jsx-text","components/request-signatures-dialog.tsx"
"Notary",1,1,"jsx-text","components/request-signatures-dialog.tsx"
"Jane Seller",1,1,"prop:placeholder","components/request-signatures-dialog.tsx"
"jane@example.com",1,1,"prop:placeholder","components/request-signatures-dialog.tsx"
"Data completeness score based on available research data",1,1,"jsx-text","components/research-summary-panel.tsx"
"Avg $/Acre",1,1,"jsx-text","components/research-summary-panel.tsx"
"Median $/Acre",1,1,"jsx-text","components/research-summary-panel.tsx"
"Sample Size",1,1,"jsx-text","components/research-summary-panel.tsx"
"Parcel data isn't fetched yet. Click",1,1,"jsx-text","components/research-summary-panel.tsx"
"Fetch Boundaries",1,1,"jsx-text","components/research-summary-panel.tsx"
"on the Inventory page to pull coordinates + comps in bulk, or open this parcel's",1,1,"jsx-text","components/research-summary-panel.tsx"
"tab to fetch just this one.",1,1,"jsx-text","components/research-summary-panel.tsx"
"High Risk Factors Detected",1,1,"jsx-text","components/research-summary-panel.tsx"
"Add your research notes, analysis, and offer reasoning here…",1,1,"prop:placeholder","components/research-summary-panel.tsx"
"Loading lead preview…",1,1,"jsx-text","components/safe-bulk-delete-dialog.tsx"
"Shared",1,1,"jsx-text","components/saved-views-selector.tsx"
"Visible columns",1,1,"jsx-text","components/saved-views-selector.tsx"
"Save view",1,1,"jsx-text","components/saved-views-selector.tsx"
"View name",1,1,"jsx-text","components/saved-views-selector.tsx"
"e.g., Hot leads, Active properties",1,1,"prop:placeholder","components/saved-views-selector.tsx"
"r.month",1,1,"jsx-text","components/seller-finance-calculator.tsx"
"Down Payment",1,1,"jsx-text","components/seller-finance-calculator.tsx"
"Monthly Payment",1,1,"jsx-text","components/seller-finance-calculator.tsx"
"Financed Amount",1,1,"jsx-text","components/seller-finance-calculator.tsx"
"Total Interest",1,1,"jsx-text","components/seller-finance-calculator.tsx"
"LTV Ratio",1,1,"jsx-text","components/seller-finance-calculator.tsx"
"Required disclosures:",1,1,"jsx-text","components/seller-finance-calculator.tsx"
"Mo.",1,1,"jsx-text","components/seller-finance-calculator.tsx"
"Scan all",1,1,"jsx-text","components/seller-intent-panel.tsx"
"Direct mail",1,1,"jsx-text","components/sequence-builder.tsx"
"Delay",1,1,"jsx-text","components/sequence-builder.tsx"
"Always send",1,1,"jsx-text","components/sequence-builder.tsx"
"If no response within X days",1,1,"jsx-text","components/sequence-builder.tsx"
"If responded",1,1,"jsx-text","components/sequence-builder.tsx"
"Check after",1,1,"jsx-text","components/sequence-builder.tsx"
"No steps yet. Add your first step to start building the sequence.",1,1,"jsx-text","components/sequence-builder.tsx"
"Sequence Timeline Preview",1,1,"jsx-text","components/sequence-builder.tsx"
"Enter subject line…",1,1,"prop:placeholder","components/sequence-builder.tsx"
"Enter message content…",1,1,"prop:placeholder","components/sequence-builder.tsx"
"Drip Campaign Sequences",1,1,"jsx-text","components/sequences-content.tsx"
"Sequence name",1,1,"jsx-text","components/sequences-content.tsx"
"Enrollment trigger",1,1,"jsx-text","components/sequences-content.tsx"
"Manual enrollment",1,1,"jsx-text","components/sequences-content.tsx"
"When new lead is created",1,1,"jsx-text","components/sequences-content.tsx"
"When lead stage changes",1,1,"jsx-text","components/sequences-content.tsx"
"Active (new enrollments allowed)",1,1,"jsx-text","components/sequences-content.tsx"
"Sequence steps",1,1,"jsx-text","components/sequences-content.tsx"
"Sequences",1,1,"jsx-text","components/sequences-content.tsx"
"No sequences created yet",1,1,"jsx-text","components/sequences-content.tsx"
"Sequence",1,1,"jsx-text","components/sequences-content.tsx"
"Current Step",1,1,"jsx-text","components/sequences-content.tsx"
"Enrolled",1,1,"jsx-text","components/sequences-content.tsx"
"Delete sequence?",1,1,"prop:title","components/sequences-content.tsx"
"e.g., New lead welcome series",1,1,"prop:placeholder","components/sequences-content.tsx"
"Describe the purpose of this sequence…",1,1,"prop:placeholder","components/sequences-content.tsx"
"Validating…",1,1,"jsx-text","components/settings/ApiKeySetup.tsx"
"Bring Your Own Keys (BYOK)",1,1,"jsx-text","components/settings/ByokSettings.tsx"
"Find a setting… (Cmd+K, or press /)",1,1,"prop:placeholder","components/settings/SettingsQuickFind.tsx"
"email:role",1,1,"jsx-text","components/settings/TeamInviteCard.tsx"
"Pending invitations",1,1,"jsx-text","components/settings/TeamInviteCard.tsx"
"teammate@example.com",1,1,"prop:placeholder","components/settings/TeamInviteCard.tsx"
"Reading & font",1,1,"jsx-text","components/settings/accessibility-panel.tsx"
"Reading density",1,1,"jsx-text","components/settings/accessibility-panel.tsx"
"More time, less density",1,1,"jsx-text","components/settings/accessibility-panel.tsx"
"Enable cognitive accessibility mode",1,1,"jsx-text","components/settings/accessibility-panel.tsx"
"Larger taps",1,1,"jsx-text","components/settings/accessibility-panel.tsx"
"Enable larger taps",1,1,"jsx-text","components/settings/accessibility-panel.tsx"
"Picture-first parcel cards",1,1,"jsx-text","components/settings/accessibility-panel.tsx"
"Show photos first",1,1,"jsx-text","components/settings/accessibility-panel.tsx"
"Focus mode & quiet hours",1,1,"jsx-text","components/settings/accessibility-panel.tsx"
"Focus mode (until next break)",1,1,"jsx-text","components/settings/accessibility-panel.tsx"
"Enforced quiet hours",1,1,"jsx-text","components/settings/accessibility-panel.tsx"
"Density",1,1,"jsx-text","components/settings/appearance-panel.tsx"
"sidebar items ·",1,1,"jsx-text","components/settings/appearance-panel.tsx"
"Motion",1,1,"jsx-text","components/settings/appearance-panel.tsx"
"Time guardrails",1,1,"jsx-text","components/settings/autonomy-panel.tsx"
"Pause from",1,1,"jsx-text","components/settings/autonomy-panel.tsx"
"Pause until",1,1,"jsx-text","components/settings/autonomy-panel.tsx"
"Daily action limit per agent",1,1,"jsx-text","components/settings/autonomy-panel.tsx"
"Your Data Contributions",1,1,"jsx-text","components/settings/contribution-report.tsx"
"Anonymized deals contributed",1,1,"jsx-text","components/settings/contribution-report.tsx"
"Counties helped",1,1,"jsx-text","components/settings/contribution-report.tsx"
"Community impact",1,1,"jsx-text","components/settings/contribution-report.tsx"
"County-level pricing trends",1,1,"jsx-text","components/settings/data-network-settings.tsx"
"Acreage and land-type distributions",1,1,"jsx-text","components/settings/data-network-settings.tsx"
"Days-on-market aggregates",1,1,"jsx-text","components/settings/data-network-settings.tsx"
"General deal outcome categories",1,1,"jsx-text","components/settings/data-network-settings.tsx"
"Your name, email, or account details",1,1,"jsx-text","components/settings/data-network-settings.tsx"
"Specific property addresses or APNs",1,1,"jsx-text","components/settings/data-network-settings.tsx"
"Buyer or seller contact information",1,1,"jsx-text","components/settings/data-network-settings.tsx"
"Financial details or profit margins",1,1,"jsx-text","components/settings/data-network-settings.tsx"
"Download All My Data",1,1,"jsx-text","components/settings/download-data-section.tsx"
"List views",1,1,"jsx-text","components/settings/list-views-panel.tsx"
"Quiet from",1,1,"jsx-text","components/settings/notification-quiet-hours.tsx"
"Quiet until",1,1,"jsx-text","components/settings/notification-quiet-hours.tsx"
"Full legal name",1,1,"jsx-text","components/signature-capture.tsx"
"Type your signature",1,1,"jsx-text","components/signature-capture.tsx"
"Enter your full legal name",1,1,"prop:placeholder","components/signature-capture.tsx"
"Skip Trace",1,1,"jsx-text","components/skip-trace-panel.tsx"
"Cost: $0.50 per trace",1,1,"jsx-text","components/skip-trace-panel.tsx"
"Starting...",1,1,"jsx-text","components/skip-trace-panel.tsx"
"Run Skip Trace",1,1,"jsx-text","components/skip-trace-panel.tsx"
"Processing skip trace...",1,1,"jsx-text","components/skip-trace-panel.tsx"
"Age Range",1,1,"jsx-text","components/skip-trace-panel.tsx"
"No results",1,1,"prop:label","components/skip-trace-panel.tsx"
"Add a phone number to this lead to start texting.",1,1,"jsx-text","components/sms-conversation.tsx"
"Get help from Pax, or open a case for our team.",1,1,"jsx-text","components/support-content.tsx"
"Create support case",1,1,"jsx-text","components/support-content.tsx"
"Describe your issue",1,1,"jsx-text","components/support-content.tsx"
"Select a case to view the conversation",1,1,"jsx-text","components/support-content.tsx"
"No support cases yet",1,1,"jsx-text","components/support-content.tsx"
"How was your experience?",1,1,"jsx-text","components/support-content.tsx"
"Suggest improvements and new features",1,1,"jsx-text","components/support-content.tsx"
"Submit feature request",1,1,"jsx-text","components/support-content.tsx"
"Enhancement",1,1,"jsx-text","components/support-content.tsx"
"New feature",1,1,"jsx-text","components/support-content.tsx"
"Integration request",1,1,"jsx-text","components/support-content.tsx"
"UX improvement",1,1,"jsx-text","components/support-content.tsx"
"No feature requests yet",1,1,"jsx-text","components/support-content.tsx"
"Brief summary of your issue…",1,1,"prop:placeholder","components/support-content.tsx"
"Please provide details about your issue…",1,1,"prop:placeholder","components/support-content.tsx"
"Brief summary of your request…",1,1,"prop:placeholder","components/support-content.tsx"
"Describe your feature request in detail…",1,1,"prop:placeholder","components/support-content.tsx"
"Contact us",1,1,"jsx-text","components/support-feedback-modal.tsx"
"Get in touch",1,1,"jsx-text","components/support-feedback-modal.tsx"
"What's this about?",1,1,"jsx-text","components/support-feedback-modal.tsx"
"Name (optional)",1,1,"jsx-text","components/support-feedback-modal.tsx"
"Email (optional)",1,1,"jsx-text","components/support-feedback-modal.tsx"
"Your name",1,1,"prop:placeholder","components/support-feedback-modal.tsx"
"Tell us what",1,1,"prop:placeholder","components/support-feedback-modal.tsx"
"Import tax-delinquent list",1,1,"jsx-text","components/tax-delinquent-importer.tsx"
"rows per import.",1,1,"jsx-text","components/tax-delinquent-importer.tsx"
"Map your CSV columns",1,1,"jsx-text","components/tax-delinquent-importer.tsx"
"— Not mapped —",1,1,"jsx-text","components/tax-delinquent-importer.tsx"
"Preview (first",1,1,"jsx-text","components/tax-delinquent-importer.tsx"
"rows)",1,1,"jsx-text","components/tax-delinquent-importer.tsx"
"Importing tax-delinquent records…",1,1,"jsx-text","components/tax-delinquent-importer.tsx"
"This may take a moment for large files.",1,1,"jsx-text","components/tax-delinquent-importer.tsx"
"Select column…",1,1,"prop:placeholder","components/tax-delinquent-importer.tsx"
"Before you bulk-send:",1,1,"jsx-text","components/tcpa-compliance-banner.tsx"
"Failed to load team performance data",1,1,"jsx-text","components/team-dashboard-content.tsx"
"Deals Closed",1,1,"jsx-text","components/team-dashboard-content.tsx"
"Avg Conversion",1,1,"jsx-text","components/team-dashboard-content.tsx"
"Team Members",1,1,"jsx-text","components/team-dashboard-content.tsx"
"Charts",1,1,"jsx-text","components/team-dashboard-content.tsx"
"Revenue by Team Member",1,1,"jsx-text","components/team-dashboard-content.tsx"
"Conversion Rate by Team Member",1,1,"jsx-text","components/team-dashboard-content.tsx"
"Activity Trends Over Time",1,1,"jsx-text","components/team-dashboard-content.tsx"
"Select period",1,1,"prop:placeholder","components/team-dashboard-content.tsx"
"Team chat is available for organizations with 2+ members.",1,1,"jsx-text","components/team-general-channel.tsx"
"Message #General…",1,1,"prop:placeholder","components/team-general-channel.tsx"
"Template Name",1,1,"jsx-text","components/template-editor.tsx"
"Document Type",1,1,"jsx-text","components/template-editor.tsx"
"Custom Fields",1,1,"jsx-text","components/template-editor.tsx"
"Template Content",1,1,"jsx-text","components/template-editor.tsx"
"Custom Field Definitions",1,1,"jsx-text","components/template-editor.tsx"
"No custom fields defined yet.",1,1,"jsx-text","components/template-editor.tsx"
"Click ""Add Field"" to create custom input fields for this template.",1,1,"jsx-text","components/template-editor.tsx"
"Field Name",1,1,"jsx-text","components/template-editor.tsx"
"Default Value",1,1,"jsx-text","components/template-editor.tsx"
"Click the Preview tab to see how your template looks with sample data.",1,1,"jsx-text","components/template-editor.tsx"
"e.g., Standard Offer Letter",1,1,"prop:placeholder","components/template-editor.tsx"
"Select category",1,1,"prop:placeholder","components/template-editor.tsx"
"Optional default",1,1,"prop:placeholder","components/template-editor.tsx"
"Field description",1,1,"prop:placeholder","components/template-editor.tsx"
"Appearance",1,1,"jsx-text","components/theme-settings.tsx"
"Scale and Enterprise plans",1,1,"jsx-text","components/tier-upgrade-panel.tsx"
"No milestones in this time range",1,1,"jsx-text","components/timeline/TimelineView.tsx"
"Legend:",1,1,"jsx-text","components/timeline/TimelineView.tsx"
"Cash position",1,1,"jsx-text","components/today/CashStrip.tsx"
"90d projected receipts",1,1,"jsx-text","components/today/CashStrip.tsx"
"Open deals",1,1,"jsx-text","components/today/CashStrip.tsx"
"Pending payments",1,1,"jsx-text","components/today/CashStrip.tsx"
"Platinum tier achieved",1,1,"jsx-text","components/trust-badge.tsx"
"& VariantProps",1,1,"jsx-text","components/ui/alert.tsx"
"Previous slide",1,1,"jsx-text","components/ui/carousel.tsx"
"Next slide",1,1,"jsx-text","components/ui/carousel.tsx"
"Command Menu",1,1,"jsx-text","components/ui/command.tsx"
"…content…",1,1,"jsx-text","components/ui/mesh-gradient.tsx"
"` wrappers + nested `",1,1,"jsx-text","components/ui/page-header.tsx"
"Revisions proposed by the monthly meta-agent.",1,1,"prop:description","components/ui/page-header.tsx"
"Next",1,1,"jsx-text","components/ui/pagination.tsx"
"More pages",1,1,"jsx-text","components/ui/pagination.tsx"
"Displays the mobile sidebar.",1,1,"jsx-text","components/ui/sidebar.tsx"
"Re-detect what kind of investor you are based on your recent activity",1,1,"prop:title","components/ui/vertical-badge.tsx"
"Available credits for usage-based features",1,1,"jsx-text","components/usage-dashboard.tsx"
"Breakdown of credits used by category",1,1,"jsx-text","components/usage-dashboard.tsx"
"Total Spent This Month",1,1,"jsx-text","components/usage-dashboard.tsx"
"Average Daily Spend",1,1,"jsx-text","components/usage-dashboard.tsx"
"Top Category",1,1,"jsx-text","components/usage-dashboard.tsx"
"Credit purchases, usage, and adjustments",1,1,"jsx-text","components/usage-dashboard.tsx"
"= 75 && l.percentUsed",1,1,"jsx-text","components/usage-limit-banner.tsx"
"Overnight",1,1,"jsx-text","components/user-morning-briefing.tsx"
"Today's priority",1,1,"jsx-text","components/user-morning-briefing.tsx"
"(email or template variable)",1,1,"jsx-text","components/workflow-builder.tsx"
"Due in (days)",1,1,"jsx-text","components/workflow-builder.tsx"
"Record type",1,1,"jsx-text","components/workflow-builder.tsx"
"Field to update",1,1,"jsx-text","components/workflow-builder.tsx"
"New value",1,1,"jsx-text","components/workflow-builder.tsx"
"Agent skill",1,1,"jsx-text","components/workflow-builder.tsx"
"Analyze lead",1,1,"jsx-text","components/workflow-builder.tsx"
"Score property",1,1,"jsx-text","components/workflow-builder.tsx"
"Summarize deal",1,1,"jsx-text","components/workflow-builder.tsx"
"Draft email",1,1,"jsx-text","components/workflow-builder.tsx"
"Additional parameters",1,1,"jsx-text","components/workflow-builder.tsx"
"(JSON)",1,1,"jsx-text","components/workflow-builder.tsx"
"Warning",1,1,"jsx-text","components/workflow-builder.tsx"
"Minutes",1,1,"jsx-text","components/workflow-builder.tsx"
"Hours",1,1,"jsx-text","components/workflow-builder.tsx"
"Workflow Name",1,1,"jsx-text","components/workflow-builder.tsx"
"When this happens...",1,1,"jsx-text","components/workflow-builder.tsx"
"No conditions. Workflow will run for all matching events.",1,1,"jsx-text","components/workflow-builder.tsx"
"Add actions that will run when the trigger fires.",1,1,"jsx-text","components/workflow-builder.tsx"
"Add Action",1,1,"jsx-text","components/workflow-builder.tsx"
"Action type",1,1,"jsx-text","components/workflow-builder.tsx"
"Workflow:",1,1,"jsx-text","components/workflow-builder.tsx"
"Then:",1,1,"jsx-text","components/workflow-builder.tsx"
"Basic Information",1,1,"jsx-text","components/workflow-builder.tsx"
"Choose a Trigger",1,1,"jsx-text","components/workflow-builder.tsx"
"No actions added yet.",1,1,"jsx-text","components/workflow-builder.tsx"
"{{lead.email}} or user@example.com",1,1,"prop:placeholder","components/workflow-builder.tsx"
"Welcome {{lead.firstName}}!",1,1,"prop:placeholder","components/workflow-builder.tsx"
"Hi {{lead.firstName}}, thank you for your interest…",1,1,"prop:placeholder","components/workflow-builder.tsx"
"Follow up with {{lead.firstName}}",1,1,"prop:placeholder","components/workflow-builder.tsx"
"Select record type",1,1,"prop:placeholder","components/workflow-builder.tsx"
"Select an AI skill",1,1,"prop:placeholder","components/workflow-builder.tsx"
"New lead alert",1,1,"prop:placeholder","components/workflow-builder.tsx"
"A new lead {{lead.firstName}} has been created",1,1,"prop:placeholder","components/workflow-builder.tsx"
"e.g., Welcome New Leads",1,1,"prop:placeholder","components/workflow-builder.tsx"
"What does this workflow do?",1,1,"prop:placeholder","components/workflow-builder.tsx"
"Select a trigger event",1,1,"prop:placeholder","components/workflow-builder.tsx"
"Select an action…",1,1,"prop:placeholder","components/workflow-builder.tsx"
"e.g. New lead welcome sequence",1,1,"prop:placeholder","components/workflow-builder.tsx"
"Briefly describe what this workflow does…",1,1,"prop:placeholder","components/workflow-builder.tsx"
"Select a trigger event…",1,1,"prop:placeholder","components/workflow-builder.tsx"
"Automations",1,1,"jsx-text","components/workflows-settings-tab.tsx"
"No automations yet",1,1,"jsx-text","components/workflows-settings-tab.tsx"
"Preset Name",1,1,"jsx-text","components/workspace/WorkspaceManager.tsx"
"Current view:",1,1,"jsx-text","components/workspace/WorkspaceManager.tsx"
"e.g., Afternoon Tasks",1,1,"prop:placeholder","components/workspace/WorkspaceManager.tsx"
"= startMin && minutesNow",1,1,"jsx-text","contexts/accessibility-context.tsx"
"= startMin || minutesNow",1,1,"jsx-text","contexts/accessibility-context.tsx"
"Not available",1,1,"jsx-text","contexts/feature-flags-context.tsx"
"): Promise",1,1,"jsx-text","contexts/theme-context.tsx"
"+ __client_uat_",1,1,"jsx-text","hooks/use-auth.ts"
"(): BulkActionsState",1,1,"jsx-text","hooks/use-bulk-actions.ts"
"0 && selectedIds.size",1,1,"jsx-text","hooks/use-bulk-actions.ts"
"Loading more...",1,1,"jsx-text","hooks/use-infinite-scroll.tsx"
"= MOBILE_BREAKPOINT && width",1,1,"jsx-text","hooks/use-mobile.ts"
"(db: IDBDatabase, key: string): Promise",1,1,"jsx-text","hooks/use-offline-storage.ts"
"(key: string): Promise",1,1,"jsx-text","hooks/use-offline-storage.ts"
"= 0 && step",1,1,"jsx-text","hooks/use-onboarding.ts"
"(db: IDBDatabase, store: string, key: string): Promise",1,1,"jsx-text","hooks/useOfflineSync.ts"
"(db: IDBDatabase, store: string): Promise",1,1,"jsx-text","hooks/useOfflineSync.ts"
"ids — registered by",1,1,"jsx-text","lib/chartPalette.ts"
"` and `__clerk_db_jwt_",1,1,"jsx-text","lib/clerk-session-detect.ts"
"= 500 && status",1,1,"jsx-text","lib/error-utils.ts"
"= 500 && code",1,1,"jsx-text","lib/error-utils.ts"
"Record",1,1,"jsx-text","lib/optimistic-mutation.ts"
"(variables: TVariables): Record",1,1,"jsx-text","lib/optimistic-mutation.ts"
"QueryFunction",1,1,"jsx-text","lib/queryClient.ts"
"XP points",1,1,"jsx-text","pages/academy.tsx"
"Day streak",1,1,"jsx-text","pages/academy.tsx"
"Courses done",1,1,"jsx-text","pages/academy.tsx"
"Achievement badges",1,1,"jsx-text","pages/academy.tsx"
"g.pct",1,1,"jsx-text","pages/academy.tsx"
"Based on your completion progress per track",1,1,"jsx-text","pages/academy.tsx"
"div]:bg-acr-neg' : gap.pct",1,1,"jsx-text","pages/academy.tsx"
"AI-curated based on your learning progress and goals",1,1,"jsx-text","pages/academy.tsx"
"Personalization settings for your learning experience",1,1,"jsx-text","pages/academy.tsx"
"Learning goal",1,1,"jsx-text","pages/academy.tsx"
"AcreOS Academy",1,1,"jsx-text","pages/academy.tsx"
"What you&apos;ll learn:",1,1,"jsx-text","pages/academy.tsx"
"Last sign-in",1,1,"jsx-text","pages/account-security.tsx"
"No active sessions.",1,1,"jsx-text","pages/account-security.tsx"
"Device",1,1,"jsx-text","pages/account-security.tsx"
"Total opportunities",1,1,"jsx-text","pages/acquisition-radar.tsx"
"Hot (80+ score)",1,1,"jsx-text","pages/acquisition-radar.tsx"
"Last scan",1,1,"jsx-text","pages/acquisition-radar.tsx"
"All opportunities",1,1,"jsx-text","pages/acquisition-radar.tsx"
"By market",1,1,"jsx-text","pages/acquisition-radar.tsx"
"Undervalued — price below comparable values",1,1,"jsx-text","pages/acquisition-radar.tsx"
"Motivated seller — signals suggest urgency",1,1,"jsx-text","pages/acquisition-radar.tsx"
"Market shift — recent trend change",1,1,"jsx-text","pages/acquisition-radar.tsx"
"Off market — not publicly listed",1,1,"jsx-text","pages/acquisition-radar.tsx"
"Minimum score",1,1,"jsx-text","pages/acquisition-radar.tsx"
"Min score: 40",1,1,"jsx-text","pages/acquisition-radar.tsx"
"Min score: 60",1,1,"jsx-text","pages/acquisition-radar.tsx"
"Hot only (80+)",1,1,"jsx-text","pages/acquisition-radar.tsx"
"No opportunities found.",1,1,"jsx-text","pages/acquisition-radar.tsx"
"Adjust filters or configure the radar to scan your target markets.",1,1,"jsx-text","pages/acquisition-radar.tsx"
"Top markets by avg opportunity score",1,1,"jsx-text","pages/acquisition-radar.tsx"
"Counties with highest-quality acquisition opportunities.",1,1,"jsx-text","pages/acquisition-radar.tsx"
"No market data available yet.",1,1,"jsx-text","pages/acquisition-radar.tsx"
"Min score",1,1,"prop:placeholder","pages/acquisition-radar.tsx"
"Price vs. assessed value",1,1,"prop:label","pages/acquisition-radar.tsx"
"Seller motivation",1,1,"prop:label","pages/acquisition-radar.tsx"
"Market velocity",1,1,"prop:label","pages/acquisition-radar.tsx"
"Comparable spreads",1,1,"prop:label","pages/acquisition-radar.tsx"
"Environmental risk",1,1,"prop:label","pages/acquisition-radar.tsx"
"Owner signals",1,1,"prop:label","pages/acquisition-radar.tsx"
"Activity feed",1,1,"jsx-text","pages/activity.tsx"
"All actions across your organization.",1,1,"jsx-text","pages/activity.tsx"
"Everything you need before you reply.",1,1,"jsx-text","pages/admin-support.tsx"
"Signup",1,1,"jsx-text","pages/admin-support.tsx"
"Open tickets",1,1,"jsx-text","pages/admin-support.tsx"
"No recent activity in audit log.",1,1,"jsx-text","pages/admin-support.tsx"
"No prior human-support notes.",1,1,"jsx-text","pages/admin-support.tsx"
"Click to insert into the composer.",1,1,"jsx-text","pages/admin-support.tsx"
"Admin support dashboard",1,1,"jsx-text","pages/admin-support.tsx"
"Manage escalated support cases and track resolution metrics.",1,1,"jsx-text","pages/admin-support.tsx"
"SLA breach —",1,1,"jsx-text","pages/admin-support.tsx"
"Cases requiring human attention",1,1,"jsx-text","pages/admin-support.tsx"
"No escalated cases",1,1,"jsx-text","pages/admin-support.tsx"
"Escalation reason:",1,1,"jsx-text","pages/admin-support.tsx"
"Response to user",1,1,"jsx-text","pages/admin-support.tsx"
"Total cases",1,1,"prop:title","pages/admin-support.tsx"
"Open cases",1,1,"prop:title","pages/admin-support.tsx"
"Auto-resolve rate",1,1,"prop:title","pages/admin-support.tsx"
"Average satisfaction",1,1,"prop:title","pages/admin-support.tsx"
"Type your response to the user…",1,1,"prop:placeholder","pages/admin-support.tsx"
"Admin support",1,1,"prop:label","pages/admin-support.tsx"
"Consensus",1,1,"jsx-text","pages/agent-collaboration.tsx"
"Delegate task to agent",1,1,"jsx-text","pages/agent-collaboration.tsx"
"Context",1,1,"jsx-text","pages/agent-collaboration.tsx"
"Founder override — CEO authority",1,1,"jsx-text","pages/agent-collaboration.tsx"
"Override action",1,1,"jsx-text","pages/agent-collaboration.tsx"
"Start consensus vote",1,1,"jsx-text","pages/agent-collaboration.tsx"
"Topic",1,1,"jsx-text","pages/agent-collaboration.tsx"
"Describe the task…",1,1,"prop:placeholder","pages/agent-collaboration.tsx"
"Additional context or instructions…",1,1,"prop:placeholder","pages/agent-collaboration.tsx"
"What should the agent do instead?",1,1,"prop:placeholder","pages/agent-collaboration.tsx"
"Why are you overriding this decision?",1,1,"prop:placeholder","pages/agent-collaboration.tsx"
"What should the team decide?",1,1,"prop:placeholder","pages/agent-collaboration.tsx"
"Autonomy level",1,1,"jsx-text","pages/agent-command-center.tsx"
"Always auto-approve",1,1,"jsx-text","pages/agent-command-center.tsx"
"Always require approval",1,1,"jsx-text","pages/agent-command-center.tsx"
"Max actions per day",1,1,"jsx-text","pages/agent-command-center.tsx"
"Notify on each action",1,1,"jsx-text","pages/agent-command-center.tsx"
"Custom instructions",1,1,"jsx-text","pages/agent-command-center.tsx"
"Awaiting approval",1,1,"jsx-text","pages/agent-command-center.tsx"
"Actions today",1,1,"jsx-text","pages/agent-command-center.tsx"
"Task log",1,1,"jsx-text","pages/agent-command-center.tsx"
"Intelligent autonomy system",1,1,"jsx-text","pages/agent-command-center.tsx"
"Risk classification guide",1,1,"jsx-text","pages/agent-command-center.tsx"
"Auto-execute",1,1,"jsx-text","pages/agent-command-center.tsx"
"Research, data lookups, drafts, calculations.",1,1,"jsx-text","pages/agent-command-center.tsx"
"Risk score: 0–25",1,1,"jsx-text","pages/agent-command-center.tsx"
"Needs approval",1,1,"jsx-text","pages/agent-command-center.tsx"
"Outbound comms, scheduling, data writes.",1,1,"jsx-text","pages/agent-command-center.tsx"
"Risk score: 26–75",1,1,"jsx-text","pages/agent-command-center.tsx"
"Always escalate",1,1,"jsx-text","pages/agent-command-center.tsx"
"Offers, contracts, financial commitments.",1,1,"jsx-text","pages/agent-command-center.tsx"
"Risk score: 76–100",1,1,"jsx-text","pages/agent-command-center.tsx"
"All tasks",1,1,"jsx-text","pages/agent-command-center.tsx"
"e.g. Only send emails on weekdays. Never contact leads marked as DNC.",1,1,"prop:placeholder","pages/agent-command-center.tsx"
"Each task will be queued for autonomous execution. This includes any high-risk actions (offers, contracts, outbound comms) that were escalated for review.",1,1,"prop:description","pages/agent-command-center.tsx"
"Loading agent detail…",1,1,"jsx-text","pages/agent-detail.tsx"
"No agent found with codename:",1,1,"jsx-text","pages/agent-detail.tsx"
"Resume",1,1,"jsx-text","pages/agent-detail.tsx"
"Pause",1,1,"jsx-text","pages/agent-detail.tsx"
"Trust level",1,1,"jsx-text","pages/agent-detail.tsx"
"Actions taken",1,1,"jsx-text","pages/agent-detail.tsx"
"Authority levels",1,1,"jsx-text","pages/agent-detail.tsx"
"Action audit log",1,1,"jsx-text","pages/agent-detail.tsx"
"Ask a question grounded in live data.",1,1,"jsx-text","pages/agent-detail.tsx"
"Trust scores",1,1,"jsx-text","pages/agent-performance.tsx"
"Total attributed revenue",1,1,"jsx-text","pages/agent-performance.tsx"
"Attribution nodes",1,1,"jsx-text","pages/agent-performance.tsx"
"Top contributor",1,1,"jsx-text","pages/agent-performance.tsx"
"Revenue by agent",1,1,"jsx-text","pages/agent-performance.tsx"
"Overall trust",1,1,"prop:label","pages/agent-performance.tsx"
"Decision accuracy",1,1,"prop:label","pages/agent-performance.tsx"
"Task completion",1,1,"prop:label","pages/agent-performance.tsx"
"Trust scores, revenue attribution, decision accuracy, and adaptive strategies.",1,1,"prop:description","pages/agent-performance.tsx"
"Loading analytics…",1,1,"jsx-text","pages/analytics.tsx"
"Analytics, team performance, activity, cohort analysis, and attribution.",1,1,"jsx-text","pages/analytics.tsx"
"Team",1,1,"jsx-text","pages/analytics.tsx"
"Compromise rate",1,1,"jsx-text","pages/anticipatory-enterprise.tsx"
"Initiator&apos;s position",1,1,"jsx-text","pages/anticipatory-enterprise.tsx"
"No attribution reports yet. Record agent actions and attribute revenue to generate reports.",1,1,"jsx-text","pages/anticipatory-enterprise.tsx"
"CEO cognitive model",1,1,"jsx-text","pages/anticipatory-enterprise.tsx"
"Autopilot eligible",1,1,"jsx-text","pages/anticipatory-enterprise.tsx"
"Autopilot",1,1,"jsx-text","pages/anticipatory-enterprise.tsx"
"Average freshness",1,1,"jsx-text","pages/anticipatory-enterprise.tsx"
"Zombies",1,1,"jsx-text","pages/anticipatory-enterprise.tsx"
"Stale",1,1,"jsx-text","pages/anticipatory-enterprise.tsx"
"Resource governor",1,1,"jsx-text","pages/anticipatory-enterprise.tsx"
"Initialize quotas",1,1,"jsx-text","pages/anticipatory-enterprise.tsx"
"CIRCUIT BREAKER",1,1,"jsx-text","pages/anticipatory-enterprise.tsx"
"BURST",1,1,"jsx-text","pages/anticipatory-enterprise.tsx"
"Hourly",1,1,"jsx-text","pages/anticipatory-enterprise.tsx"
"Grant delegation",1,1,"jsx-text","pages/anticipatory-enterprise.tsx"
"Spending limit ($)",1,1,"jsx-text","pages/anticipatory-enterprise.tsx"
"Standing",1,1,"jsx-text","pages/anticipatory-enterprise.tsx"
"Patterns",1,1,"jsx-text","pages/anticipatory-enterprise.tsx"
"Staged",1,1,"jsx-text","pages/anticipatory-enterprise.tsx"
"Triggered",1,1,"jsx-text","pages/anticipatory-enterprise.tsx"
"Temporal prediction patterns",1,1,"jsx-text","pages/anticipatory-enterprise.tsx"
"No patterns yet. Register cause-effect pairs to enable predictive orchestration.",1,1,"jsx-text","pages/anticipatory-enterprise.tsx"
"Decision causality graph",1,1,"jsx-text","pages/anticipatory-enterprise.tsx"
"Deepest chains",1,1,"jsx-text","pages/anticipatory-enterprise.tsx"
"Most cascading",1,1,"jsx-text","pages/anticipatory-enterprise.tsx"
"Negotiations",1,1,"jsx-text","pages/anticipatory-enterprise.tsx"
"Cognitive",1,1,"jsx-text","pages/anticipatory-enterprise.tsx"
"Knowledge",1,1,"jsx-text","pages/anticipatory-enterprise.tsx"
"Governor",1,1,"jsx-text","pages/anticipatory-enterprise.tsx"
"Causality",1,1,"jsx-text","pages/anticipatory-enterprise.tsx"
"Walk-away condition:",1,1,"jsx-text","pages/auction-worksheet.tsx"
"Partner split:",1,1,"jsx-text","pages/auction-worksheet.tsx"
"Max bid $",1,1,"jsx-text","pages/auction-worksheet.tsx"
"Walk away above $",1,1,"jsx-text","pages/auction-worksheet.tsx"
"Walk-away condition (free text)",1,1,"jsx-text","pages/auction-worksheet.tsx"
"Partner split",1,1,"jsx-text","pages/auction-worksheet.tsx"
"+ Add partner",1,1,"jsx-text","pages/auction-worksheet.tsx"
"No bid actions logged yet.",1,1,"jsx-text","pages/auction-worksheet.tsx"
"No listings on the worksheet",1,1,"prop:title","pages/auction-worksheet.tsx"
"Acquisition source",1,1,"prop:title","pages/auction-worksheet.tsx"
"e.g.",1,1,"prop:placeholder","pages/auction-worksheet.tsx"
"Investor name",1,1,"prop:placeholder","pages/auction-worksheet.tsx"
"Auction worksheet",1,1,"prop:label","pages/auction-worksheet.tsx"
"Max bid",1,1,"prop:label","pages/auction-worksheet.tsx"
"Walk away >",1,1,"prop:label","pages/auction-worksheet.tsx"
"Add tax-sale listings to your watchlist via /tax-researcher, then return here to set max bids and walk-away rules before the sale.",1,1,"prop:description","pages/auction-worksheet.tsx"
"Audit log",1,1,"jsx-text","pages/audit-log.tsx"
"Search audit log",1,1,"jsx-text","pages/audit-log.tsx"
"Filter by entity type",1,1,"jsx-text","pages/audit-log.tsx"
"When",1,1,"jsx-text","pages/audit-log.tsx"
"Couldn't load the audit log.",1,1,"jsx-text","pages/audit-log.tsx"
"The records themselves are unchanged — try again.",1,1,"jsx-text","pages/audit-log.tsx"
"Search actions, users, entities…",1,1,"prop:placeholder","pages/audit-log.tsx"
"Joining organization…",1,1,"jsx-text","pages/auth-page.tsx"
"0 && Date.now() - ts",1,1,"jsx-text","pages/auth-page.tsx"
"Refreshing session…",1,1,"jsx-text","pages/auth-page.tsx"
"Signing you in…",1,1,"jsx-text","pages/auth-page.tsx"
"Rule name",1,1,"jsx-text","pages/automation.tsx"
"Trigger event",1,1,"jsx-text","pages/automation.tsx"
"No conditions set. Rule will trigger for all matching events.",1,1,"jsx-text","pages/automation.tsx"
"Add at least one action for this rule.",1,1,"jsx-text","pages/automation.tsx"
"Automation rules",1,1,"jsx-text","pages/automation.tsx"
"Automate workflows based on triggers and conditions",1,1,"jsx-text","pages/automation.tsx"
"No automation rules yet",1,1,"jsx-text","pages/automation.tsx"
"Create your first rule to automate your workflows",1,1,"jsx-text","pages/automation.tsx"
"No executions yet",1,1,"jsx-text","pages/automation.tsx"
"Automation executions will appear here when rules are triggered",1,1,"jsx-text","pages/automation.tsx"
"Create automation rule",1,1,"jsx-text","pages/automation.tsx"
"Edit automation rule",1,1,"jsx-text","pages/automation.tsx"
"Delete automation rule",1,1,"prop:title","pages/automation.tsx"
"e.g., Welcome new leads",1,1,"prop:placeholder","pages/automation.tsx"
"Describe what this rule does…",1,1,"prop:placeholder","pages/automation.tsx"
"Select trigger…",1,1,"prop:placeholder","pages/automation.tsx"
"Field name",1,1,"prop:placeholder","pages/automation.tsx"
"Select action…",1,1,"prop:placeholder","pages/automation.tsx"
"Email subject",1,1,"prop:placeholder","pages/automation.tsx"
"Email body",1,1,"prop:placeholder","pages/automation.tsx"
"Notification message",1,1,"prop:placeholder","pages/automation.tsx"
"Tag name",1,1,"prop:placeholder","pages/automation.tsx"
"Are you sure you want to delete this automation rule? This action cannot be undone.",1,1,"prop:description","pages/automation.tsx"
"bv ? 1 : -1) : (av",1,1,"jsx-text","pages/avm-bulk.tsx"
"Bulk AVM valuation",1,1,"jsx-text","pages/avm-bulk.tsx"
"Upload a CSV of properties to get instant valuations.",1,1,"jsx-text","pages/avm-bulk.tsx"
"Processing properties…",1,1,"jsx-text","pages/avm-bulk.tsx"
"Successful",1,1,"jsx-text","pages/avm-bulk.tsx"
"Avg AVM value",1,1,"jsx-text","pages/avm-bulk.tsx"
"County/state",1,1,"jsx-text","pages/avm-bulk.tsx"
"CSV format guide",1,1,"jsx-text","pages/avm-bulk.tsx"
"Your CSV should have these columns (header row required):",1,1,"jsx-text","pages/avm-bulk.tsx"
"Optional columns: apn, property_type, zoning.",1,1,"jsx-text","pages/avm-bulk.tsx"
"Top factors driving this valuation away from the base estimate",1,1,"jsx-text","pages/avm.tsx"
"SHAP values show each feature&apos;s marginal contribution to the final estimate.",1,1,"jsx-text","pages/avm.tsx"
"Get notified when this property's AVM value moves beyond your threshold.",1,1,"jsx-text","pages/avm.tsx"
"Alert when value moves &gt;",1,1,"jsx-text","pages/avm.tsx"
"Saved",1,1,"jsx-text","pages/avm.tsx"
"Set alert",1,1,"jsx-text","pages/avm.tsx"
"Historical price per acre with confidence-range band",1,1,"jsx-text","pages/avm.tsx"
"Price/acre",1,1,"jsx-text","pages/avm.tsx"
"vs. subject",1,1,"jsx-text","pages/avm.tsx"
"Similarity",1,1,"jsx-text","pages/avm.tsx"
"Model confidence",1,1,"jsx-text","pages/avm.tsx"
"Avg data quality",1,1,"jsx-text","pages/avm.tsx"
"Avg price / acre",1,1,"jsx-text","pages/avm.tsx"
"Property to value",1,1,"jsx-text","pages/avm.tsx"
"Estimate",1,1,"jsx-text","pages/avm.tsx"
"Comparable sales (",1,1,"jsx-text","pages/avm.tsx"
"Market adjustments",1,1,"jsx-text","pages/avm.tsx"
"Estimated value",1,1,"jsx-text","pages/avm.tsx"
"Valuation Details",1,1,"jsx-text","pages/avm.tsx"
"Adjustments Applied",1,1,"jsx-text","pages/avm.tsx"
"Valuation Date",1,1,"jsx-text","pages/avm.tsx"
"High confidence estimate",1,1,"jsx-text","pages/avm.tsx"
"Price Per Acre — Comparable Sales",1,1,"jsx-text","pages/avm.tsx"
"Ranked by similarity score",1,1,"jsx-text","pages/avm.tsx"
"No comparable sales data available",1,1,"jsx-text","pages/avm.tsx"
"Market Adjustments Applied",1,1,"jsx-text","pages/avm.tsx"
"Factors that increased or decreased the baseline comparable value",1,1,"jsx-text","pages/avm.tsx"
"No adjustments data available",1,1,"jsx-text","pages/avm.tsx"
"Select a property to generate an AVM estimate",1,1,"jsx-text","pages/avm.tsx"
"Select a property to value…",1,1,"prop:placeholder","pages/avm.tsx"
"Loading beta analytics…",1,1,"jsx-text","pages/beta-analytics.tsx"
"No analytics data available.",1,1,"jsx-text","pages/beta-analytics.tsx"
"Beta analytics",1,1,"jsx-text","pages/beta-analytics.tsx"
"Onboarding rate",1,1,"jsx-text","pages/beta-analytics.tsx"
"Active in last 48 hours",1,1,"jsx-text","pages/beta-analytics.tsx"
"Feedback items",1,1,"jsx-text","pages/beta-analytics.tsx"
"Activation",1,1,"jsx-text","pages/beta-analytics.tsx"
"Page usage",1,1,"jsx-text","pages/beta-analytics.tsx"
"Activation events",1,1,"jsx-text","pages/beta-analytics.tsx"
"User health & timeline",1,1,"jsx-text","pages/beta-analytics.tsx"
"Signed up",1,1,"jsx-text","pages/beta-analytics.tsx"
"Page visit frequency",1,1,"jsx-text","pages/beta-analytics.tsx"
"User feedback",1,1,"jsx-text","pages/beta-analytics.tsx"
"No feedback yet.",1,1,"jsx-text","pages/beta-analytics.tsx"
"Beta Program",1,1,"jsx-text","pages/beta-dashboard.tsx"
"Waitlist Entries",1,1,"jsx-text","pages/beta-dashboard.tsx"
"Invited",1,1,"jsx-text","pages/beta-dashboard.tsx"
"Joined",1,1,"jsx-text","pages/beta-dashboard.tsx"
"Capacity",1,1,"jsx-text","pages/beta-dashboard.tsx"
"user@example.com",1,1,"prop:placeholder","pages/beta-dashboard.tsx"
"Cohort (optional)",1,1,"prop:placeholder","pages/beta-dashboard.tsx"
"Beta program",1,1,"prop:label","pages/beta-dashboard.tsx"
"You're on the list!",1,1,"jsx-text","pages/beta-intake.tsx"
"Your position in the waitlist",1,1,"jsx-text","pages/beta-intake.tsx"
"Join the AcreOS beta",1,1,"jsx-text","pages/beta-intake.tsx"
"Company or business name",1,1,"jsx-text","pages/beta-intake.tsx"
"How do you plan to use AcreOS?",1,1,"jsx-text","pages/beta-intake.tsx"
"More detail = higher priority score.",1,1,"jsx-text","pages/beta-intake.tsx"
"Referral code (optional)",1,1,"jsx-text","pages/beta-intake.tsx"
"Email to check waitlist status",1,1,"jsx-text","pages/beta-intake.tsx"
"Position:",1,1,"jsx-text","pages/beta-intake.tsx"
"Your code:",1,1,"jsx-text","pages/beta-intake.tsx"
"Email not found on the waitlist.",1,1,"jsx-text","pages/beta-intake.tsx"
"Smith",1,1,"prop:placeholder","pages/beta-intake.tsx"
"Smith Land Holdings LLC",1,1,"prop:placeholder","pages/beta-intake.tsx"
"e.g. I buy 10–20 rural acres per month via direct mail and want to automate my seller outreach and use the AI negotiation tools…",1,1,"prop:placeholder","pages/beta-intake.tsx"
"ACRE-00001",1,1,"prop:placeholder","pages/beta-intake.tsx"
"Step 1: County & property details",1,1,"jsx-text","pages/blind-offer-wizard.tsx"
"Select the county you're targeting. The system will pull USDA land-value benchmarks and demographic data.",1,1,"jsx-text","pages/blind-offer-wizard.tsx"
"Parcel size (acres)",1,1,"jsx-text","pages/blind-offer-wizard.tsx"
"Seller profile (optional — improves offer tier recommendation)",1,1,"jsx-text","pages/blind-offer-wizard.tsx"
"Years owned",1,1,"jsx-text","pages/blind-offer-wizard.tsx"
"County selection wisdom",1,1,"jsx-text","pages/blind-offer-wizard.tsx"
"Validate your county before mailing: search eBay's sold land listings for this county. If you find 10+ listings with multiple bidders, the model works here. No bidders means no buyer market. Counties within 2-3 hours of a major metro consistently outperform remote rural counties.",1,1,"jsx-text","pages/blind-offer-wizard.tsx"
"Continue to comp research",1,1,"jsx-text","pages/blind-offer-wizard.tsx"
"Step 2: Comparable sales research",1,1,"jsx-text","pages/blind-offer-wizard.tsx"
"±50% acreage of your target. Last 18 months.",1,1,"jsx-text","pages/blind-offer-wizard.tsx"
"Source: ATTOM Data recent sales (last 18 months, ±50% acreage). Add or remove any below.",1,1,"jsx-text","pages/blind-offer-wizard.tsx"
"Comps couldn't load — paste manually",1,1,"jsx-text","pages/blind-offer-wizard.tsx"
"Network or ATTOM hiccup. The manual form below works as the fallback.",1,1,"jsx-text","pages/blind-offer-wizard.tsx"
"Pull comps automatically",1,1,"jsx-text","pages/blind-offer-wizard.tsx"
"Where to find comps:",1,1,"jsx-text","pages/blind-offer-wizard.tsx"
"County assessor records",1,1,"jsx-text","pages/blind-offer-wizard.tsx"
"— real transaction data (best source)",1,1,"jsx-text","pages/blind-offer-wizard.tsx"
"LandWatch.com",1,1,"jsx-text","pages/blind-offer-wizard.tsx"
"→ Sold listings filter",1,1,"jsx-text","pages/blind-offer-wizard.tsx"
"Land and Farm / Lands of America",1,1,"jsx-text","pages/blind-offer-wizard.tsx"
"→ Sold section",1,1,"jsx-text","pages/blind-offer-wizard.tsx"
"→ Completed listings → Land → your county",1,1,"jsx-text","pages/blind-offer-wizard.tsx"
"• Goal: 5-10 comps, last 12-18 months, similar acreage",1,1,"jsx-text","pages/blind-offer-wizard.tsx"
"Add a comparable sale",1,1,"jsx-text","pages/blind-offer-wizard.tsx"
"Price per acre ($)",1,1,"jsx-text","pages/blind-offer-wizard.tsx"
"County records",1,1,"jsx-text","pages/blind-offer-wizard.tsx"
"LandWatch",1,1,"jsx-text","pages/blind-offer-wizard.tsx"
"Land and Farm",1,1,"jsx-text","pages/blind-offer-wizard.tsx"
"eBay (sold)",1,1,"jsx-text","pages/blind-offer-wizard.tsx"
"Add comp",1,1,"jsx-text","pages/blind-offer-wizard.tsx"
"Lowest:",1,1,"jsx-text","pages/blind-offer-wizard.tsx"
"→ Target offer:",1,1,"jsx-text","pages/blind-offer-wizard.tsx"
"Lowest",1,1,"jsx-text","pages/blind-offer-wizard.tsx"
"Calculating your offer…",1,1,"jsx-text","pages/blind-offer-wizard.tsx"
"Pulling USDA land values, analyzing comps, running offer formula.",1,1,"jsx-text","pages/blind-offer-wizard.tsx"
"Couldn't generate offer report",1,1,"jsx-text","pages/blind-offer-wizard.tsx"
"Your inputs are preserved. Try again or adjust comps and re-run.",1,1,"jsx-text","pages/blind-offer-wizard.tsx"
"Step 3: Offer calculation",1,1,"jsx-text","pages/blind-offer-wizard.tsx"
"USDA land value",1,1,"jsx-text","pages/blind-offer-wizard.tsx"
"Pastureland benchmark",1,1,"jsx-text","pages/blind-offer-wizard.tsx"
"Comp anchor",1,1,"jsx-text","pages/blind-offer-wizard.tsx"
"5-yr appreciation",1,1,"jsx-text","pages/blind-offer-wizard.tsx"
"USDA CAGR",1,1,"jsx-text","pages/blind-offer-wizard.tsx"
"Why this offer?",1,1,"jsx-text","pages/blind-offer-wizard.tsx"
"eBay validation:",1,1,"jsx-text","pages/blind-offer-wizard.tsx"
"Step 4: Exit strategy",1,1,"jsx-text","pages/blind-offer-wizard.tsx"
"Compare cash flip vs. owner financing. Most land investors start with cash flips, then build to a note portfolio.",1,1,"jsx-text","pages/blind-offer-wizard.tsx"
"Cash flip",1,1,"jsx-text","pages/blind-offer-wizard.tsx"
"Buy, list, and sell within 30-45 days.",1,1,"jsx-text","pages/blind-offer-wizard.tsx"
"Hold period",1,1,"jsx-text","pages/blind-offer-wizard.tsx"
"Owner financing",1,1,"jsx-text","pages/blind-offer-wizard.tsx"
"Wealth-building",1,1,"jsx-text","pages/blind-offer-wizard.tsx"
"9% interest, 84-month note — pure passive income.",1,1,"jsx-text","pages/blind-offer-wizard.tsx"
"Total ROI",1,1,"jsx-text","pages/blind-offer-wizard.tsx"
"Strategic recommendation",1,1,"jsx-text","pages/blind-offer-wizard.tsx"
"Step 5: Blind offer letter",1,1,"jsx-text","pages/blind-offer-wizard.tsx"
"Your personalized blind offer letter. Customize and mail to the property owner. Keep it simple — one page, specific price, clear call-to-action.",1,1,"jsx-text","pages/blind-offer-wizard.tsx"
"Recommended offer",1,1,"jsx-text","pages/blind-offer-wizard.tsx"
"Cash flip target",1,1,"jsx-text","pages/blind-offer-wizard.tsx"
"Owner-finance monthly",1,1,"jsx-text","pages/blind-offer-wizard.tsx"
"for 84 months",1,1,"jsx-text","pages/blind-offer-wizard.tsx"
"Offer letter template",1,1,"jsx-text","pages/blind-offer-wizard.tsx"
"Campaign sizing",1,1,"jsx-text","pages/blind-offer-wizard.tsx"
"How many letters to send for consistent deal flow?",1,1,"jsx-text","pages/blind-offer-wizard.tsx"
"Industry average",1,1,"jsx-text","pages/blind-offer-wizard.tsx"
"Close rate",1,1,"jsx-text","pages/blind-offer-wizard.tsx"
"3 of 5 responses",1,1,"jsx-text","pages/blind-offer-wizard.tsx"
"Letters for 1 deal",1,1,"jsx-text","pages/blind-offer-wizard.tsx"
"At 4% × 60%",1,1,"jsx-text","pages/blind-offer-wizard.tsx"
"Mail consistently every month — sellers often respond to your 2nd or 3rd letter, months after the first campaign.",1,1,"jsx-text","pages/blind-offer-wizard.tsx"
"Calculate your offer using a proven methodology — the trusted system behind thousands of profitable land deals.",1,1,"jsx-text","pages/blind-offer-wizard.tsx"
"e.g. Mohave, Pinal, San Juan…",1,1,"prop:placeholder","pages/blind-offer-wizard.tsx"
"Years",1,1,"prop:placeholder","pages/blind-offer-wizard.tsx"
"Trust log",1,1,"jsx-text","pages/board-of-directors.tsx"
"Overrides",1,1,"jsx-text","pages/board-of-directors.tsx"
"Trust enforcement events",1,1,"jsx-text","pages/board-of-directors.tsx"
"Override history",1,1,"jsx-text","pages/board-of-directors.tsx"
"Learning applied to future decisions.",1,1,"jsx-text","pages/board-of-directors.tsx"
"Confidence cascade — multi-layer resolution",1,1,"jsx-text","pages/board-of-directors.tsx"
"Interest income",1,1,"jsx-text","pages/bookkeeping.tsx"
"Principal collected",1,1,"jsx-text","pages/bookkeeping.tsx"
"Net P&amp;L",1,1,"jsx-text","pages/bookkeeping.tsx"
"1099s required",1,1,"jsx-text","pages/bookkeeping.tsx"
"Note interest summary",1,1,"jsx-text","pages/bookkeeping.tsx"
"Borrower portal sign-in",1,1,"jsx-text","pages/borrower-portal.tsx"
"Borrower portal",1,1,"jsx-text","pages/borrower-portal.tsx"
"Loading your loan…",1,1,"jsx-text","pages/borrower-portal.tsx"
"View loan details",1,1,"jsx-text","pages/borrower-portal.tsx"
"See your balance, payment schedule, and loan terms.",1,1,"jsx-text","pages/borrower-portal.tsx"
"Make payments",1,1,"jsx-text","pages/borrower-portal.tsx"
"Pay online with ACH or credit card.",1,1,"jsx-text","pages/borrower-portal.tsx"
"Download documents",1,1,"jsx-text","pages/borrower-portal.tsx"
"Access your contract and payment history.",1,1,"jsx-text","pages/borrower-portal.tsx"
"AcreOS portal",1,1,"jsx-text","pages/borrower-portal.tsx"
"Amount due",1,1,"jsx-text","pages/borrower-portal.tsx"
"Statements",1,1,"jsx-text","pages/borrower-portal.tsx"
"Payoff quote",1,1,"jsx-text","pages/borrower-portal.tsx"
"Total paid",1,1,"jsx-text","pages/borrower-portal.tsx"
"Autopay",1,1,"jsx-text","pages/borrower-portal.tsx"
"Loan details",1,1,"jsx-text","pages/borrower-portal.tsx"
"Original amount",1,1,"jsx-text","pages/borrower-portal.tsx"
"Term length",1,1,"jsx-text","pages/borrower-portal.tsx"
"Start date",1,1,"jsx-text","pages/borrower-portal.tsx"
"Maturity date",1,1,"jsx-text","pages/borrower-portal.tsx"
"Grace period",1,1,"jsx-text","pages/borrower-portal.tsx"
"No messages yet. Send your lender a message below.",1,1,"jsx-text","pages/borrower-portal.tsx"
"Message to your lender",1,1,"jsx-text","pages/borrower-portal.tsx"
"Calculating your payoff quote…",1,1,"jsx-text","pages/borrower-portal.tsx"
"Principal balance",1,1,"jsx-text","pages/borrower-portal.tsx"
"Accrued interest",1,1,"jsx-text","pages/borrower-portal.tsx"
"Payoff fee",1,1,"jsx-text","pages/borrower-portal.tsx"
"Total payoff amount",1,1,"jsx-text","pages/borrower-portal.tsx"
"Statement type",1,1,"jsx-text","pages/borrower-portal.tsx"
"Account statement",1,1,"jsx-text","pages/borrower-portal.tsx"
"Form 1098 (mortgage interest — tax)",1,1,"jsx-text","pages/borrower-portal.tsx"
"Type your message here…",1,1,"prop:placeholder","pages/borrower-portal.tsx"
"7 days",1,1,"jsx-text","pages/buyer-analytics.tsx"
"1 year",1,1,"jsx-text","pages/buyer-analytics.tsx"
"Per-blast funnel",1,1,"jsx-text","pages/buyer-analytics.tsx"
"No blasts in the selected window.",1,1,"jsx-text","pages/buyer-analytics.tsx"
"Not",1,1,"jsx-text","pages/buyer-analytics.tsx"
"Buyer-list freshness",1,1,"jsx-text","pages/buyer-analytics.tsx"
"Blasts",1,1,"prop:label","pages/buyer-analytics.tsx"
"Fresh ≤ 30d",1,1,"prop:label","pages/buyer-analytics.tsx"
"Warming 31-90d",1,1,"prop:label","pages/buyer-analytics.tsx"
"Stale 91-180d",1,1,"prop:label","pages/buyer-analytics.tsx"
"Deactivation",1,1,"prop:label","pages/buyer-analytics.tsx"
"Property #",1,1,"jsx-text","pages/buyer-blasts.tsx"
"Sent at",1,1,"jsx-text","pages/buyer-blasts.tsx"
"Blast not found.",1,1,"jsx-text","pages/buyer-blasts.tsx"
"What we sent",1,1,"jsx-text","pages/buyer-blasts.tsx"
"Blast a property to matched cash buyers",1,1,"jsx-text","pages/buyer-blasts.tsx"
"Financing filter",1,1,"jsx-text","pages/buyer-blasts.tsx"
"Cash buyers only",1,1,"jsx-text","pages/buyer-blasts.tsx"
"Any financing",1,1,"jsx-text","pages/buyer-blasts.tsx"
"Subject *",1,1,"jsx-text","pages/buyer-blasts.tsx"
"Body (HTML allowed)",1,1,"jsx-text","pages/buyer-blasts.tsx"
"Minimum match score (0–100)",1,1,"jsx-text","pages/buyer-blasts.tsx"
"No buyer blasts yet",1,1,"prop:title","pages/buyer-blasts.tsx"
"New deal in 85016 — $185K assignment, ARV $310K",1,1,"prop:placeholder","pages/buyer-blasts.tsx"
"3-bed/2-bath in Maryvale, repairs ~$45K. Reply YES if you want to walk it.",1,1,"prop:placeholder","pages/buyer-blasts.tsx"
"Buyer blasts",1,1,"prop:label","pages/buyer-blasts.tsx"
"When you lock up a subject property, blast your matched cash buyers in one click. AcreOS sends the emails + tracks each recipient",1,1,"prop:description","pages/buyer-blasts.tsx"
"Control which marketplace events trigger notifications.",1,1,"jsx-text","pages/buyer-network.tsx"
"Buyer intelligence network",1,1,"jsx-text","pages/buyer-network.tsx"
"Real-time buyer demand data and geographic insights.",1,1,"jsx-text","pages/buyer-network.tsx"
"Hot markets",1,1,"jsx-text","pages/buyer-network.tsx"
"Demand heatmap",1,1,"jsx-text","pages/buyer-network.tsx"
"Match scores",1,1,"jsx-text","pages/buyer-network.tsx"
"County demand index",1,1,"jsx-text","pages/buyer-network.tsx"
"Demand score",1,1,"jsx-text","pages/buyer-network.tsx"
"Avg budget",1,1,"jsx-text","pages/buyer-network.tsx"
"Top property type",1,1,"jsx-text","pages/buyer-network.tsx"
"Search buyers",1,1,"jsx-text","pages/buyer-network.tsx"
"Preferred states",1,1,"jsx-text","pages/buyer-network.tsx"
"Budget range",1,1,"jsx-text","pages/buyer-network.tsx"
"Acreage preference",1,1,"jsx-text","pages/buyer-network.tsx"
"Activity score",1,1,"jsx-text","pages/buyer-network.tsx"
"Search buyers…",1,1,"prop:placeholder","pages/buyer-network.tsx"
"Overall score",1,1,"jsx-text","pages/buyer-qualification.tsx"
"Closing probability",1,1,"jsx-text","pages/buyer-qualification.tsx"
"High risk",1,1,"jsx-text","pages/buyer-qualification.tsx"
"Avg closing %",1,1,"jsx-text","pages/buyer-qualification.tsx"
"Qualify a lead",1,1,"jsx-text","pages/buyer-qualification.tsx"
"Start or run a full assessment for any lead.",1,1,"jsx-text","pages/buyer-qualification.tsx"
"Assessing…",1,1,"jsx-text","pages/buyer-qualification.tsx"
"No qualified buyers yet.",1,1,"jsx-text","pages/buyer-qualification.tsx"
"No high-risk buyers flagged.",1,1,"jsx-text","pages/buyer-qualification.tsx"
"4-step process to pool and securitize seller-financed notes",1,1,"jsx-text","pages/capital-markets.tsx"
"Note IDs to pool (comma-separated)",1,1,"jsx-text","pages/capital-markets.tsx"
"Enter the IDs of seller-financed notes to include in this pool.",1,1,"jsx-text","pages/capital-markets.tsx"
"Tranche type",1,1,"jsx-text","pages/capital-markets.tsx"
"Senior — first-lien priority in waterfall",1,1,"jsx-text","pages/capital-markets.tsx"
"Mezzanine — middle priority, higher yield",1,1,"jsx-text","pages/capital-markets.tsx"
"Equity residual — last paid, highest upside",1,1,"jsx-text","pages/capital-markets.tsx"
"Senior tranches receive priority in waterfall distributions.",1,1,"jsx-text","pages/capital-markets.tsx"
"Internal credit rating",1,1,"jsx-text","pages/capital-markets.tsx"
"AAA — highest quality (lowest yield)",1,1,"jsx-text","pages/capital-markets.tsx"
"AA — high quality",1,1,"jsx-text","pages/capital-markets.tsx"
"A — upper medium",1,1,"jsx-text","pages/capital-markets.tsx"
"BBB — medium grade (highest yield)",1,1,"jsx-text","pages/capital-markets.tsx"
"Rating affects investor interest rate expectations.",1,1,"jsx-text","pages/capital-markets.tsx"
"Pool notes:",1,1,"jsx-text","pages/capital-markets.tsx"
"Tranche:",1,1,"jsx-text","pages/capital-markets.tsx"
"Rating:",1,1,"jsx-text","pages/capital-markets.tsx"
"Total capital deployed",1,1,"jsx-text","pages/capital-markets.tsx"
"Active securities",1,1,"jsx-text","pages/capital-markets.tsx"
"Average yield",1,1,"jsx-text","pages/capital-markets.tsx"
"Capital efficiency",1,1,"jsx-text","pages/capital-markets.tsx"
"Securities",1,1,"jsx-text","pages/capital-markets.tsx"
"Lender network",1,1,"jsx-text","pages/capital-markets.tsx"
"Capital raises",1,1,"jsx-text","pages/capital-markets.tsx"
"Match lenders",1,1,"jsx-text","pages/capital-markets.tsx"
"Securitize notes",1,1,"jsx-text","pages/capital-markets.tsx"
"No securitization offerings yet.",1,1,"jsx-text","pages/capital-markets.tsx"
"Pool your seller-financed notes to create offerings for institutional investors.",1,1,"jsx-text","pages/capital-markets.tsx"
"Total principal",1,1,"jsx-text","pages/capital-markets.tsx"
"Min investment",1,1,"jsx-text","pages/capital-markets.tsx"
"Notes in pool",1,1,"jsx-text","pages/capital-markets.tsx"
"Lender filters",1,1,"jsx-text","pages/capital-markets.tsx"
"Loan type",1,1,"jsx-text","pages/capital-markets.tsx"
"Conventional",1,1,"jsx-text","pages/capital-markets.tsx"
"Hard money",1,1,"jsx-text","pages/capital-markets.tsx"
"Bridge",1,1,"jsx-text","pages/capital-markets.tsx"
"Seller finance",1,1,"jsx-text","pages/capital-markets.tsx"
"Max LTV (%)",1,1,"jsx-text","pages/capital-markets.tsx"
"No lenders in your network yet.",1,1,"jsx-text","pages/capital-markets.tsx"
"Min:",1,1,"jsx-text","pages/capital-markets.tsx"
"Max:",1,1,"jsx-text","pages/capital-markets.tsx"
"Rate:",1,1,"jsx-text","pages/capital-markets.tsx"
"No capital-raise campaigns active.",1,1,"jsx-text","pages/capital-markets.tsx"
"Raised",1,1,"jsx-text","pages/capital-markets.tsx"
"Investors",1,1,"jsx-text","pages/capital-markets.tsx"
"Find matching lenders",1,1,"jsx-text","pages/capital-markets.tsx"
"Deal amount ($)",1,1,"jsx-text","pages/capital-markets.tsx"
"LTV (%)",1,1,"jsx-text","pages/capital-markets.tsx"
"Enter deal details to find matching lenders.",1,1,"jsx-text","pages/capital-markets.tsx"
"note-001, note-002, note-003",1,1,"prop:placeholder","pages/capital-markets.tsx"
"e.g. 75",1,1,"prop:placeholder","pages/capital-markets.tsx"
"Projected expenses",1,1,"jsx-text","pages/cash-flow.tsx"
"No forecast data yet.",1,1,"jsx-text","pages/cash-flow.tsx"
"Click ""Generate forecast"" to create your first cash flow projection.",1,1,"jsx-text","pages/cash-flow.tsx"
"Portfolio timeline",1,1,"jsx-text","pages/cash-flow.tsx"
"Income breakdown",1,1,"jsx-text","pages/cash-flow.tsx"
"Forecast accuracy",1,1,"jsx-text","pages/cash-flow.tsx"
"24-month income projection",1,1,"jsx-text","pages/cash-flow.tsx"
"Monthly cash flow projection",1,1,"jsx-text","pages/cash-flow.tsx"
"Projected income, expenses, and net cash flow over the next 12 months.",1,1,"jsx-text","pages/cash-flow.tsx"
"No high-risk notes detected. Portfolio looks healthy.",1,1,"jsx-text","pages/cash-flow.tsx"
"Forecast accuracy — last 6 months",1,1,"jsx-text","pages/cash-flow.tsx"
"Actual income",1,1,"jsx-text","pages/cash-flow.tsx"
"No historical comparison data available yet.",1,1,"jsx-text","pages/cash-flow.tsx"
"Library",1,1,"jsx-text","pages/ccr-templates.tsx"
"Pick a template.",1,1,"jsx-text","pages/ccr-templates.tsx"
"Rendered output",1,1,"jsx-text","pages/ccr-templates.tsx"
"CC&R templates",1,1,"prop:label","pages/ccr-templates.tsx"
"Search by name",1,1,"jsx-text","pages/certification-leaderboard.tsx"
"Filter by tier",1,1,"jsx-text","pages/certification-leaderboard.tsx"
"No leaderboard entries found",1,1,"jsx-text","pages/certification-leaderboard.tsx"
"Certifications",1,1,"jsx-text","pages/certification-leaderboard.tsx"
"Completion",1,1,"jsx-text","pages/certification-leaderboard.tsx"
"Last earned",1,1,"jsx-text","pages/certification-leaderboard.tsx"
"Start earning certifications to see your progress",1,1,"jsx-text","pages/certification-leaderboard.tsx"
"= 0 && currentTierIdx",1,1,"jsx-text","pages/certification-leaderboard.tsx"
"Certifications earned",1,1,"jsx-text","pages/certification-leaderboard.tsx"
"Overall rank",1,1,"jsx-text","pages/certification-leaderboard.tsx"
"Min certifications",1,1,"jsx-text","pages/certification-leaderboard.tsx"
"Min points",1,1,"jsx-text","pages/certification-leaderboard.tsx"
"Perks",1,1,"jsx-text","pages/certification-leaderboard.tsx"
"My progress",1,1,"jsx-text","pages/certification-leaderboard.tsx"
"Tier requirements",1,1,"jsx-text","pages/certification-leaderboard.tsx"
"Search by name…",1,1,"prop:placeholder","pages/certification-leaderboard.tsx"
"Certification requirements",1,1,"jsx-text","pages/certification-requirements.tsx"
"Requirements and benefits for each certification tier.",1,1,"jsx-text","pages/certification-requirements.tsx"
"You've reached the highest tier!",1,1,"jsx-text","pages/certification-requirements.tsx"
"Next goal",1,1,"jsx-text","pages/certification-requirements.tsx"
"What's new in AcreOS",1,1,"jsx-text","pages/changelog.tsx"
"Changelog · AcreOS",1,1,"prop:title","pages/changelog.tsx"
"Recent updates, new features, and improvements to AcreOS — written for Land Investors using the platform.",1,1,"prop:description","pages/changelog.tsx"
"Calculating…",1,1,"jsx-text","pages/closing-costs.tsx"
"Recording fee",1,1,"jsx-text","pages/closing-costs.tsx"
"Total est.",1,1,"jsx-text","pages/closing-costs.tsx"
"Recording fee/page",1,1,"jsx-text","pages/closing-costs.tsx"
"Paid by",1,1,"jsx-text","pages/closing-costs.tsx"
"Segment by",1,1,"jsx-text","pages/cohort-analysis.tsx"
"Overall close rate",1,1,"jsx-text","pages/cohort-analysis.tsx"
"Offer sent",1,1,"jsx-text","pages/cohort-analysis.tsx"
"Funnel progress",1,1,"jsx-text","pages/cohort-analysis.tsx"
"Not enough lead data yet",1,1,"prop:title","pages/cohort-analysis.tsx"
"Cohort analysis needs a baseline of leads to compare. Import or capture more leads, then come back to see conversion patterns by segment.",1,1,"prop:description","pages/cohort-analysis.tsx"
"Agent Roster",1,1,"jsx-text","pages/command-center.tsx"
"Daily Briefing",1,1,"jsx-text","pages/command-center.tsx"
"All Agents",1,1,"jsx-text","pages/command-center.tsx"
"All Statuses",1,1,"jsx-text","pages/command-center.tsx"
"No actions match your filters",1,1,"jsx-text","pages/command-center.tsx"
"Select an agent to view details and settings",1,1,"jsx-text","pages/command-center.tsx"
"Allow this agent to operate",1,1,"jsx-text","pages/command-center.tsx"
"Autonomy Level",1,1,"jsx-text","pages/command-center.tsx"
"Full Auto",1,1,"jsx-text","pages/command-center.tsx"
"Supervised",1,1,"jsx-text","pages/command-center.tsx"
"Manual",1,1,"jsx-text","pages/command-center.tsx"
"Custom Instructions",1,1,"jsx-text","pages/command-center.tsx"
"Recent Actions",1,1,"jsx-text","pages/command-center.tsx"
"No recent actions",1,1,"jsx-text","pages/command-center.tsx"
"Background Agent Services",1,1,"jsx-text","pages/command-center.tsx"
"$0.02 per task",1,1,"jsx-text","pages/command-center.tsx"
"Active Operations",1,1,"jsx-text","pages/command-center.tsx"
"Connecting to agents...",1,1,"jsx-text","pages/command-center.tsx"
"AI Operations Dashboard",1,1,"jsx-text","pages/command-center.tsx"
"Monitor Portfolio",1,1,"jsx-text","pages/command-center.tsx"
"Check Compliance",1,1,"jsx-text","pages/command-center.tsx"
"Your portfolio is running smoothly",1,1,"jsx-text","pages/command-center.tsx"
"Assistant",1,1,"jsx-text","pages/command-center.tsx"
"Try asking me to:",1,1,"jsx-text","pages/command-center.tsx"
"Thinking...",1,1,"jsx-text","pages/command-center.tsx"
"$0.02 per message",1,1,"jsx-text","pages/command-center.tsx"
"Delete Conversation",1,1,"prop:title","pages/command-center.tsx"
"Add custom instructions for this agent…",1,1,"prop:placeholder","pages/command-center.tsx"
"E.g., Send follow-up emails to all leads who haven",1,1,"prop:placeholder","pages/command-center.tsx"
"Idle",1,1,"prop:label","pages/command-center.tsx"
"Are you sure you want to delete this conversation? This action cannot be undone.",1,1,"prop:description","pages/command-center.tsx"
"Deals closed (YTD)",1,1,"jsx-text","pages/commissions.tsx"
"Sale volume",1,1,"jsx-text","pages/commissions.tsx"
"Commission owed",1,1,"jsx-text","pages/commissions.tsx"
"Commission record",1,1,"jsx-text","pages/commissions.tsx"
"Payment amount ($)",1,1,"jsx-text","pages/commissions.tsx"
"Commission year",1,1,"jsx-text","pages/commissions.tsx"
"Total commissions",1,1,"jsx-text","pages/commissions.tsx"
"By agent",1,1,"jsx-text","pages/commissions.tsx"
"All records",1,1,"jsx-text","pages/commissions.tsx"
"Tier config",1,1,"jsx-text","pages/commissions.tsx"
"Commission",1,1,"jsx-text","pages/commissions.tsx"
"Commission tiers",1,1,"jsx-text","pages/commissions.tsx"
"Min deals",1,1,"jsx-text","pages/commissions.tsx"
"Select commission record…",1,1,"prop:placeholder","pages/commissions.tsx"
"Owed",1,1,"prop:label","pages/commissions.tsx"
"Commissions",1,1,"prop:label","pages/commissions.tsx"
"Loading compliance dashboard…",1,1,"jsx-text","pages/compliance.tsx"
"Open alerts",1,1,"jsx-text","pages/compliance.tsx"
"Properties monitored",1,1,"jsx-text","pages/compliance.tsx"
"Resolved (30d)",1,1,"jsx-text","pages/compliance.tsx"
"Compliance calendar",1,1,"jsx-text","pages/compliance.tsx"
"All clear — no compliance alerts.",1,1,"jsx-text","pages/compliance.tsx"
"AcreOS is actively monitoring your portfolio for regulatory changes.",1,1,"jsx-text","pages/compliance.tsx"
"No active compliance rules loaded.",1,1,"jsx-text","pages/compliance.tsx"
"Past deadlines (this year)",1,1,"jsx-text","pages/compliance.tsx"
"New scenario simulation",1,1,"jsx-text","pages/conscious-organization.tsx"
"Scenario title",1,1,"jsx-text","pages/conscious-organization.tsx"
"Scenario type",1,1,"jsx-text","pages/conscious-organization.tsx"
"Pricing change",1,1,"jsx-text","pages/conscious-organization.tsx"
"Hiring decision",1,1,"jsx-text","pages/conscious-organization.tsx"
"Market shift",1,1,"jsx-text","pages/conscious-organization.tsx"
"Product launch",1,1,"jsx-text","pages/conscious-organization.tsx"
"Cost reduction",1,1,"jsx-text","pages/conscious-organization.tsx"
"Custom",1,1,"jsx-text","pages/conscious-organization.tsx"
"Hypothesis",1,1,"jsx-text","pages/conscious-organization.tsx"
"Running simulation…",1,1,"jsx-text","pages/conscious-organization.tsx"
"Launch war room",1,1,"jsx-text","pages/conscious-organization.tsx"
"Consensus:",1,1,"jsx-text","pages/conscious-organization.tsx"
"Agent projections:",1,1,"jsx-text","pages/conscious-organization.tsx"
"Health grade",1,1,"jsx-text","pages/conscious-organization.tsx"
"Learning velocity",1,1,"jsx-text","pages/conscious-organization.tsx"
"/wk",1,1,"jsx-text","pages/conscious-organization.tsx"
"Coherence",1,1,"jsx-text","pages/conscious-organization.tsx"
"Agent self-calibration",1,1,"jsx-text","pages/conscious-organization.tsx"
"Optimal rate",1,1,"jsx-text","pages/conscious-organization.tsx"
"Replayed",1,1,"jsx-text","pages/conscious-organization.tsx"
"Biases found",1,1,"jsx-text","pages/conscious-organization.tsx"
"Detected biases",1,1,"jsx-text","pages/conscious-organization.tsx"
"Agent trust insights",1,1,"jsx-text","pages/conscious-organization.tsx"
"Resilience score",1,1,"jsx-text","pages/conscious-organization.tsx"
"Live event feed",1,1,"jsx-text","pages/conscious-organization.tsx"
"No events yet. Start the nervous-system heartbeat to see activity.",1,1,"jsx-text","pages/conscious-organization.tsx"
"Active layers",1,1,"jsx-text","pages/conscious-organization.tsx"
"Suppressed",1,1,"jsx-text","pages/conscious-organization.tsx"
"This week",1,1,"jsx-text","pages/conscious-organization.tsx"
"Last week",1,1,"jsx-text","pages/conscious-organization.tsx"
"Trend",1,1,"jsx-text","pages/conscious-organization.tsx"
"Agent calibration accuracy",1,1,"jsx-text","pages/conscious-organization.tsx"
"Recent learning propagations",1,1,"jsx-text","pages/conscious-organization.tsx"
"No learnings propagated yet. Measure outcomes to trigger the loop.",1,1,"jsx-text","pages/conscious-organization.tsx"
"Heartbeat",1,1,"jsx-text","pages/conscious-organization.tsx"
"War room",1,1,"jsx-text","pages/conscious-organization.tsx"
"Learning",1,1,"jsx-text","pages/conscious-organization.tsx"
"Calibration",1,1,"jsx-text","pages/conscious-organization.tsx"
"Resilience",1,1,"jsx-text","pages/conscious-organization.tsx"
"Nervous system",1,1,"jsx-text","pages/conscious-organization.tsx"
"Surface",1,1,"jsx-text","pages/conscious-organization.tsx"
"e.g., Raise prices 20%",1,1,"prop:placeholder","pages/conscious-organization.tsx"
"What do you think will happen?",1,1,"prop:placeholder","pages/conscious-organization.tsx"
"Eligible",1,1,"jsx-text","pages/contractor-1099-nec.tsx"
"missing W-9 / address",1,1,"jsx-text","pages/contractor-1099-nec.tsx"
"Eligible contractors",1,1,"jsx-text","pages/contractor-1099-nec.tsx"
"1099-NEC batch",1,1,"prop:label","pages/contractor-1099-nec.tsx"
"New contractor",1,1,"jsx-text","pages/contractors.tsx"
"Tax ID is required to issue a 1099-NEC. Add now or fill in later before tax-time.",1,1,"jsx-text","pages/contractors.tsx"
"Name *",1,1,"jsx-text","pages/contractors.tsx"
"Business name",1,1,"jsx-text","pages/contractors.tsx"
"Add contractor",1,1,"jsx-text","pages/contractors.tsx"
"Business",1,1,"jsx-text","pages/contractors.tsx"
"YTD paid",1,1,"jsx-text","pages/contractors.tsx"
"Lifetime",1,1,"jsx-text","pages/contractors.tsx"
"1099 status",1,1,"jsx-text","pages/contractors.tsx"
"need W-9",1,1,"jsx-text","pages/contractors.tsx"
"1099 eligible",1,1,"jsx-text","pages/contractors.tsx"
"Marcus Construction LLC",1,1,"prop:placeholder","pages/contractors.tsx"
"XX-XXXXXXX",1,1,"prop:placeholder","pages/contractors.tsx"
"Contractors",1,1,"prop:label","pages/contractors.tsx"
"Data sources",1,1,"jsx-text","pages/counties.tsx"
"FIPS code",1,1,"jsx-text","pages/counties.tsx"
"Priority (1-5)",1,1,"jsx-text","pages/counties.tsx"
"Average lot price",1,1,"jsx-text","pages/counties.tsx"
"Delete county",1,1,"prop:title","pages/counties.tsx"
"e.g., Maricopa",1,1,"prop:placeholder","pages/counties.tsx"
"e.g., 04013",1,1,"prop:placeholder","pages/counties.tsx"
"e.g., 4500000",1,1,"prop:placeholder","pages/counties.tsx"
"e.g., 350000",1,1,"prop:placeholder","pages/counties.tsx"
"e.g., 25000",1,1,"prop:placeholder","pages/counties.tsx"
"Notes about this county…",1,1,"prop:placeholder","pages/counties.tsx"
"County not found.",1,1,"jsx-text","pages/county-detail.tsx"
"Clerk profile",1,1,"jsx-text","pages/county-detail.tsx"
"Payment methods (comma-separated)",1,1,"jsx-text","pages/county-detail.tsx"
"Deposit timing (hrs before sale)",1,1,"jsx-text","pages/county-detail.tsx"
"Opens at (HH:MM)",1,1,"jsx-text","pages/county-detail.tsx"
"Lot list posted at (HH:MM)",1,1,"jsx-text","pages/county-detail.tsx"
"Proxy bidding allowed",1,1,"jsx-text","pages/county-detail.tsx"
"Deed recordation lag (hrs)",1,1,"jsx-text","pages/county-detail.tsx"
"wires_only, certified_check",1,1,"prop:placeholder","pages/county-detail.tsx"
"Free-text overflow — every quirk this clerk has.",1,1,"prop:placeholder","pages/county-detail.tsx"
"Delinquent leads",1,1,"prop:label","pages/county-detail.tsx"
"Auctions ≤ 90d",1,1,"prop:label","pages/county-detail.tsx"
"Worksheet items",1,1,"prop:label","pages/county-detail.tsx"
"Payment methods",1,1,"prop:label","pages/county-detail.tsx"
"Deposit due",1,1,"prop:label","pages/county-detail.tsx"
"Opens at",1,1,"prop:label","pages/county-detail.tsx"
"Lot list posted at",1,1,"prop:label","pages/county-detail.tsx"
"Proxy bidding",1,1,"prop:label","pages/county-detail.tsx"
"Deed recordation lag",1,1,"prop:label","pages/county-detail.tsx"
"Prelim plat",1,1,"jsx-text","pages/county-timelines.tsx"
"Perc",1,1,"jsx-text","pages/county-timelines.tsx"
"Final plat",1,1,"jsx-text","pages/county-timelines.tsx"
"Revisions",1,1,"jsx-text","pages/county-timelines.tsx"
"No timelines match the filter.",1,1,"jsx-text","pages/county-timelines.tsx"
"Filter by state or county…",1,1,"prop:placeholder","pages/county-timelines.tsx"
"County timelines",1,1,"prop:label","pages/county-timelines.tsx"
"This page wandered off.",1,1,"prop:title","pages/coverage-page.tsx"
"AcreOS hit a snag on our end.",1,1,"prop:title","pages/coverage-page.tsx"
"You don",1,1,"prop:title","pages/coverage-page.tsx"
"AcreOS is doing a quick tune-up.",1,1,"prop:title","pages/coverage-page.tsx"
"Inventory status",1,1,"jsx-text","pages/dashboard.tsx"
"Lead pipeline",1,1,"jsx-text","pages/dashboard.tsx"
"Add leads to see your deal funnel.",1,1,"jsx-text","pages/dashboard.tsx"
"Overview of your land-investing performance.",1,1,"jsx-text","pages/dashboard.tsx"
"Go to leads",1,1,"jsx-text","pages/dashboard.tsx"
"Go to campaigns",1,1,"jsx-text","pages/dashboard.tsx"
"Monthly cashflow",1,1,"prop:title","pages/dashboard.tsx"
"Pipeline value",1,1,"prop:title","pages/dashboard.tsx"
"Failed to load dashboard",1,1,"prop:title","pages/dashboard.tsx"
"Full account archive",1,1,"jsx-text","pages/data-export.tsx"
"Preparing…",1,1,"jsx-text","pages/data-export.tsx"
"Download archive",1,1,"jsx-text","pages/data-export.tsx"
"Exporting",1,1,"jsx-text","pages/data-export.tsx"
"50,000-row CSV cap",1,1,"jsx-text","pages/data-import.tsx"
"Recent imports",1,1,"jsx-text","pages/data-import.tsx"
"Loading jobs…",1,1,"jsx-text","pages/data-import.tsx"
"Data moat dashboard",1,1,"jsx-text","pages/data-moat-dashboard.tsx"
"ML model performance, data coverage, and API partner management.",1,1,"jsx-text","pages/data-moat-dashboard.tsx"
"Model MAPE",1,1,"jsx-text","pages/data-moat-dashboard.tsx"
"Active API partners",1,1,"jsx-text","pages/data-moat-dashboard.tsx"
"Prediction volume",1,1,"jsx-text","pages/data-moat-dashboard.tsx"
"Data coverage",1,1,"jsx-text","pages/data-moat-dashboard.tsx"
"API partners",1,1,"jsx-text","pages/data-moat-dashboard.tsx"
"Daily prediction requests (last 30 days)",1,1,"jsx-text","pages/data-moat-dashboard.tsx"
"Model accuracy improvement over time",1,1,"jsx-text","pages/data-moat-dashboard.tsx"
"Data coverage by state",1,1,"jsx-text","pages/data-moat-dashboard.tsx"
"Transactions",1,1,"jsx-text","pages/data-moat-dashboard.tsx"
"Coverage %",1,1,"jsx-text","pages/data-moat-dashboard.tsx"
"Latest data",1,1,"jsx-text","pages/data-moat-dashboard.tsx"
"Model quality",1,1,"jsx-text","pages/data-moat-dashboard.tsx"
"Issue API key",1,1,"jsx-text","pages/data-moat-dashboard.tsx"
"Partner name or description",1,1,"jsx-text","pages/data-moat-dashboard.tsx"
"Calls (30d)",1,1,"jsx-text","pages/data-moat-dashboard.tsx"
"e.g. Acme Realty integration",1,1,"prop:placeholder","pages/data-moat-dashboard.tsx"
"Delete deal?",1,1,"prop:title","pages/deal-detail.tsx"
"The URL is missing a valid deal ID.",1,1,"prop:description","pages/deal-detail.tsx"
"This deal doesn",1,1,"prop:description","pages/deal-detail.tsx"
"Today's Opportunities",1,1,"jsx-text","pages/deal-feed.tsx"
"Deal feed",1,1,"prop:label","pages/deal-feed.tsx"
"= 60) return",1,1,"jsx-text","pages/deal-hunter.tsx"
"= 40) return",1,1,"jsx-text","pages/deal-hunter.tsx"
"Max price ($)",1,1,"jsx-text","pages/deal-hunter.tsx"
"· Score ≥",1,1,"jsx-text","pages/deal-hunter.tsx"
"Last scraped",1,1,"jsx-text","pages/deal-hunter.tsx"
"Failures",1,1,"jsx-text","pages/deal-hunter.tsx"
"Disabled",1,1,"jsx-text","pages/deal-hunter.tsx"
"Failing",1,1,"jsx-text","pages/deal-hunter.tsx"
"Add source",1,1,"jsx-text","pages/deal-hunter.tsx"
"Register new deal source",1,1,"jsx-text","pages/deal-hunter.tsx"
"Source name",1,1,"jsx-text","pages/deal-hunter.tsx"
"Priority (1-100)",1,1,"jsx-text","pages/deal-hunter.tsx"
"No sources configured yet.",1,1,"jsx-text","pages/deal-hunter.tsx"
"Add a county tax auction, foreclosure site, or MLS feed to start hunting deals.",1,1,"jsx-text","pages/deal-hunter.tsx"
"Filter deals",1,1,"jsx-text","pages/deal-hunter.tsx"
"Reviewed",1,1,"jsx-text","pages/deal-hunter.tsx"
"Added to CRM",1,1,"jsx-text","pages/deal-hunter.tsx"
"Source type",1,1,"jsx-text","pages/deal-hunter.tsx"
"No deals match your filters.",1,1,"jsx-text","pages/deal-hunter.tsx"
"Try scraping your sources or adjusting filters.",1,1,"jsx-text","pages/deal-hunter.tsx"
"Select for bulk convert",1,1,"jsx-text","pages/deal-hunter.tsx"
"Taxes owed",1,1,"jsx-text","pages/deal-hunter.tsx"
"Converted to lead #",1,1,"jsx-text","pages/deal-hunter.tsx"
"Converted to property #",1,1,"jsx-text","pages/deal-hunter.tsx"
"No sources configured. Add sources first.",1,1,"jsx-text","pages/deal-hunter.tsx"
"Total scraped",1,1,"jsx-text","pages/deal-hunter.tsx"
"New deals",1,1,"jsx-text","pages/deal-hunter.tsx"
"High quality (70+)",1,1,"jsx-text","pages/deal-hunter.tsx"
"Sources",1,1,"jsx-text","pages/deal-hunter.tsx"
"Auto-bid rules",1,1,"jsx-text","pages/deal-hunter.tsx"
"Source health",1,1,"jsx-text","pages/deal-hunter.tsx"
"Delete deal-hunter rule?",1,1,"prop:title","pages/deal-hunter.tsx"
"Travis, Hays, Bastrop",1,1,"prop:placeholder","pages/deal-hunter.tsx"
"e.g. Travis County tax auctions",1,1,"prop:placeholder","pages/deal-hunter.tsx"
"https://county.gov/tax-auctions",1,1,"prop:placeholder","pages/deal-hunter.tsx"
"This permanently removes the rule. Already-flagged deals are kept; new deals matching the criteria will no longer be auto-flagged.",1,1,"prop:description","pages/deal-hunter.tsx"
"Each deal becomes a new lead in your CRM. The deals stay on this page marked as added to CRM. You can",1,1,"prop:description","pages/deal-hunter.tsx"
"Avg ROI",1,1,"jsx-text","pages/deal-patterns.tsx"
"Matches found",1,1,"jsx-text","pages/deal-patterns.tsx"
"Top performing patterns",1,1,"jsx-text","pages/deal-patterns.tsx"
"Pattern #",1,1,"jsx-text","pages/deal-patterns.tsx"
"Outcome distribution",1,1,"jsx-text","pages/deal-patterns.tsx"
"Success (",1,1,"jsx-text","pages/deal-patterns.tsx"
"Partial (",1,1,"jsx-text","pages/deal-patterns.tsx"
"Most cloned",1,1,"jsx-text","pages/deal-patterns.tsx"
"Extract pattern from deal",1,1,"jsx-text","pages/deal-patterns.tsx"
"Analyze a closed deal to extract reusable patterns.",1,1,"jsx-text","pages/deal-patterns.tsx"
"Extracting…",1,1,"jsx-text","pages/deal-patterns.tsx"
"Find similar patterns",1,1,"jsx-text","pages/deal-patterns.tsx"
"Find patterns matching a property you're evaluating.",1,1,"jsx-text","pages/deal-patterns.tsx"
"Similar patterns for Property #",1,1,"jsx-text","pages/deal-patterns.tsx"
"No similar patterns found.",1,1,"jsx-text","pages/deal-patterns.tsx"
"Deal patterns",1,1,"prop:label","pages/deal-patterns.tsx"
"Loading deal-room…",1,1,"jsx-text","pages/deal-room-share.tsx"
"Shared docs",1,1,"jsx-text","pages/deal-room-share.tsx"
"Why AcreOS?",1,1,"jsx-text","pages/deal-room-share.tsx"
"Deal underwriting workbench",1,1,"jsx-text","pages/deal-underwriting.tsx"
"Model acquisition scenarios before committing capital.",1,1,"jsx-text","pages/deal-underwriting.tsx"
"Deal parameters",1,1,"jsx-text","pages/deal-underwriting.tsx"
"Rural / agricultural",1,1,"jsx-text","pages/deal-underwriting.tsx"
"Enter deal parameters and click",1,1,"jsx-text","pages/deal-underwriting.tsx"
"Run scenarios",1,1,"jsx-text","pages/deal-underwriting.tsx"
"to see base, bull, and bear case analysis.",1,1,"jsx-text","pages/deal-underwriting.tsx"
"Exit strategy comparison",1,1,"jsx-text","pages/deal-underwriting.tsx"
"Cost breakdown",1,1,"jsx-text","pages/deal-underwriting.tsx"
"Acquisition costs",1,1,"jsx-text","pages/deal-underwriting.tsx"
"Holding costs",1,1,"jsx-text","pages/deal-underwriting.tsx"
"Projected exit value",1,1,"jsx-text","pages/deal-underwriting.tsx"
"Start tracking a new acquisition or disposition.",1,1,"jsx-text","pages/deals.tsx"
"Acquisitions",1,1,"jsx-text","pages/deals.tsx"
"Dispositions",1,1,"jsx-text","pages/deals.tsx"
"All deals on track",1,1,"jsx-text","pages/deals.tsx"
"Acquisition (buying)",1,1,"jsx-text","pages/deals.tsx"
"Disposition (selling)",1,1,"jsx-text","pages/deals.tsx"
"Target closing",1,1,"jsx-text","pages/deals.tsx"
"Failed to load deals",1,1,"prop:title","pages/deals.tsx"
"Delete Deal",1,1,"prop:title","pages/deals.tsx"
"Delete Selected Deals",1,1,"prop:title","pages/deals.tsx"
"Update Deal Stages",1,1,"prop:title","pages/deals.tsx"
"Change stage",1,1,"prop:placeholder","pages/deals.tsx"
"ABC Title Co",1,1,"prop:placeholder","pages/deals.tsx"
"Items requiring your attention.",1,1,"jsx-text","pages/decision-queue.tsx"
"Pipeline is clear.",1,1,"jsx-text","pages/decision-queue.tsx"
"No decisions needed today. All leads are current and deals are moving.",1,1,"jsx-text","pages/decision-queue.tsx"
"Question for Pax",1,1,"jsx-text","pages/decision-queue.tsx"
"Waiting on counter",1,1,"prop:title","pages/decision-queue.tsx"
"Stuck in stage",1,1,"prop:title","pages/decision-queue.tsx"
"Ask Pax about this decision…",1,1,"prop:placeholder","pages/decision-queue.tsx"
"No contact in 14+ days — these sellers may go cold",1,1,"prop:description","pages/decision-queue.tsx"
"Offers sent 7+ days ago with no response",1,1,"prop:description","pages/decision-queue.tsx"
"No stage change in 14+ days",1,1,"prop:description","pages/decision-queue.tsx"
"Calculate schedule",1,1,"jsx-text","pages/depreciation-calculator.tsx"
"Enter asset cost and depreciation method.",1,1,"jsx-text","pages/depreciation-calculator.tsx"
"MACRS 5-year — equipment, vehicles",1,1,"jsx-text","pages/depreciation-calculator.tsx"
"MACRS 7-year — office furniture, fixtures",1,1,"jsx-text","pages/depreciation-calculator.tsx"
"MACRS 15-year — land improvements (fences, paving)",1,1,"jsx-text","pages/depreciation-calculator.tsx"
"Straight-line — equal deduction each year",1,1,"jsx-text","pages/depreciation-calculator.tsx"
"Useful life (years)",1,1,"jsx-text","pages/depreciation-calculator.tsx"
"Deduction",1,1,"jsx-text","pages/depreciation-calculator.tsx"
"Accumulated",1,1,"jsx-text","pages/depreciation-calculator.tsx"
"Book value",1,1,"jsx-text","pages/depreciation-calculator.tsx"
"Total spend",1,1,"jsx-text","pages/direct-mail-campaigns.tsx"
"Create campaign",1,1,"jsx-text","pages/direct-mail-campaigns.tsx"
"Mail type",1,1,"jsx-text","pages/direct-mail-campaigns.tsx"
"Postcard — fastest, lowest cost per piece",1,1,"jsx-text","pages/direct-mail-campaigns.tsx"
"Letter — higher open rate, more cost",1,1,"jsx-text","pages/direct-mail-campaigns.tsx"
"Yellow letter — handwritten-style, highest response rate",1,1,"jsx-text","pages/direct-mail-campaigns.tsx"
"Target segment",1,1,"jsx-text","pages/direct-mail-campaigns.tsx"
"Long-term owners (10+ years)",1,1,"jsx-text","pages/direct-mail-campaigns.tsx"
"Absentee owners",1,1,"jsx-text","pages/direct-mail-campaigns.tsx"
"Tax-delinquent",1,1,"jsx-text","pages/direct-mail-campaigns.tsx"
"Message template",1,1,"jsx-text","pages/direct-mail-campaigns.tsx"
"No direct mail campaigns yet.",1,1,"jsx-text","pages/direct-mail-campaigns.tsx"
"Q1 Texas outreach",1,1,"prop:placeholder","pages/direct-mail-campaigns.tsx"
"Hi [OWNER_NAME], I",1,1,"prop:placeholder","pages/direct-mail-campaigns.tsx"
"Upload &amp; analyze",1,1,"jsx-text","pages/document-intelligence.tsx"
"Semantic search",1,1,"jsx-text","pages/document-intelligence.tsx"
"Add document",1,1,"jsx-text","pages/document-intelligence.tsx"
"Document name",1,1,"jsx-text","pages/document-intelligence.tsx"
"File URL",1,1,"jsx-text","pages/document-intelligence.tsx"
"Purchase agreement",1,1,"jsx-text","pages/document-intelligence.tsx"
"Title commitment",1,1,"jsx-text","pages/document-intelligence.tsx"
"Survey",1,1,"jsx-text","pages/document-intelligence.tsx"
"Promissory note",1,1,"jsx-text","pages/document-intelligence.tsx"
"Analyze document #",1,1,"jsx-text","pages/document-intelligence.tsx"
"No key terms extracted yet. Run the analysis first.",1,1,"jsx-text","pages/document-intelligence.tsx"
"Searching documents…",1,1,"jsx-text","pages/document-intelligence.tsx"
"No documents matched your search.",1,1,"jsx-text","pages/document-intelligence.tsx"
"Purchase agreement — Smith property",1,1,"prop:placeholder","pages/document-intelligence.tsx"
"https://…/document.pdf",1,1,"prop:placeholder","pages/document-intelligence.tsx"
"Search documents… e.g.",1,1,"prop:placeholder","pages/document-intelligence.tsx"
"No documents with version history.",1,1,"jsx-text","pages/document-versions.tsx"
"Select a document to view its history.",1,1,"jsx-text","pages/document-versions.tsx"
"No version history available.",1,1,"jsx-text","pages/document-versions.tsx"
"This makes the selected version the current document. The version that was current is preserved in history — you can restore it back at any time.",1,1,"prop:description","pages/document-versions.tsx"
"Build reusable templates, generate deal-ready documents, and bundle them into packages.",1,1,"jsx-text","pages/documents.tsx"
"Create template",1,1,"jsx-text","pages/documents.tsx"
"Edit template",1,1,"jsx-text","pages/documents.tsx"
"Generate document",1,1,"jsx-text","pages/documents.tsx"
"Document name (optional)",1,1,"jsx-text","pages/documents.tsx"
"Fill in variables",1,1,"jsx-text","pages/documents.tsx"
"Variables in this template",1,1,"jsx-text","pages/documents.tsx"
"Loading version history",1,1,"jsx-text","pages/documents.tsx"
"No version history available",1,1,"jsx-text","pages/documents.tsx"
"Latest",1,1,"jsx-text","pages/documents.tsx"
"Create document package",1,1,"jsx-text","pages/documents.tsx"
"No deal",1,1,"jsx-text","pages/documents.tsx"
"No property",1,1,"jsx-text","pages/documents.tsx"
"Select templates to include",1,1,"jsx-text","pages/documents.tsx"
"System",1,1,"jsx-text","pages/documents.tsx"
"No documents in this package",1,1,"jsx-text","pages/documents.tsx"
"Add templates when creating the package.",1,1,"jsx-text","pages/documents.tsx"
"No documents generated",1,1,"prop:title","pages/documents.tsx"
"Delete this template?",1,1,"prop:title","pages/documents.tsx"
"Delete this package?",1,1,"prop:title","pages/documents.tsx"
"Leave blank to auto-generate",1,1,"prop:placeholder","pages/documents.tsx"
"e.g., Closing packet, Offer packet",1,1,"prop:placeholder","pages/documents.tsx"
"Describe this package…",1,1,"prop:placeholder","pages/documents.tsx"
"Create your first document template to get started.",1,1,"prop:description","pages/documents.tsx"
"Generate your first document from a template.",1,1,"prop:description","pages/documents.tsx"
"Bundle multiple documents together — like a closing packet — to save time on every deal.",1,1,"prop:description","pages/documents.tsx"
"The current content will be replaced with this older version. Your current version will be preserved in history so you can restore it again later.",1,1,"prop:description","pages/documents.tsx"
"Deals financed (last 12 mo)",1,1,"jsx-text","pages/dodd-frank-checker.tsx"
"Natural person — an individual, not an entity",1,1,"jsx-text","pages/dodd-frank-checker.tsx"
"Entity — LLC, corporation, or partnership",1,1,"jsx-text","pages/dodd-frank-checker.tsx"
"Estate or trust",1,1,"jsx-text","pages/dodd-frank-checker.tsx"
"Fixed — rate stays the same for the life of the loan",1,1,"jsx-text","pages/dodd-frank-checker.tsx"
"Adjustable — rate can change at scheduled intervals",1,1,"jsx-text","pages/dodd-frank-checker.tsx"
"Balloon ≥5 years — final lump-sum payment after 5+ years",1,1,"jsx-text","pages/dodd-frank-checker.tsx"
"Balloon &lt;5 years — final lump sum within 5 years",1,1,"jsx-text","pages/dodd-frank-checker.tsx"
"Annual interest rate (decimal, e.g. 0.08 = 8%)",1,1,"jsx-text","pages/dodd-frank-checker.tsx"
"Compliance status",1,1,"jsx-text","pages/dodd-frank-checker.tsx"
"Licensed MLO required.",1,1,"jsx-text","pages/dodd-frank-checker.tsx"
"Findings",1,1,"jsx-text","pages/dodd-frank-checker.tsx"
"No findings.",1,1,"jsx-text","pages/dodd-frank-checker.tsx"
"Seller (A)",1,1,"jsx-text","pages/double-close.tsx"
"A-B price",1,1,"jsx-text","pages/double-close.tsx"
"Buyer (C)",1,1,"jsx-text","pages/double-close.tsx"
"B-C price",1,1,"jsx-text","pages/double-close.tsx"
"Funder fee",1,1,"jsx-text","pages/double-close.tsx"
"Transactional funder + net",1,1,"jsx-text","pages/double-close.tsx"
"New double-close",1,1,"jsx-text","pages/double-close.tsx"
"A seller name *",1,1,"jsx-text","pages/double-close.tsx"
"A→B price $ *",1,1,"jsx-text","pages/double-close.tsx"
"B-C buyer name",1,1,"jsx-text","pages/double-close.tsx"
"B-C price $",1,1,"jsx-text","pages/double-close.tsx"
"Funder name",1,1,"jsx-text","pages/double-close.tsx"
"Funder fee $",1,1,"jsx-text","pages/double-close.tsx"
"No double-close deals",1,1,"prop:title","pages/double-close.tsx"
"A-side (seller → wholesaler)",1,1,"prop:title","pages/double-close.tsx"
"B-C side (wholesaler → buyer)",1,1,"prop:title","pages/double-close.tsx"
"Double-close",1,1,"prop:label","pages/double-close.tsx"
"Funder",1,1,"prop:label","pages/double-close.tsx"
"Fee",1,1,"prop:label","pages/double-close.tsx"
"Net to wholesaler",1,1,"prop:label","pages/double-close.tsx"
"When you can",1,1,"prop:description","pages/double-close.tsx"
"Total enrolled",1,1,"jsx-text","pages/drip-sequences.tsx"
"Avg completion",1,1,"jsx-text","pages/drip-sequences.tsx"
"Search sequences",1,1,"jsx-text","pages/drip-sequences.tsx"
"Completion rate",1,1,"jsx-text","pages/drip-sequences.tsx"
"Search sequences…",1,1,"prop:placeholder","pages/drip-sequences.tsx"
"Retrying",1,1,"jsx-text","pages/dunning-manager.tsx"
"Total due",1,1,"jsx-text","pages/dunning-manager.tsx"
"Active cases",1,1,"jsx-text","pages/dunning-manager.tsx"
"Subscriptions with payment failures requiring action.",1,1,"jsx-text","pages/dunning-manager.tsx"
"No active dunning cases.",1,1,"jsx-text","pages/dunning-manager.tsx"
"Attempt",1,1,"jsx-text","pages/dunning-manager.tsx"
"Active (pending/held/non-ref)",1,1,"jsx-text","pages/earnest-money.tsx"
"Title co.",1,1,"jsx-text","pages/earnest-money.tsx"
"Deposited",1,1,"jsx-text","pages/earnest-money.tsx"
"Refundable until",1,1,"jsx-text","pages/earnest-money.tsx"
"Record earnest-money deposit",1,1,"jsx-text","pages/earnest-money.tsx"
"Amount $ *",1,1,"jsx-text","pages/earnest-money.tsx"
"Deal ID (optional)",1,1,"jsx-text","pages/earnest-money.tsx"
"Reference (wire/check)",1,1,"jsx-text","pages/earnest-money.tsx"
"Inspection period (days)",1,1,"jsx-text","pages/earnest-money.tsx"
"Deposited *",1,1,"jsx-text","pages/earnest-money.tsx"
"No EMD holds",1,1,"prop:title","pages/earnest-money.tsx"
"Old Republic — Phoenix",1,1,"prop:placeholder","pages/earnest-money.tsx"
"Record an earnest-money deposit when you wire to title. The inspection-period timer flips status to non-refundable on day N+1.",1,1,"prop:description","pages/earnest-money.tsx"
"Acked (",1,1,"jsx-text","pages/event-log.tsx"
"Retries:",1,1,"jsx-text","pages/event-log.tsx"
"Expires:",1,1,"jsx-text","pages/event-log.tsx"
"Events/min",1,1,"jsx-text","pages/event-log.tsx"
"Filter by channel or event type",1,1,"jsx-text","pages/event-log.tsx"
"All events",1,1,"jsx-text","pages/event-log.tsx"
"Pending ack",1,1,"jsx-text","pages/event-log.tsx"
"Filter by channel or event type…",1,1,"prop:placeholder","pages/event-log.tsx"
"Boot / mortgage relief estimate",1,1,"jsx-text","pages/exchange-1031.tsx"
"Relinquished sale price",1,1,"jsx-text","pages/exchange-1031.tsx"
"Replacement price",1,1,"jsx-text","pages/exchange-1031.tsx"
"Boot amount",1,1,"jsx-text","pages/exchange-1031.tsx"
"Est. tax on boot (20%)",1,1,"jsx-text","pages/exchange-1031.tsx"
"Start 1031 exchange",1,1,"jsx-text","pages/exchange-1031.tsx"
"Enter the relinquished property details to begin tracking.",1,1,"jsx-text","pages/exchange-1031.tsx"
"Relinquished property address",1,1,"jsx-text","pages/exchange-1031.tsx"
"Sale price ($)",1,1,"jsx-text","pages/exchange-1031.tsx"
"No 1031 exchanges tracked yet.",1,1,"jsx-text","pages/exchange-1031.tsx"
"Sale closed",1,1,"jsx-text","pages/exchange-1031.tsx"
"45-day ID",1,1,"jsx-text","pages/exchange-1031.tsx"
"180-day close",1,1,"jsx-text","pages/exchange-1031.tsx"
"Identification (45-day)",1,1,"jsx-text","pages/exchange-1031.tsx"
"Exchange (180-day)",1,1,"jsx-text","pages/exchange-1031.tsx"
"Replacement property candidates",1,1,"jsx-text","pages/exchange-1031.tsx"
"123 Sold Land Dr, Austin TX",1,1,"prop:placeholder","pages/exchange-1031.tsx"
"1031 exchange",1,1,"prop:label","pages/exchange-1031.tsx"
"Loading executive dashboard…",1,1,"jsx-text","pages/executive-dashboard.tsx"
"Churn rate",1,1,"jsx-text","pages/executive-dashboard.tsx"
"Tier breakdown",1,1,"jsx-text","pages/executive-dashboard.tsx"
"Active organizations",1,1,"jsx-text","pages/executive-dashboard.tsx"
"New (last 30 days)",1,1,"jsx-text","pages/executive-dashboard.tsx"
"Growth rate",1,1,"jsx-text","pages/executive-dashboard.tsx"
"Total deals",1,1,"jsx-text","pages/executive-dashboard.tsx"
"NPS score",1,1,"jsx-text","pages/executive-dashboard.tsx"
"Promoters",1,1,"jsx-text","pages/executive-dashboard.tsx"
"Passives",1,1,"jsx-text","pages/executive-dashboard.tsx"
"Detractors",1,1,"jsx-text","pages/executive-dashboard.tsx"
"No metrics available",1,1,"prop:title","pages/executive-dashboard.tsx"
"Metrics will appear once the platform has active organizations.",1,1,"prop:description","pages/executive-dashboard.tsx"
"Attestation recorded",1,1,"jsx-text","pages/fcra-substantive-form.tsx"
"FCRA attestation — annual",1,1,"jsx-text","pages/fcra-substantive-form.tsx"
"Step 1 of 3: Permissible purpose",1,1,"jsx-text","pages/fcra-substantive-form.tsx"
"Specific use-case (your own words, ≥50 chars)",1,1,"jsx-text","pages/fcra-substantive-form.tsx"
"Step 2 of 3: What you'll use, who you are",1,1,"jsx-text","pages/fcra-substantive-form.tsx"
"Data categories used (select all that apply)",1,1,"jsx-text","pages/fcra-substantive-form.tsx"
"Your role within the organization",1,1,"jsx-text","pages/fcra-substantive-form.tsx"
"Step 3 of 3: Acknowledgements",1,1,"jsx-text","pages/fcra-substantive-form.tsx"
"Adverse-action duty",1,1,"jsx-text","pages/fcra-substantive-form.tsx"
"Data-retention policy",1,1,"jsx-text","pages/fcra-substantive-form.tsx"
"e.g., Screening prospective tenants for our 24-unit BH portfolio in Travis County. We will use the data only for the lease decision and retain it per our 90-day retention policy.",1,1,"prop:placeholder","pages/fcra-substantive-form.tsx"
"Average rate:",1,1,"jsx-text","pages/fee-dashboard.tsx"
"Transactions:",1,1,"jsx-text","pages/fee-dashboard.tsx"
"Held in escrow",1,1,"jsx-text","pages/fee-dashboard.tsx"
"Released",1,1,"jsx-text","pages/fee-dashboard.tsx"
"Loading settlements…",1,1,"jsx-text","pages/fee-dashboard.tsx"
"No settlements found.",1,1,"jsx-text","pages/fee-dashboard.tsx"
"Transaction",1,1,"jsx-text","pages/fee-dashboard.tsx"
"Fee rate",1,1,"jsx-text","pages/fee-dashboard.tsx"
"Loading ledger…",1,1,"jsx-text","pages/fee-dashboard.tsx"
"No ledger entries yet.",1,1,"jsx-text","pages/fee-dashboard.tsx"
"Trigger manual payout",1,1,"jsx-text","pages/fee-dashboard.tsx"
"Note (optional)",1,1,"jsx-text","pages/fee-dashboard.tsx"
"Frequency",1,1,"jsx-text","pages/fee-dashboard.tsx"
"Daily — payouts every business day",1,1,"jsx-text","pages/fee-dashboard.tsx"
"Weekly — payouts every Monday",1,1,"jsx-text","pages/fee-dashboard.tsx"
"Monthly — payouts on the 1st",1,1,"jsx-text","pages/fee-dashboard.tsx"
"Min amount ($)",1,1,"jsx-text","pages/fee-dashboard.tsx"
"Enabled — auto-pay out when balance hits min",1,1,"jsx-text","pages/fee-dashboard.tsx"
"Disabled — escrow held until manual release",1,1,"jsx-text","pages/fee-dashboard.tsx"
"Loading payouts…",1,1,"jsx-text","pages/fee-dashboard.tsx"
"No payouts yet.",1,1,"jsx-text","pages/fee-dashboard.tsx"
"Ledger",1,1,"jsx-text","pages/fee-dashboard.tsx"
"Release settlement from escrow?",1,1,"prop:title","pages/fee-dashboard.tsx"
"Monthly payout",1,1,"prop:placeholder","pages/fee-dashboard.tsx"
"Field Scout",1,1,"jsx-text","pages/field-scout.tsx"
"· Voice memo supported",1,1,"jsx-text","pages/field-scout.tsx"
"Property Inspection",1,1,"jsx-text","pages/field-scout.tsx"
"Territory Map",1,1,"jsx-text","pages/field-scout.tsx"
"Shows leads, visited properties, and GPS track",1,1,"jsx-text","pages/field-scout.tsx"
"Lead Density",1,1,"jsx-text","pages/field-scout.tsx"
"Past Scout Visits",1,1,"jsx-text","pages/field-scout.tsx"
"No visits recorded yet",1,1,"jsx-text","pages/field-scout.tsx"
"Parcel number",1,1,"prop:placeholder","pages/field-scout.tsx"
"Field notes, observations, access notes…",1,1,"prop:placeholder","pages/field-scout.tsx"
"Create Promissory Note",1,1,"jsx-text","pages/finance.tsx"
"Active Notes",1,1,"jsx-text","pages/finance.tsx"
"Monthly income",1,1,"jsx-text","pages/finance.tsx"
"Total originated",1,1,"jsx-text","pages/finance.tsx"
"Loan Portfolio",1,1,"jsx-text","pages/finance.tsx"
"Tap a note to view details, payment history, and amortization schedule",1,1,"jsx-text","pages/finance.tsx"
"Next Due",1,1,"jsx-text","pages/finance.tsx"
"Total paid:",1,1,"jsx-text","pages/finance.tsx"
"Remaining:",1,1,"jsx-text","pages/finance.tsx"
"Checking Stripe connection…",1,1,"jsx-text","pages/finance.tsx"
"Payment link",1,1,"jsx-text","pages/finance.tsx"
"Total interest",1,1,"jsx-text","pages/finance.tsx"
"Payoff date",1,1,"jsx-text","pages/finance.tsx"
"Loading dunning data…",1,1,"jsx-text","pages/finance.tsx"
"Delinquency status",1,1,"jsx-text","pages/finance.tsx"
"Dunning stage",1,1,"jsx-text","pages/finance.tsx"
"Past due amount",1,1,"jsx-text","pages/finance.tsx"
"Missed payments",1,1,"jsx-text","pages/finance.tsx"
"No dunning history yet.",1,1,"jsx-text","pages/finance.tsx"
"Click to load dunning information.",1,1,"jsx-text","pages/finance.tsx"
"Property details",1,1,"jsx-text","pages/finance.tsx"
"Location:",1,1,"jsx-text","pages/finance.tsx"
"Size:",1,1,"jsx-text","pages/finance.tsx"
"No property linked.",1,1,"jsx-text","pages/finance.tsx"
"Borrower details",1,1,"jsx-text","pages/finance.tsx"
"Name:",1,1,"jsx-text","pages/finance.tsx"
"Email:",1,1,"jsx-text","pages/finance.tsx"
"Phone:",1,1,"jsx-text","pages/finance.tsx"
"No borrower linked.",1,1,"jsx-text","pages/finance.tsx"
"Accept payment",1,1,"jsx-text","pages/finance.tsx"
"Payment type",1,1,"jsx-text","pages/finance.tsx"
"Extra payment",1,1,"jsx-text","pages/finance.tsx"
"Payment intent created",1,1,"jsx-text","pages/finance.tsx"
"Client secret",1,1,"jsx-text","pages/finance.tsx"
"Payment method",1,1,"jsx-text","pages/finance.tsx"
"ACH transfer",1,1,"jsx-text","pages/finance.tsx"
"Credit card",1,1,"jsx-text","pages/finance.tsx"
"No buyers available",1,1,"jsx-text","pages/finance.tsx"
"No properties available",1,1,"jsx-text","pages/finance.tsx"
"Calculated monthly payment",1,1,"jsx-text","pages/finance.tsx"
"Preview the borrower-facing portal where buyers view balances and make payments",1,1,"prop:title","pages/finance.tsx"
"Failed to load notes",1,1,"prop:title","pages/finance.tsx"
"Delete Note",1,1,"prop:title","pages/finance.tsx"
"Coming soon — use Generate payment link above",1,1,"prop:title","pages/finance.tsx"
"Coming soon — call logging will appear here",1,1,"prop:title","pages/finance.tsx"
"Create a note to track financing. Manage seller financing, track payments, and generate amortization schedules.",1,1,"prop:description","pages/finance.tsx"
"Loading forecast data…",1,1,"jsx-text","pages/forecasting.tsx"
"No active notes or properties found. Add notes to see forecasts.",1,1,"jsx-text","pages/forecasting.tsx"
"Monthly cash flow — next 12 months",1,1,"jsx-text","pages/forecasting.tsx"
"Portfolio risk",1,1,"jsx-text","pages/forecasting.tsx"
"Avg risk score",1,1,"jsx-text","pages/forecasting.tsx"
"(0 = low, 100 = high)",1,1,"jsx-text","pages/forecasting.tsx"
"Low risk notes",1,1,"jsx-text","pages/forecasting.tsx"
"High risk notes",1,1,"jsx-text","pages/forecasting.tsx"
"Forecasting",1,1,"prop:label","pages/forecasting.tsx"
"Forgot your password?",1,1,"jsx-text","pages/forgot-password.tsx"
"Return to sign in",1,1,"jsx-text","pages/forgot-password.tsx"
"Failed to load funnel.",1,1,"jsx-text","pages/founder/activation.tsx"
"No activation events yet.",1,1,"jsx-text","pages/founder/activation.tsx"
"org_created — getOrCreateOrg middleware + storage.createOrganization",1,1,"jsx-text","pages/founder/activation.tsx"
"first_lead_added — POST /api/leads",1,1,"jsx-text","pages/founder/activation.tsx"
"first_property_added — POST /api/properties",1,1,"jsx-text","pages/founder/activation.tsx"
"first_letter_sent — campaigns send (per-piece)",1,1,"jsx-text","pages/founder/activation.tsx"
"first_offer_made — POST /api/deals",1,1,"jsx-text","pages/founder/activation.tsx"
"first_deal_closed — PATCH /api/deals (status &rarr; closed)",1,1,"jsx-text","pages/founder/activation.tsx"
"first_payment_processed — Stripe checkout.session.completed webhook",1,1,"jsx-text","pages/founder/activation.tsx"
"first_borrower_payment_received — POST /api/borrower/verify-payment",1,1,"jsx-text","pages/founder/activation.tsx"
"first_1099_generated — GET /api/bookkeeping/1099 (when forms returned)",1,1,"jsx-text","pages/founder/activation.tsx"
"first_team_member_invited — POST /api/organization/invitations",1,1,"jsx-text","pages/founder/activation.tsx"
"onboarding_step_X_completed — PATCH /api/onboarding/progress",1,1,"jsx-text","pages/founder/activation.tsx"
"Codebase monitor",1,1,"jsx-text","pages/founder/agent-queue.tsx"
"Multi-week planner",1,1,"jsx-text","pages/founder/agent-queue.tsx"
"Telemetry drift",1,1,"jsx-text","pages/founder/agent-queue.tsx"
"No agent notifications.",1,1,"jsx-text","pages/founder/agent-queue.tsx"
"UTC day. Sparkline = trailing 7 days.",1,1,"jsx-text","pages/founder/ai-costs.tsx"
"No AI spend today.",1,1,"jsx-text","pages/founder/ai-costs.tsx"
"% of cap",1,1,"jsx-text","pages/founder/ai-costs.tsx"
"7-day",1,1,"jsx-text","pages/founder/ai-costs.tsx"
"Pax / lead-summary / draft-reply / etc.",1,1,"jsx-text","pages/founder/ai-costs.tsx"
"Sorted by single-call USD cost.",1,1,"jsx-text","pages/founder/ai-costs.tsx"
"No AI calls in the last 24 hours.",1,1,"jsx-text","pages/founder/ai-costs.tsx"
"Out",1,1,"jsx-text","pages/founder/ai-costs.tsx"
"Distribution of spend across the model fleet.",1,1,"jsx-text","pages/founder/ai-costs.tsx"
"Input tokens",1,1,"jsx-text","pages/founder/ai-costs.tsx"
"Output tokens",1,1,"jsx-text","pages/founder/ai-costs.tsx"
"Total spend today",1,1,"prop:label","pages/founder/ai-costs.tsx"
"AI calls today",1,1,"prop:label","pages/founder/ai-costs.tsx"
"Orgs active today",1,1,"prop:label","pages/founder/ai-costs.tsx"
"Access Denied",1,1,"jsx-text","pages/founder/ai-observatory.tsx"
"AI Observatory",1,1,"jsx-text","pages/founder/ai-observatory.tsx"
"Agent Role",1,1,"jsx-text","pages/founder/ai-observatory.tsx"
"Tools Called",1,1,"jsx-text","pages/founder/ai-observatory.tsx"
"Total AI Calls Today",1,1,"prop:title","pages/founder/ai-observatory.tsx"
"Total Cost Today",1,1,"prop:title","pages/founder/ai-observatory.tsx"
"Avg Latency",1,1,"prop:title","pages/founder/ai-observatory.tsx"
"Cache Hit Rate",1,1,"prop:title","pages/founder/ai-observatory.tsx"
"Loading bridge…",1,1,"jsx-text","pages/founder/bridge.tsx"
"Bridge isn't enabled yet.",1,1,"jsx-text","pages/founder/bridge.tsx"
"View dashboard",1,1,"jsx-text","pages/founder/chat.tsx"
"Today:",1,1,"jsx-text","pages/founder/cmo.tsx"
"Broadcast this bundle?",1,1,"jsx-text","pages/founder/cmo.tsx"
"Meta (Facebook + Instagram)",1,1,"jsx-text","pages/founder/cmo.tsx"
"Uses 1:1 + 9:16 + 16:9",1,1,"jsx-text","pages/founder/cmo.tsx"
"TikTok",1,1,"jsx-text","pages/founder/cmo.tsx"
"Uses 9:16",1,1,"jsx-text","pages/founder/cmo.tsx"
"Reject this bundle",1,1,"jsx-text","pages/founder/cmo.tsx"
"Hook",1,1,"jsx-text","pages/founder/cmo.tsx"
"Nothing to review",1,1,"prop:title","pages/founder/cmo.tsx"
"Optional — what specifically should the next batch do differently?",1,1,"prop:placeholder","pages/founder/cmo.tsx"
"No ad bundles waiting for approval. New variants surface here as the CMO agent generates them.",1,1,"prop:description","pages/founder/cmo.tsx"
"Self-tuning cost optimiser",1,1,"jsx-text","pages/founder/cost-optimizer.tsx"
"No recommendations this run.",1,1,"jsx-text","pages/founder/cost-optimizer.tsx"
"Auto-applied actions",1,1,"jsx-text","pages/founder/cost-optimizer.tsx"
"AI cost (30d)",1,1,"prop:label","pages/founder/cost-optimizer.tsx"
"Failed to load DSAR queue.",1,1,"jsx-text","pages/founder/dsar.tsx"
"No pending requests.",1,1,"jsx-text","pages/founder/dsar.tsx"
"No closed requests yet.",1,1,"jsx-text","pages/founder/dsar.tsx"
"Reason for denial (min 5 chars)…",1,1,"prop:placeholder","pages/founder/dsar.tsx"
"Failed to load jobs.",1,1,"jsx-text","pages/founder/etl.tsx"
"Dead-letter queue",1,1,"jsx-text","pages/founder/etl.tsx"
"Failed to load DLQ.",1,1,"jsx-text","pages/founder/etl.tsx"
"DLQ is empty.",1,1,"jsx-text","pages/founder/etl.tsx"
"No runs yet.",1,1,"jsx-text","pages/founder/etl.tsx"
"ETL orchestrator",1,1,"prop:title","pages/founder/etl.tsx"
"Wenzeslaus pull pipeline: watermarks, DLQ replay, soft-delete propagation.",1,1,"prop:description","pages/founder/etl.tsx"
"Feature Flags",1,1,"jsx-text","pages/founder/feature-flags.tsx"
"Manage feature flags across the platform.",1,1,"jsx-text","pages/founder/feature-flags.tsx"
"No feature flags configured.",1,1,"jsx-text","pages/founder/feature-flags.tsx"
"Controls routes:",1,1,"jsx-text","pages/founder/features.tsx"
"Search by key or description…",1,1,"prop:placeholder","pages/founder/features.tsx"
"user_abc, user_def, user_ghi",1,1,"prop:placeholder","pages/founder/features.tsx"
"All sources",1,1,"jsx-text","pages/founder/feed.tsx"
"Agent events",1,1,"jsx-text","pages/founder/feed.tsx"
"Code proposals",1,1,"jsx-text","pages/founder/feed.tsx"
"No items in your feed.",1,1,"jsx-text","pages/founder/feed.tsx"
"Read",1,1,"jsx-text","pages/founder/feedback-inbox.tsx"
"Archived",1,1,"jsx-text","pages/founder/feedback-inbox.tsx"
"Question",1,1,"jsx-text","pages/founder/feedback-inbox.tsx"
"Meta ad-account credentials",1,1,"jsx-text","pages/founder/growth/campaigns.tsx"
"Ad account ID",1,1,"jsx-text","pages/founder/growth/campaigns.tsx"
"Access token",1,1,"jsx-text","pages/founder/growth/campaigns.tsx"
"Pixel ID",1,1,"jsx-text","pages/founder/growth/campaigns.tsx"
"(for conversion tracking)",1,1,"jsx-text","pages/founder/growth/campaigns.tsx"
"Facebook page / app ID",1,1,"jsx-text","pages/founder/growth/campaigns.tsx"
"Meta ad account connected",1,1,"jsx-text","pages/founder/growth/campaigns.tsx"
"Pixel active",1,1,"jsx-text","pages/founder/growth/campaigns.tsx"
"Campaign template",1,1,"jsx-text","pages/founder/growth/campaigns.tsx"
"Campaign name",1,1,"jsx-text","pages/founder/growth/campaigns.tsx"
"$10/day",1,1,"jsx-text","pages/founder/growth/campaigns.tsx"
"$500/day",1,1,"jsx-text","pages/founder/growth/campaigns.tsx"
"4 copy variants",1,1,"jsx-text","pages/founder/growth/campaigns.tsx"
"3 DALL-E 3 HD images",1,1,"jsx-text","pages/founder/growth/campaigns.tsx"
"AI is crafting your campaign",1,1,"jsx-text","pages/founder/growth/campaigns.tsx"
"Usually takes 30–60 seconds…",1,1,"jsx-text","pages/founder/growth/campaigns.tsx"
"Generated Images",1,1,"jsx-text","pages/founder/growth/campaigns.tsx"
"(click to select for preview)",1,1,"jsx-text","pages/founder/growth/campaigns.tsx"
"Copy Variants",1,1,"jsx-text","pages/founder/growth/campaigns.tsx"
"(4 angles running as A/B test)",1,1,"jsx-text","pages/founder/growth/campaigns.tsx"
"(≤40 chars)",1,1,"jsx-text","pages/founder/growth/campaigns.tsx"
"Primary text",1,1,"jsx-text","pages/founder/growth/campaigns.tsx"
"(≤125 chars)",1,1,"jsx-text","pages/founder/growth/campaigns.tsx"
"(≤30 chars)",1,1,"jsx-text","pages/founder/growth/campaigns.tsx"
"1 campaign",1,1,"jsx-text","pages/founder/growth/campaigns.tsx"
"1 ad set",1,1,"jsx-text","pages/founder/growth/campaigns.tsx"
"No campaigns yet.",1,1,"jsx-text","pages/founder/growth/campaigns.tsx"
"Click ""Generate Campaign"" to create your first one.",1,1,"jsx-text","pages/founder/growth/campaigns.tsx"
"Regenerate this variant",1,1,"prop:title","pages/founder/growth/campaigns.tsx"
"Edit copy",1,1,"prop:title","pages/founder/growth/campaigns.tsx"
"EAAxxxxxxx",1,1,"prop:placeholder","pages/founder/growth/campaigns.tsx"
"Meta page or app ID",1,1,"prop:placeholder","pages/founder/growth/campaigns.tsx"
"e.g. AcreOS – Real Estate Pros – March 2026",1,1,"prop:placeholder","pages/founder/growth/campaigns.tsx"
"Growth campaigns",1,1,"prop:label","pages/founder/growth/campaigns.tsx"
"Charge",1,1,"jsx-text","pages/founder/inspector/cost-event.tsx"
"Alternatives — what could have been cheaper?",1,1,"jsx-text","pages/founder/inspector/cost-event.tsx"
"Bucket",1,1,"prop:label","pages/founder/inspector/cost-event.tsx"
"External ID",1,1,"prop:label","pages/founder/inspector/cost-event.tsx"
"Invoice ID",1,1,"prop:label","pages/founder/inspector/cost-event.tsx"
"Campaign ID",1,1,"prop:label","pages/founder/inspector/cost-event.tsx"
"Invalid organization id.",1,1,"jsx-text","pages/founder/inspector/org.tsx"
"Synergy",1,1,"jsx-text","pages/founder/inspector/org.tsx"
"Prompts",1,1,"jsx-text","pages/founder/inspector/org.tsx"
"/founder/agents",1,1,"jsx-text","pages/founder/inspector/org.tsx"
"/founder/prompt-versions",1,1,"jsx-text","pages/founder/inspector/org.tsx"
"No spend in this window.",1,1,"jsx-text","pages/founder/inspector/org.tsx"
"No categorised spend in this window.",1,1,"jsx-text","pages/founder/inspector/org.tsx"
"Net contribution margin (last 6 months)",1,1,"jsx-text","pages/founder/inspector/org.tsx"
"No monthly data yet.",1,1,"jsx-text","pages/founder/inspector/org.tsx"
"Fingerprint",1,1,"jsx-text","pages/founder/inspector/org.tsx"
"Recent cost events",1,1,"jsx-text","pages/founder/inspector/org.tsx"
"No cost events in this window.",1,1,"jsx-text","pages/founder/inspector/org.tsx"
"Reason (logged to founder_audit)",1,1,"jsx-text","pages/founder/inspector/org.tsx"
"Set daily cap on Lob",1,1,"jsx-text","pages/founder/inspector/org.tsx"
"Daily cap (pieces/day)",1,1,"jsx-text","pages/founder/inspector/org.tsx"
"Draft a usage check-in email",1,1,"jsx-text","pages/founder/inspector/org.tsx"
"Why is this needed?",1,1,"prop:placeholder","pages/founder/inspector/org.tsx"
"Lifetime revenue",1,1,"prop:label","pages/founder/inspector/org.tsx"
"Lifetime variable cost",1,1,"prop:label","pages/founder/inspector/org.tsx"
"Lifetime contribution",1,1,"prop:label","pages/founder/inspector/org.tsx"
"LTV : CAC",1,1,"prop:label","pages/founder/inspector/org.tsx"
"No spend yet.",1,1,"jsx-text","pages/founder/inspector/provider.tsx"
"No events.",1,1,"jsx-text","pages/founder/inspector/provider.tsx"
"Cost vs alternative providers",1,1,"jsx-text","pages/founder/inspector/provider.tsx"
"/founder/studio",1,1,"jsx-text","pages/founder/inspector/provider.tsx"
"Top orgs by spend",1,1,"jsx-text","pages/founder/inspector/provider.tsx"
"No org attribution in this window.",1,1,"jsx-text","pages/founder/inspector/provider.tsx"
"Ledger sum",1,1,"jsx-text","pages/founder/inspector/provider.tsx"
"Provider invoice",1,1,"jsx-text","pages/founder/inspector/provider.tsx"
"Founder audit log",1,1,"jsx-text","pages/founder/inspector.tsx"
"Every founder-visible mutation — settings edits, decision overrides, agent toggles.",1,1,"jsx-text","pages/founder/inspector.tsx"
"Trust curve",1,1,"prop:title","pages/founder/inspector.tsx"
"Rejection signal",1,1,"prop:title","pages/founder/inspector.tsx"
"Recent decisions",1,1,"prop:title","pages/founder/inspector.tsx"
"Prompt evolution history",1,1,"prop:title","pages/founder/inspector.tsx"
"Recent LLM traces",1,1,"prop:title","pages/founder/inspector.tsx"
"Decision record",1,1,"prop:title","pages/founder/inspector.tsx"
"Agent inspector",1,1,"prop:label","pages/founder/inspector.tsx"
"Rejections",1,1,"prop:label","pages/founder/inspector.tsx"
"Decision inspector",1,1,"prop:label","pages/founder/inspector.tsx"
"Audit",1,1,"prop:label","pages/founder/inspector.tsx"
"Paste API key…",1,1,"prop:placeholder","pages/founder/keys.tsx"
"No active legal holds.",1,1,"jsx-text","pages/founder/legal-holds.tsx"
"Historical record. Released rows are append-only and never re-opened.",1,1,"jsx-text","pages/founder/legal-holds.tsx"
"No released holds yet.",1,1,"jsx-text","pages/founder/legal-holds.tsx"
"Legal Holds",1,1,"prop:title","pages/founder/legal-holds.tsx"
"Court docket / matter # / internal ticket",1,1,"prop:placeholder","pages/founder/legal-holds.tsx"
"Brief context — counsel, anticipated litigation, retention scope rationale.",1,1,"prop:placeholder","pages/founder/legal-holds.tsx"
"Counsel cleared. Litigation resolved. Document retention obligation has ended.",1,1,"prop:placeholder","pages/founder/legal-holds.tsx"
"FRCP 37(e) data-preservation orders. Active holds block automatic retention sweeps and storage-layer deletes.",1,1,"prop:description","pages/founder/legal-holds.tsx"
"Accumulating",1,1,"jsx-text","pages/founder/ml-snapshots.tsx"
"Total snapshots",1,1,"jsx-text","pages/founder/ml-snapshots.tsx"
"With outcome label",1,1,"jsx-text","pages/founder/ml-snapshots.tsx"
"Wired from:",1,1,"jsx-text","pages/founder/ml-snapshots.tsx"
"Failed to load snapshot summary.",1,1,"jsx-text","pages/founder/ml-snapshots.tsx"
"No status surfaces.",1,1,"jsx-text","pages/founder/now.tsx"
"Needs you in the next hour",1,1,"prop:title","pages/founder/now.tsx"
"Needs you this week",1,1,"prop:title","pages/founder/now.tsx"
"Projected",1,1,"jsx-text","pages/founder/observability-cost.tsx"
"Free tier",1,1,"jsx-text","pages/founder/observability-cost.tsx"
"Setting",1,1,"jsx-text","pages/founder/observability-cost.tsx"
"Env var",1,1,"jsx-text","pages/founder/observability-cost.tsx"
"Traces",1,1,"jsx-text","pages/founder/observability-cost.tsx"
"Replay (session)",1,1,"jsx-text","pages/founder/observability-cost.tsx"
"Replay (on error)",1,1,"jsx-text","pages/founder/observability-cost.tsx"
"Profiles",1,1,"jsx-text","pages/founder/observability-cost.tsx"
"Live stats",1,1,"jsx-text","pages/founder/observability-cost.tsx"
"Projection only",1,1,"jsx-text","pages/founder/observability-cost.tsx"
"Live Sentry usage (last 30 days)",1,1,"jsx-text","pages/founder/observability-cost.tsx"
"From Sentry stats API.",1,1,"jsx-text","pages/founder/observability-cost.tsx"
"Performance units",1,1,"jsx-text","pages/founder/observability-cost.tsx"
"Replays",1,1,"jsx-text","pages/founder/observability-cost.tsx"
"Projection — 100 customers",1,1,"prop:title","pages/founder/observability-cost.tsx"
"Based on current customer count and sampling rates.",1,1,"prop:description","pages/founder/observability-cost.tsx"
"Founder planning bar. Confirms we stay under free tier at 100x current.",1,1,"prop:description","pages/founder/observability-cost.tsx"
"Failed to load prompt versions",1,1,"jsx-text","pages/founder/prompt-versions.tsx"
"Version",1,1,"jsx-text","pages/founder/prompt-versions.tsx"
"Eval score",1,1,"jsx-text","pages/founder/prompt-versions.tsx"
"Hash",1,1,"jsx-text","pages/founder/prompt-versions.tsx"
"Prompt versions — A/B harness",1,1,"prop:title","pages/founder/prompt-versions.tsx"
"No prompts registered yet",1,1,"prop:title","pages/founder/prompt-versions.tsx"
"Inspect prompt versions, A/B traffic splits, and eval-score deltas. Promote a candidate when its 7-day score is ≥ 5% better than production.",1,1,"prop:description","pages/founder/prompt-versions.tsx"
"Once a callsite uses routeWithRegisteredPrompt(), versions will appear here.",1,1,"prop:description","pages/founder/prompt-versions.tsx"
"All done",1,1,"jsx-text","pages/founder/readiness.tsx"
"Launch readiness",1,1,"prop:label","pages/founder/readiness.tsx"
"Selected user",1,1,"jsx-text","pages/founder/recovery-console.tsx"
"No users matched.",1,1,"jsx-text","pages/founder/recovery-console.tsx"
"Revoke this session?",1,1,"jsx-text","pages/founder/recovery-console.tsx"
"Revoke all other sessions?",1,1,"jsx-text","pages/founder/recovery-console.tsx"
"Identity-proof channel",1,1,"jsx-text","pages/founder/recovery-console.tsx"
"User:",1,1,"jsx-text","pages/founder/recovery-console.tsx"
"Proof:",1,1,"jsx-text","pages/founder/recovery-console.tsx"
"Reference:",1,1,"jsx-text","pages/founder/recovery-console.tsx"
"I have verified the identity of this user.",1,1,"jsx-text","pages/founder/recovery-console.tsx"
"Reset link",1,1,"jsx-text","pages/founder/recovery-console.tsx"
"Generate reset link?",1,1,"jsx-text","pages/founder/recovery-console.tsx"
"Until date (optional)",1,1,"jsx-text","pages/founder/recovery-console.tsx"
"Reason (audit-logged)",1,1,"jsx-text","pages/founder/recovery-console.tsx"
"Transfer organization ownership",1,1,"jsx-text","pages/founder/recovery-console.tsx"
"New owner userId",1,1,"jsx-text","pages/founder/recovery-console.tsx"
"Court document",1,1,"jsx-text","pages/founder/recovery-console.tsx"
"Choose file",1,1,"jsx-text","pages/founder/recovery-console.tsx"
"email@example.com or userId",1,1,"prop:placeholder","pages/founder/recovery-console.tsx"
"sess_abc123…",1,1,"prop:placeholder","pages/founder/recovery-console.tsx"
"s3://acreos-recovery/abc123.pdf",1,1,"prop:placeholder","pages/founder/recovery-console.tsx"
"Customer lost their phone in a house fire; verified via video call against ID on file. Support ticket #12345.",1,1,"prop:placeholder","pages/founder/recovery-console.tsx"
"Cardholder deceased per family notice email 2026-04-30. Family asked we pause until estate settles.",1,1,"prop:placeholder","pages/founder/recovery-console.tsx"
"user_...",1,1,"prop:placeholder","pages/founder/recovery-console.tsx"
"s3://acreos-ops/court-docs/2026/abc123.pdf",1,1,"prop:placeholder","pages/founder/recovery-console.tsx"
"Probate order #2026-PR-1234 transfers operating control to spouse. Court doc attached above.",1,1,"prop:placeholder","pages/founder/recovery-console.tsx"
"Allocation policy",1,1,"jsx-text","pages/founder/studio/allocation.tsx"
"Preview on a $20 Starter",1,1,"jsx-text","pages/founder/studio/allocation.tsx"
"BYOK channel defaults",1,1,"jsx-text","pages/founder/studio/byok.tsx"
"Minimum tier",1,1,"jsx-text","pages/founder/studio/byok.tsx"
"Adoption",1,1,"jsx-text","pages/founder/studio/byok.tsx"
"Credit weights",1,1,"jsx-text","pages/founder/studio/credits.tsx"
"Recalibrate all credit weights?",1,1,"jsx-text","pages/founder/studio/credits.tsx"
"Current weight",1,1,"jsx-text","pages/founder/studio/credits.tsx"
"Avg observed (¢)",1,1,"jsx-text","pages/founder/studio/credits.tsx"
"[settings]",1,1,"jsx-text","pages/founder/studio/dials.tsx"
"Break the revenue ladder?",1,1,"jsx-text","pages/founder/studio/infra.tsx"
"Fly app",1,1,"prop:title","pages/founder/studio/infra.tsx"
"Postgres",1,1,"prop:title","pages/founder/studio/infra.tsx"
"Sentry",1,1,"prop:title","pages/founder/studio/infra.tsx"
"Stripe ACH",1,1,"prop:title","pages/founder/studio/infra.tsx"
"Read-replica adoption",1,1,"prop:title","pages/founder/studio/infra.tsx"
"Mail",1,1,"jsx-text","pages/founder/studio/routing.tsx"
"Comms",1,1,"jsx-text","pages/founder/studio/routing.tsx"
"Data",1,1,"jsx-text","pages/founder/studio/routing.tsx"
"Cache TTL per entity (days)",1,1,"jsx-text","pages/founder/studio/routing.tsx"
"TTL (days)",1,1,"jsx-text","pages/founder/studio/routing.tsx"
"Per-task model floor",1,1,"jsx-text","pages/founder/studio/routing.tsx"
"Cache TTL per complexity (hours)",1,1,"jsx-text","pages/founder/studio/routing.tsx"
"TTL (hours)",1,1,"jsx-text","pages/founder/studio/routing.tsx"
"TX, FL, AZ, ...",1,1,"prop:placeholder","pages/founder/studio/routing.tsx"
"e.g. tmobile=telnyx, att=twilio",1,1,"prop:placeholder","pages/founder/studio/routing.tsx"
"Provider priority (top wins)",1,1,"prop:label","pages/founder/studio/routing.tsx"
"SMS provider priority",1,1,"prop:label","pages/founder/studio/routing.tsx"
"Paid provider fallback order",1,1,"prop:label","pages/founder/studio/routing.tsx"
"Revenue trigger ladder",1,1,"jsx-text","pages/founder/studio/triggers.tsx"
"revenue.mrr.current",1,1,"jsx-text","pages/founder/studio/triggers.tsx"
"MRR ($)",1,1,"jsx-text","pages/founder/studio/triggers.tsx"
"One-time",1,1,"jsx-text","pages/founder/studio/triggers.tsx"
"Recurring",1,1,"jsx-text","pages/founder/studio/triggers.tsx"
"Failed to load sub-processor registry.",1,1,"jsx-text","pages/founder/sub-processors.tsx"
"Signed date",1,1,"jsx-text","pages/founder/sub-processors.tsx"
"Evidence URL",1,1,"jsx-text","pages/founder/sub-processors.tsx"
"privacy@vendor.com",1,1,"prop:placeholder","pages/founder/sub-processors.tsx"
"https://drive.google.com/…",1,1,"prop:placeholder","pages/founder/sub-processors.tsx"
"Total requests",1,1,"jsx-text","pages/founder/telemetry.tsx"
"Per-route summary",1,1,"jsx-text","pages/founder/telemetry.tsx"
"Sorted by request count. p95 over the last 100 requests per route.",1,1,"jsx-text","pages/founder/telemetry.tsx"
"No traffic yet.",1,1,"jsx-text","pages/founder/telemetry.tsx"
"Route",1,1,"jsx-text","pages/founder/telemetry.tsx"
"API telemetry",1,1,"prop:label","pages/founder/telemetry.tsx"
"Register new partner",1,1,"jsx-text","pages/founder/title-partners.tsx"
"Partner name",1,1,"jsx-text","pages/founder/title-partners.tsx"
"Inbound API key",1,1,"jsx-text","pages/founder/title-partners.tsx"
"HMAC shared secret",1,1,"jsx-text","pages/founder/title-partners.tsx"
"Volume pricing tier",1,1,"jsx-text","pages/founder/title-partners.tsx"
"Pilot — $895 / file",1,1,"jsx-text","pages/founder/title-partners.tsx"
"Volume — $695 / file",1,1,"jsx-text","pages/founder/title-partners.tsx"
"Add Partner",1,1,"jsx-text","pages/founder/title-partners.tsx"
"Inactive",1,1,"jsx-text","pages/founder/title-partners.tsx"
"TX, NM, AZ",1,1,"prop:placeholder","pages/founder/title-partners.tsx"
"Travis, Bexar",1,1,"prop:placeholder","pages/founder/title-partners.tsx"
"Trust graduation",1,1,"prop:label","pages/founder/trust-graduation.tsx"
"Cost component",1,1,"jsx-text","pages/founder/unit-economics.tsx"
"30d USD",1,1,"jsx-text","pages/founder/unit-economics.tsx"
"Total COGS",1,1,"jsx-text","pages/founder/unit-economics.tsx"
"Most positive profit-margin customers (30d).",1,1,"jsx-text","pages/founder/unit-economics.tsx"
"No profitable customers yet.",1,1,"jsx-text","pages/founder/unit-economics.tsx"
"No customer snapshots yet",1,1,"prop:title","pages/founder/unit-economics.tsx"
"Total MRR",1,1,"prop:label","pages/founder/unit-economics.tsx"
"Total COGS (30d)",1,1,"prop:label","pages/founder/unit-economics.tsx"
"Gross margin",1,1,"prop:label","pages/founder/unit-economics.tsx"
"The unit-economics rollup runs nightly. Once you have paying customers and the job has executed, this page will show their per-customer profitability.",1,1,"prop:description","pages/founder/unit-economics.tsx"
"Loading agents…",1,1,"jsx-text","pages/founder-agents.tsx"
"Agent operations",1,1,"jsx-text","pages/founder-agents.tsx"
"What are agents?",1,1,"jsx-text","pages/founder-agents.tsx"
"AI reasoning",1,1,"jsx-text","pages/founder-ai-observatory.tsx"
"Data considered",1,1,"jsx-text","pages/founder-ai-observatory.tsx"
"Confidence Calibration",1,1,"jsx-text","pages/founder-ai-observatory.tsx"
"Auto-executed",1,1,"jsx-text","pages/founder-ai-observatory.tsx"
"Disagreed",1,1,"jsx-text","pages/founder-ai-observatory.tsx"
"Access denied",1,1,"jsx-text","pages/founder-ai-observatory.tsx"
"AI observatory",1,1,"jsx-text","pages/founder-ai-observatory.tsx"
"Technical details ahead",1,1,"jsx-text","pages/founder-ai-observatory.tsx"
"Agent role",1,1,"jsx-text","pages/founder-ai-observatory.tsx"
"Tools called",1,1,"jsx-text","pages/founder-ai-observatory.tsx"
"Total AI calls today",1,1,"prop:title","pages/founder-ai-observatory.tsx"
"Total cost today",1,1,"prop:title","pages/founder-ai-observatory.tsx"
"Cache hit rate",1,1,"prop:title","pages/founder-ai-observatory.tsx"
"Fair-Lending",1,1,"jsx-text","pages/founder-compliance-ops.tsx"
"Vendors",1,1,"jsx-text","pages/founder-compliance-ops.tsx"
"Disclosures",1,1,"jsx-text","pages/founder-compliance-ops.tsx"
"Reconcile",1,1,"jsx-text","pages/founder-compliance-ops.tsx"
"Pricing-A/B",1,1,"jsx-text","pages/founder-compliance-ops.tsx"
"DSAR — 24h SLA",1,1,"jsx-text","pages/founder-compliance-ops.tsx"
"Data subject access requests. Overdue rows must be fulfilled before the next audit.",1,1,"jsx-text","pages/founder-compliance-ops.tsx"
"No DSARs yet.",1,1,"jsx-text","pages/founder-compliance-ops.tsx"
"Received",1,1,"jsx-text","pages/founder-compliance-ops.tsx"
"SLA deadline",1,1,"jsx-text","pages/founder-compliance-ops.tsx"
"Fair-Lending audit",1,1,"jsx-text","pages/founder-compliance-ops.tsx"
"Monthly disparate-impact analysis (zip-prefix proxy). ≥5% divergence flags.",1,1,"jsx-text","pages/founder-compliance-ops.tsx"
"No audit runs yet. Click ""Run audit"" to start.",1,1,"jsx-text","pages/founder-compliance-ops.tsx"
"Max divergence",1,1,"jsx-text","pages/founder-compliance-ops.tsx"
"Insufficient sample",1,1,"jsx-text","pages/founder-compliance-ops.tsx"
"Vendor adoption + referral-fee transparency",1,1,"jsx-text","pages/founder-compliance-ops.tsx"
"5 vendors instrumented. Referral fees feed the public /transparency/vendor-partnerships page.",1,1,"jsx-text","pages/founder-compliance-ops.tsx"
"Adoption metrics",1,1,"jsx-text","pages/founder-compliance-ops.tsx"
"No metrics recorded yet — capture via cron or POST.",1,1,"jsx-text","pages/founder-compliance-ops.tsx"
"Metric",1,1,"jsx-text","pages/founder-compliance-ops.tsx"
"No referral relationships recorded.",1,1,"jsx-text","pages/founder-compliance-ops.tsx"
"Structure",1,1,"jsx-text","pages/founder-compliance-ops.tsx"
"Disclosed",1,1,"jsx-text","pages/founder-compliance-ops.tsx"
"Public",1,1,"jsx-text","pages/founder-compliance-ops.tsx"
"Private",1,1,"jsx-text","pages/founder-compliance-ops.tsx"
"Disclosure-timing dispatcher",1,1,"jsx-text","pages/founder-compliance-ops.tsx"
"Reconciliation cron",1,1,"jsx-text","pages/founder-compliance-ops.tsx"
"Pricing-elasticity experiments",1,1,"jsx-text","pages/founder-compliance-ops.tsx"
"Aggregate by (experiment, variant). $199 vs $249 Solo before Series-A pitch.",1,1,"jsx-text","pages/founder-compliance-ops.tsx"
"No experiments running yet. Wire assignments via the pricing page.",1,1,"jsx-text","pages/founder-compliance-ops.tsx"
"Experiment",1,1,"jsx-text","pages/founder-compliance-ops.tsx"
"Variant",1,1,"jsx-text","pages/founder-compliance-ops.tsx"
"Assignments",1,1,"jsx-text","pages/founder-compliance-ops.tsx"
"Avg revenue",1,1,"jsx-text","pages/founder-compliance-ops.tsx"
"Add vendor metric",1,1,"jsx-text","pages/founder-compliance-ops.tsx"
"vendor (e.g., stripe)",1,1,"prop:placeholder","pages/founder-compliance-ops.tsx"
"metric_key (e.g., adoption_pct)",1,1,"prop:placeholder","pages/founder-compliance-ops.tsx"
"period (YYYY-MM)",1,1,"prop:placeholder","pages/founder-compliance-ops.tsx"
"unit (pct/count/sec)",1,1,"prop:placeholder","pages/founder-compliance-ops.tsx"
"Insufficient",1,1,"prop:label","pages/founder-compliance-ops.tsx"
"Loading daily digest…",1,1,"jsx-text","pages/founder-daily-digest.tsx"
"Daily digest",1,1,"jsx-text","pages/founder-daily-digest.tsx"
"No digest available yet. The digest agent generates one daily around 8am.",1,1,"jsx-text","pages/founder-daily-digest.tsx"
"new signups (yesterday)",1,1,"jsx-text","pages/founder-daily-digest.tsx"
"active users (this week)",1,1,"jsx-text","pages/founder-daily-digest.tsx"
"Paying customers:",1,1,"jsx-text","pages/founder-daily-digest.tsx"
"emails auto-sent (today)",1,1,"jsx-text","pages/founder-daily-digest.tsx"
"emails queued for approval (today)",1,1,"jsx-text","pages/founder-daily-digest.tsx"
"Data sources:",1,1,"jsx-text","pages/founder-daily-digest.tsx"
"Services:",1,1,"jsx-text","pages/founder-daily-digest.tsx"
"Swipe or tap to decide",1,1,"jsx-text","pages/founder-dashboard.tsx"
"Total tickets",1,1,"jsx-text","pages/founder-dashboard.tsx"
"AI resolved",1,1,"jsx-text","pages/founder-dashboard.tsx"
"Still open",1,1,"jsx-text","pages/founder-dashboard.tsx"
"No autonomous resolutions in the last 24 hours.",1,1,"jsx-text","pages/founder-dashboard.tsx"
"Recent auto-resolutions",1,1,"jsx-text","pages/founder-dashboard.tsx"
"Last 48h · auto-refreshes every 30s",1,1,"jsx-text","pages/founder-dashboard.tsx"
"No autonomous actions recorded yet. Actions will appear here as the system works.",1,1,"jsx-text","pages/founder-dashboard.tsx"
"Issues Detected",1,1,"jsx-text","pages/founder-dashboard.tsx"
"What Pax has observed and learned across all organizations",1,1,"jsx-text","pages/founder-dashboard.tsx"
"Recent Observations",1,1,"jsx-text","pages/founder-dashboard.tsx"
"No observations yet",1,1,"jsx-text","pages/founder-dashboard.tsx"
"Cross-Org Learnings",1,1,"jsx-text","pages/founder-dashboard.tsx"
"Operational dashboard (legacy)",1,1,"jsx-text","pages/founder-dashboard.tsx"
"Go to founder home",1,1,"jsx-text","pages/founder-dashboard.tsx"
"Enter monthly revenue target in USD",1,1,"jsx-text","pages/founder-dashboard.tsx"
"Save goal",1,1,"jsx-text","pages/founder-dashboard.tsx"
"MRR Goal Progress",1,1,"jsx-text","pages/founder-dashboard.tsx"
"Action queue → /founder",1,1,"jsx-text","pages/founder-dashboard.tsx"
"Customer health → /founder/customers/health",1,1,"jsx-text","pages/founder-dashboard.tsx"
"MRR trajectory, churn risk, org health.",1,1,"jsx-text","pages/founder-dashboard.tsx"
"Launch readiness checklist",1,1,"jsx-text","pages/founder-dashboard.tsx"
"Open the dedicated page to see incomplete items + score.",1,1,"jsx-text","pages/founder-dashboard.tsx"
"Watch the system work in real time",1,1,"jsx-text","pages/founder-dashboard.tsx"
"Monthly Recurring Revenue",1,1,"jsx-text","pages/founder-dashboard.tsx"
"Credit Sales (This Month)",1,1,"jsx-text","pages/founder-dashboard.tsx"
"Total Revenue (This Month)",1,1,"jsx-text","pages/founder-dashboard.tsx"
"MRR at risk",1,1,"jsx-text","pages/founder-dashboard.tsx"
"No MRR at risk — all accounts in good standing",1,1,"jsx-text","pages/founder-dashboard.tsx"
"Active Organizations",1,1,"jsx-text","pages/founder-dashboard.tsx"
"Total Users",1,1,"jsx-text","pages/founder-dashboard.tsx"
"Lead Nurturing",1,1,"jsx-text","pages/founder-dashboard.tsx"
"Total MRR At Risk",1,1,"jsx-text","pages/founder-dashboard.tsx"
"Organizations in Dunning",1,1,"jsx-text","pages/founder-dashboard.tsx"
"Low Credit Balance",1,1,"jsx-text","pages/founder-dashboard.tsx"
"Active Users (7 days)",1,1,"jsx-text","pages/founder-dashboard.tsx"
"New Signups (This Week)",1,1,"jsx-text","pages/founder-dashboard.tsx"
"Net growth (30d)",1,1,"jsx-text","pages/founder-dashboard.tsx"
"Lob (Direct Mail)",1,1,"jsx-text","pages/founder-dashboard.tsx"
"Regrid (Parcel Data)",1,1,"jsx-text","pages/founder-dashboard.tsx"
"OpenAI (AI Features)",1,1,"jsx-text","pages/founder-dashboard.tsx"
"Last 7 days usage",1,1,"jsx-text","pages/founder-dashboard.tsx"
"Review and manage feature requests from users",1,1,"jsx-text","pages/founder-dashboard.tsx"
"Notes:",1,1,"jsx-text","pages/founder-dashboard.tsx"
"No feature requests yet.",1,1,"jsx-text","pages/founder-dashboard.tsx"
"Pax-handled support metrics",1,1,"jsx-text","pages/founder-dashboard.tsx"
"Total Tickets",1,1,"jsx-text","pages/founder-dashboard.tsx"
"AI Resolution Rate",1,1,"jsx-text","pages/founder-dashboard.tsx"
"Avg Rating",1,1,"jsx-text","pages/founder-dashboard.tsx"
"Escalated tickets requiring manual review",1,1,"jsx-text","pages/founder-dashboard.tsx"
"Root Cause:",1,1,"jsx-text","pages/founder-dashboard.tsx"
"Attempted fixes:",1,1,"jsx-text","pages/founder-dashboard.tsx"
"No escalations pending",1,1,"jsx-text","pages/founder-dashboard.tsx"
"Pax is handling all support requests",1,1,"jsx-text","pages/founder-dashboard.tsx"
"Recent system alerts and notifications",1,1,"jsx-text","pages/founder-dashboard.tsx"
"Free parcel data sources - saves API costs by using county GIS directly",1,1,"jsx-text","pages/founder-dashboard.tsx"
"No county GIS endpoints configured yet.",1,1,"jsx-text","pages/founder-dashboard.tsx"
"Click ""Seed Default Endpoints"" to add endpoints for major counties.",1,1,"jsx-text","pages/founder-dashboard.tsx"
"Coverage",1,1,"jsx-text","pages/founder-dashboard.tsx"
"No data sources configured yet.",1,1,"jsx-text","pages/founder-dashboard.tsx"
"Run the import script to populate data sources.",1,1,"jsx-text","pages/founder-dashboard.tsx"
"Organization and user activity overview",1,1,"jsx-text","pages/founder-dashboard.tsx"
"Owner",1,1,"jsx-text","pages/founder-dashboard.tsx"
"Last Active",1,1,"jsx-text","pages/founder-dashboard.tsx"
"No organizations found matching the filter.",1,1,"jsx-text","pages/founder-dashboard.tsx"
"Track subscription changes over time",1,1,"jsx-text","pages/founder-dashboard.tsx"
"Upgrades (30d)",1,1,"jsx-text","pages/founder-dashboard.tsx"
"Cancellations (30d)",1,1,"jsx-text","pages/founder-dashboard.tsx"
"Signups (30d)",1,1,"jsx-text","pages/founder-dashboard.tsx"
"Recent Subscription Events",1,1,"jsx-text","pages/founder-dashboard.tsx"
"No subscription events recorded yet.",1,1,"jsx-text","pages/founder-dashboard.tsx"
"Founder Notes",1,1,"jsx-text","pages/founder-dashboard.tsx"
"Click ""Scan for New"" to discover endpoints from known patterns.",1,1,"jsx-text","pages/founder-dashboard.tsx"
"Filter by state:",1,1,"jsx-text","pages/founder-dashboard.tsx"
"Scan target states:",1,1,"jsx-text","pages/founder-dashboard.tsx"
"Validated",1,1,"jsx-text","pages/founder-dashboard.tsx"
"No discovered endpoints yet.",1,1,"jsx-text","pages/founder-dashboard.tsx"
"Click ""Scan ArcGIS Online"" to search for new GIS services.",1,1,"jsx-text","pages/founder-dashboard.tsx"
"Revenue Analytics - Detailed View",1,1,"jsx-text","pages/founder-dashboard.tsx"
"System Health - Detailed View",1,1,"jsx-text","pages/founder-dashboard.tsx"
"Agent Status - Detailed View",1,1,"jsx-text","pages/founder-dashboard.tsx"
"Alerts - Detailed View",1,1,"jsx-text","pages/founder-dashboard.tsx"
"Revenue At Risk - Detailed View",1,1,"jsx-text","pages/founder-dashboard.tsx"
"User Activity - Detailed View",1,1,"jsx-text","pages/founder-dashboard.tsx"
"Revenue by Tier",1,1,"jsx-text","pages/founder-dashboard.tsx"
"Revenue Summary",1,1,"jsx-text","pages/founder-dashboard.tsx"
"Total MRR:",1,1,"jsx-text","pages/founder-dashboard.tsx"
"Credit Sales (Month):",1,1,"jsx-text","pages/founder-dashboard.tsx"
"Total (Month):",1,1,"jsx-text","pages/founder-dashboard.tsx"
"MRR at Risk:",1,1,"jsx-text","pages/founder-dashboard.tsx"
"Revenue Projections (Mock Data)",1,1,"jsx-text","pages/founder-dashboard.tsx"
"Projected MRR",1,1,"jsx-text","pages/founder-dashboard.tsx"
"Growth",1,1,"jsx-text","pages/founder-dashboard.tsx"
"This Month",1,1,"jsx-text","pages/founder-dashboard.tsx"
"Next Month",1,1,"jsx-text","pages/founder-dashboard.tsx"
"+2 Months",1,1,"jsx-text","pages/founder-dashboard.tsx"
"System Metrics",1,1,"jsx-text","pages/founder-dashboard.tsx"
"Active Organizations:",1,1,"jsx-text","pages/founder-dashboard.tsx"
"Total Users:",1,1,"jsx-text","pages/founder-dashboard.tsx"
"Active Users:",1,1,"jsx-text","pages/founder-dashboard.tsx"
"System Uptime:",1,1,"jsx-text","pages/founder-dashboard.tsx"
"Users by Tier",1,1,"jsx-text","pages/founder-dashboard.tsx"
"Organizations",1,1,"jsx-text","pages/founder-dashboard.tsx"
"Uptime Logs (Mock Data)",1,1,"jsx-text","pages/founder-dashboard.tsx"
"Yesterday",1,1,"jsx-text","pages/founder-dashboard.tsx"
"2 Days Ago",1,1,"jsx-text","pages/founder-dashboard.tsx"
"Last Run:",1,1,"jsx-text","pages/founder-dashboard.tsx"
"Processed:",1,1,"jsx-text","pages/founder-dashboard.tsx"
"Pending:",1,1,"jsx-text","pages/founder-dashboard.tsx"
"Recent Task History (Mock Data)",1,1,"jsx-text","pages/founder-dashboard.tsx"
"Duration",1,1,"jsx-text","pages/founder-dashboard.tsx"
"Result",1,1,"jsx-text","pages/founder-dashboard.tsx"
"Lead Nurturer",1,1,"jsx-text","pages/founder-dashboard.tsx"
"Process follow-ups",1,1,"jsx-text","pages/founder-dashboard.tsx"
"2.3s",1,1,"jsx-text","pages/founder-dashboard.tsx"
"Analyze A/B tests",1,1,"jsx-text","pages/founder-dashboard.tsx"
"1.5s",1,1,"jsx-text","pages/founder-dashboard.tsx"
"Process dunning",1,1,"jsx-text","pages/founder-dashboard.tsx"
"0.8s",1,1,"jsx-text","pages/founder-dashboard.tsx"
"No alerts to display",1,1,"jsx-text","pages/founder-dashboard.tsx"
"At Risk Summary",1,1,"jsx-text","pages/founder-dashboard.tsx"
"Total MRR at Risk:",1,1,"jsx-text","pages/founder-dashboard.tsx"
"Orgs in Dunning:",1,1,"jsx-text","pages/founder-dashboard.tsx"
"Low Credit Balance:",1,1,"jsx-text","pages/founder-dashboard.tsx"
"Dunning by Stage",1,1,"jsx-text","pages/founder-dashboard.tsx"
"At-Risk Customers (Mock Data)",1,1,"jsx-text","pages/founder-dashboard.tsx"
"Acme Corp",1,1,"jsx-text","pages/founder-dashboard.tsx"
"Payment Overdue",1,1,"jsx-text","pages/founder-dashboard.tsx"
"Beta Inc",1,1,"jsx-text","pages/founder-dashboard.tsx"
"Low Credits",1,1,"jsx-text","pages/founder-dashboard.tsx"
"Activity Summary",1,1,"jsx-text","pages/founder-dashboard.tsx"
"Active Users (7 days):",1,1,"jsx-text","pages/founder-dashboard.tsx"
"New Signups (Week):",1,1,"jsx-text","pages/founder-dashboard.tsx"
"Signup Trends (Mock Data)",1,1,"jsx-text","pages/founder-dashboard.tsx"
"Signups",1,1,"jsx-text","pages/founder-dashboard.tsx"
"This Week",1,1,"jsx-text","pages/founder-dashboard.tsx"
"Last Week",1,1,"jsx-text","pages/founder-dashboard.tsx"
"2 Weeks Ago",1,1,"jsx-text","pages/founder-dashboard.tsx"
"Activity Heatmap (Mock Data)",1,1,"jsx-text","pages/founder-dashboard.tsx"
"Analysis of endpoint issues and suggestions for resolution",1,1,"jsx-text","pages/founder-dashboard.tsx"
"Growth & Ads",1,1,"jsx-text","pages/founder-dashboard.tsx"
"Meta ad-account, AI campaign wizard, live campaigns, attribution.",1,1,"jsx-text","pages/founder-dashboard.tsx"
"Per-org health scores, MRR waterfall by tier — open the dedicated page.",1,1,"jsx-text","pages/founder-dashboard.tsx"
"Input $/M",1,1,"jsx-text","pages/founder-dashboard.tsx"
"Output $/M",1,1,"jsx-text","pages/founder-dashboard.tsx"
"Task Types",1,1,"jsx-text","pages/founder-dashboard.tsx"
"User promo codes at checkout",1,1,"jsx-text","pages/founder-dashboard.tsx"
"AI Briefing",1,1,"jsx-text","pages/founder-dashboard.tsx"
"Autopilot Active",1,1,"jsx-text","pages/founder-dashboard.tsx"
"Low Priority",1,1,"jsx-text","pages/founder-dashboard.tsx"
"Medium Priority",1,1,"jsx-text","pages/founder-dashboard.tsx"
"High Priority",1,1,"jsx-text","pages/founder-dashboard.tsx"
"Critical Priority",1,1,"jsx-text","pages/founder-dashboard.tsx"
"Assign Goal",1,1,"jsx-text","pages/founder-dashboard.tsx"
"Recent subscribers",1,1,"jsx-text","pages/founder-dashboard.tsx"
"Keyboard shortcuts (?)",1,1,"prop:title","pages/founder-dashboard.tsx"
"Test passed",1,1,"prop:title","pages/founder-dashboard.tsx"
"Approve and add to database",1,1,"prop:title","pages/founder-dashboard.tsx"
"Refresh briefing",1,1,"prop:title","pages/founder-dashboard.tsx"
"e.g. 10000",1,1,"prop:placeholder","pages/founder-dashboard.tsx"
"Filter by title, category, or coverage…",1,1,"prop:placeholder","pages/founder-dashboard.tsx"
"Enter internal notes about this feature request…",1,1,"prop:placeholder","pages/founder-dashboard.tsx"
"e.g., TX, AZ, NM",1,1,"prop:placeholder","pages/founder-dashboard.tsx"
"Monthly ¢",1,1,"prop:placeholder","pages/founder-dashboard.tsx"
"Yearly ¢",1,1,"prop:placeholder","pages/founder-dashboard.tsx"
"Label (e.g. Spring Sale)",1,1,"prop:placeholder","pages/founder-dashboard.tsx"
"Discount %",1,1,"prop:placeholder","pages/founder-dashboard.tsx"
"e.g. Increase trial-to-paid conversion by 15% this quarter",1,1,"prop:placeholder","pages/founder-dashboard.tsx"
"Resolved by:",1,1,"jsx-text","pages/founder-decisions.tsx"
"Urgency:",1,1,"jsx-text","pages/founder-decisions.tsx"
"You overrode this with:",1,1,"jsx-text","pages/founder-decisions.tsx"
"Outcome:",1,1,"jsx-text","pages/founder-decisions.tsx"
"Last 14 days",1,1,"jsx-text","pages/founder-decisions.tsx"
"Last 60 days",1,1,"jsx-text","pages/founder-decisions.tsx"
"Autonomous decisions",1,1,"prop:label","pages/founder-decisions.tsx"
"Active candidates (",1,1,"jsx-text","pages/founder-expansion.tsx"
"Loading candidates…",1,1,"jsx-text","pages/founder-expansion.tsx"
"Expansion radar",1,1,"prop:title","pages/founder-expansion.tsx"
"No candidates this week",1,1,"prop:title","pages/founder-expansion.tsx"
"Expansion Radar",1,1,"prop:label","pages/founder-expansion.tsx"
"Weekly scan for Land Investors ready to upgrade. Scored on tenure, lead/deal growth, payment cadence, engagement. Top 5 candidates surface here for your approval. Approving queues a tier-upgrade offer from Forge.",1,1,"prop:description","pages/founder-expansion.tsx"
"The radar runs Mondays 08:00 UTC. Run now to scan immediately.",1,1,"prop:description","pages/founder-expansion.tsx"
"Loading experiments…",1,1,"jsx-text","pages/founder-experiments.tsx"
"Founder notes on the winner",1,1,"jsx-text","pages/founder-experiments.tsx"
"New experiment",1,1,"jsx-text","pages/founder-experiments.tsx"
"Item type hook",1,1,"jsx-text","pages/founder-experiments.tsx"
"(pipe-separated labels)",1,1,"jsx-text","pages/founder-experiments.tsx"
"No experiments yet",1,1,"prop:title","pages/founder-experiments.tsx"
"Founder notes on the winner (optional)",1,1,"prop:placeholder","pages/founder-experiments.tsx"
"Variant A|Variant B",1,1,"prop:placeholder","pages/founder-experiments.tsx"
"Experiments",1,1,"prop:label","pages/founder-experiments.tsx"
"A/B test how agents decide. Each experiment hooks into a specific item type and deterministically assigns variants per org. When outcomes get graded, they roll up per variant so you can see which playbook works.",1,1,"prop:description","pages/founder-experiments.tsx"
"Create your first experiment to split a decision playbook across variants. Example: half of past-due customers get 7-day dunning, half get 10-day — which recovers more?",1,1,"prop:description","pages/founder-experiments.tsx"
"Annual subs unrecognized",1,1,"jsx-text","pages/founder-financials.tsx"
"N/A — cohort empty",1,1,"jsx-text","pages/founder-financials.tsx"
"Diligence flag at &gt;20%",1,1,"jsx-text","pages/founder-financials.tsx"
"By organization",1,1,"jsx-text","pages/founder-financials.tsx"
"Interval",1,1,"jsx-text","pages/founder-financials.tsx"
"Recognized",1,1,"jsx-text","pages/founder-financials.tsx"
"0 ? ""+"" : n",1,1,"jsx-text","pages/founder-home.tsx"
"= 60 && item.urgency",1,1,"jsx-text","pages/founder-home.tsx"
"Triage",1,1,"jsx-text","pages/founder-home.tsx"
"What needs you today",1,1,"prop:title","pages/founder-home.tsx"
"Inbox zero — for now",1,1,"prop:title","pages/founder-home.tsx"
"Seven-day pulse",1,1,"prop:title","pages/founder-home.tsx"
"Not enough trend data yet",1,1,"prop:title","pages/founder-home.tsx"
"New customers",1,1,"prop:title","pages/founder-home.tsx"
"Active customers",1,1,"prop:title","pages/founder-home.tsx"
"No customer events yet today",1,1,"prop:title","pages/founder-home.tsx"
"What I",1,1,"prop:title","pages/founder-home.tsx"
"What you",1,1,"prop:placeholder","pages/founder-home.tsx"
"MRR delta",1,1,"prop:label","pages/founder-home.tsx"
"Churn risk",1,1,"prop:label","pages/founder-home.tsx"
"AI cost (today)",1,1,"prop:label","pages/founder-home.tsx"
"Unprofitable customers",1,1,"prop:label","pages/founder-home.tsx"
"No items need your judgement. Nice quiet morning.",1,1,"prop:description","pages/founder-home.tsx"
"Pulse charts populate after two days of unit-economics snapshots.",1,1,"prop:description","pages/founder-home.tsx"
"Signups, cancellations, and big closed deals will surface here.",1,1,"prop:description","pages/founder-home.tsx"
"Loading founder letter…",1,1,"jsx-text","pages/founder-letter.tsx"
"· read",1,1,"jsx-text","pages/founder-letter.tsx"
"Founder Letter",1,1,"prop:label","pages/founder-letter.tsx"
"Your previous letter (if any) is still saved. Try generating a fresh one or come back in a moment.",1,1,"prop:description","pages/founder-letter.tsx"
"The first letter will be generated on the 1st of next month. You can also generate one on demand from the current data.",1,1,"prop:description","pages/founder-letter.tsx"
"In progress (",1,1,"jsx-text","pages/founder-onboarding.tsx"
"Loading onboarding journeys…",1,1,"jsx-text","pages/founder-onboarding.tsx"
"Completed (",1,1,"jsx-text","pages/founder-onboarding.tsx"
"Org #",1,1,"jsx-text","pages/founder-onboarding.tsx"
"No journeys in progress",1,1,"prop:title","pages/founder-onboarding.tsx"
"Total journeys",1,1,"prop:label","pages/founder-onboarding.tsx"
"Activated",1,1,"prop:label","pages/founder-onboarding.tsx"
"Activation rate",1,1,"prop:label","pages/founder-onboarding.tsx"
"Journeys start automatically when a new Land Investor org signs up.",1,1,"prop:description","pages/founder-onboarding.tsx"
"ACTION_PREVIEW_WINDOW_SECONDS",1,1,"jsx-text","pages/founder-preview.tsx"
"Loading pending actions…",1,1,"jsx-text","pages/founder-preview.tsx"
"Recent (last 48h)",1,1,"jsx-text","pages/founder-preview.tsx"
"Loading recent actions…",1,1,"jsx-text","pages/founder-preview.tsx"
"No recent autonomous actions",1,1,"prop:title","pages/founder-preview.tsx"
"Action Preview",1,1,"prop:label","pages/founder-preview.tsx"
"Actions will appear here once the executor processes its first decisions.",1,1,"prop:description","pages/founder-preview.tsx"
"Loading prompt-evolution proposals…",1,1,"jsx-text","pages/founder-prompt-evolutions.tsx"
"No pending proposals",1,1,"prop:title","pages/founder-prompt-evolutions.tsx"
"Prompt Evolutions",1,1,"prop:label","pages/founder-prompt-evolutions.tsx"
"Revisions the monthly meta-agent has proposed based on per-agent performance data (outcome scores, founder overrides, calibration). Approving applies the new prompt immediately. Rejecting marks the proposal dead.",1,1,"prop:description","pages/founder-prompt-evolutions.tsx"
"The meta-agent runs on the 1st of each month. You can also run it on demand from the button above.",1,1,"prop:description","pages/founder-prompt-evolutions.tsx"
"Loading prompt history…",1,1,"jsx-text","pages/founder-prompt-history.tsx"
"Prompt history",1,1,"prop:title","pages/founder-prompt-history.tsx"
"No agents with history yet",1,1,"prop:title","pages/founder-prompt-history.tsx"
"Prompt History",1,1,"prop:label","pages/founder-prompt-history.tsx"
"Every version that",1,1,"prop:description","pages/founder-prompt-history.tsx"
"Once the meta-agent ships its first prompt change, versions will start accumulating here.",1,1,"prop:description","pages/founder-prompt-history.tsx"
"Either this agent hasn",1,1,"prop:description","pages/founder-prompt-history.tsx"
"Per provider",1,1,"jsx-text","pages/founder-providers.tsx"
"Per category",1,1,"jsx-text","pages/founder-providers.tsx"
"Data providers",1,1,"prop:title","pages/founder-providers.tsx"
"No provider lookups yet",1,1,"prop:title","pages/founder-providers.tsx"
"Data Providers",1,1,"prop:label","pages/founder-providers.tsx"
"Providers active",1,1,"prop:label","pages/founder-providers.tsx"
"External data sources (parcel, property details, skip trace, etc). The registry now uses per-(provider, category) success rate as a tiebreaker within the same tier+cost bracket, so high-performing providers automatically get more traffic. If a provider degrades quietly, the success-rate column surfaces it here.",1,1,"prop:description","pages/founder-providers.tsx"
"Once customers start enriching parcels and properties, provider telemetry will populate here.",1,1,"prop:description","pages/founder-providers.tsx"
"Loading settings…",1,1,"jsx-text","pages/founder-settings.tsx"
"Current:",1,1,"jsx-text","pages/founder-settings.tsx"
"Customization center",1,1,"prop:title","pages/founder-settings.tsx"
"Founder Settings",1,1,"prop:label","pages/founder-settings.tsx"
"Operational knobs the system reads on every decision. Changes take effect on the next decision — no restart, no deploy. Values you set here override environment variables.",1,1,"prop:description","pages/founder-settings.tsx"
"This month's synthesized moves (",1,1,"jsx-text","pages/founder-strategy.tsx"
"Loading synthesized moves…",1,1,"jsx-text","pages/founder-strategy.tsx"
"Weekly raw proposals (",1,1,"jsx-text","pages/founder-strategy.tsx"
"Strategic proposals",1,1,"prop:title","pages/founder-strategy.tsx"
"No weekly proposals",1,1,"prop:title","pages/founder-strategy.tsx"
"Optional feedback (saved with the decision)…",1,1,"prop:placeholder","pages/founder-strategy.tsx"
"Strategic Proposals",1,1,"prop:label","pages/founder-strategy.tsx"
"The proactive layer. Each week agents propose moves in their domain. On the 1st, a synthesis pass picks the top 3-5 recurring signals and surfaces them for your approval. Approved moves become the sanctioned direction.",1,1,"prop:description","pages/founder-strategy.tsx"
"Weekly proposals fire Sundays at 00:00 UTC. Run one now from the button above to seed the queue.",1,1,"prop:description","pages/founder-strategy.tsx"
"What needs you",1,1,"prop:label","pages/founder-todo.tsx"
"Nothing is waiting on you right now. The system is running itself. Check System trends in the sidebar to see how quality is trending.",1,1,"prop:description","pages/founder-todo.tsx"
"Loading tool proposals…",1,1,"jsx-text","pages/founder-tools.tsx"
"Gap:",1,1,"jsx-text","pages/founder-tools.tsx"
"Benefit:",1,1,"jsx-text","pages/founder-tools.tsx"
"Capability growth queue",1,1,"prop:title","pages/founder-tools.tsx"
"No proposals yet",1,1,"prop:title","pages/founder-tools.tsx"
"Optional notes (shown when you move this forward)…",1,1,"prop:placeholder","pages/founder-tools.tsx"
"The strategic synthesis will surface capability gaps automatically when it detects recurring",1,1,"prop:description","pages/founder-tools.tsx"
"Loading agent traces…",1,1,"jsx-text","pages/founder-traces.tsx"
"Loading trace details…",1,1,"jsx-text","pages/founder-traces.tsx"
"System prompt",1,1,"jsx-text","pages/founder-traces.tsx"
"User prompt",1,1,"jsx-text","pages/founder-traces.tsx"
"In:",1,1,"jsx-text","pages/founder-traces.tsx"
"Out:",1,1,"jsx-text","pages/founder-traces.tsx"
"Agent traces",1,1,"prop:title","pages/founder-traces.tsx"
"No traces yet",1,1,"prop:title","pages/founder-traces.tsx"
"Agent Traces",1,1,"prop:label","pages/founder-traces.tsx"
"Every LLM call an agent makes lands here — the exact prompt sent, the exact response received, model, latency, token usage. Expand a row to see the full trace. This is the canonical answer to",1,1,"prop:description","pages/founder-traces.tsx"
"Loading 90-day trends…",1,1,"jsx-text","pages/founder-trends.tsx"
"Per-agent trust trajectory",1,1,"jsx-text","pages/founder-trends.tsx"
"Is the system getting better?",1,1,"prop:title","pages/founder-trends.tsx"
"No trust-evolution data yet",1,1,"prop:title","pages/founder-trends.tsx"
"System Trends",1,1,"prop:label","pages/founder-trends.tsx"
"Longer arc than the autonomy-health meter or the monthly letter. Shows how the system has trended over the last 90 days — outcomes, override rate, calibration, safety-rail trips, per-agent trust. Use this as your trust gauge for how much to delegate further.",1,1,"prop:description","pages/founder-trends.tsx"
"Per-agent trust scores evolve on the monthly cadence. Come back after the first trust-evolution cron run.",1,1,"prop:description","pages/founder-trends.tsx"
"/mo income ÷",1,1,"jsx-text","pages/freedom-meter.tsx"
"Balance remaining",1,1,"jsx-text","pages/freedom-meter.tsx"
"Months left",1,1,"jsx-text","pages/freedom-meter.tsx"
"Note progress",1,1,"jsx-text","pages/freedom-meter.tsx"
"Track your journey from trading time for money to true passive income freedom through your land note portfolio.",1,1,"jsx-text","pages/freedom-meter.tsx"
"Your monthly fixed expenses",1,1,"jsx-text","pages/freedom-meter.tsx"
"Rent, food, utilities, car, insurance — your baseline to achieve freedom.",1,1,"jsx-text","pages/freedom-meter.tsx"
"Monthly note income",1,1,"jsx-text","pages/freedom-meter.tsx"
"Outstanding principal across all notes",1,1,"jsx-text","pages/freedom-meter.tsx"
"Already free!",1,1,"jsx-text","pages/freedom-meter.tsx"
"Monthly surplus / gap",1,1,"jsx-text","pages/freedom-meter.tsx"
"Passive surplus each month",1,1,"jsx-text","pages/freedom-meter.tsx"
"Still needed to reach freedom",1,1,"jsx-text","pages/freedom-meter.tsx"
"Note income vs. monthly expenses — 12-month history",1,1,"jsx-text","pages/freedom-meter.tsx"
"Track your progress toward the day note income exceeds your fixed expenses.",1,1,"jsx-text","pages/freedom-meter.tsx"
"No active notes yet.",1,1,"jsx-text","pages/freedom-meter.tsx"
"Close your first owner-financed deal and it will appear here. That first monthly payment is the start of your passive income portfolio.",1,1,"jsx-text","pages/freedom-meter.tsx"
"Progress through each milestone as you add notes to your portfolio.",1,1,"jsx-text","pages/freedom-meter.tsx"
"The milestone strategy",1,1,"jsx-text","pages/freedom-meter.tsx"
"Each milestone represents a real life expense covered by passive note income. When your notes cover groceries, you're partially free. When they cover rent, you're mostly free. When they exceed all expenses, work becomes optional — you do it because you want to, not because you have to.",1,1,"jsx-text","pages/freedom-meter.tsx"
"36-month freedom projection",1,1,"jsx-text","pages/freedom-meter.tsx"
"At 1 note/2 months",1,1,"jsx-text","pages/freedom-meter.tsx"
"At 1 note/month",1,1,"jsx-text","pages/freedom-meter.tsx"
"Freedom date (faster)",1,1,"jsx-text","pages/freedom-meter.tsx"
"Notes still needed",1,1,"jsx-text","pages/freedom-meter.tsx"
"At $329/month avg",1,1,"jsx-text","pages/freedom-meter.tsx"
"Add your next note",1,1,"jsx-text","pages/freedom-meter.tsx"
"Use the Blind Offer Wizard to find and price your next deal.",1,1,"jsx-text","pages/freedom-meter.tsx"
"Manage late payments",1,1,"jsx-text","pages/freedom-meter.tsx"
"Automate dunning sequences and default protocols.",1,1,"jsx-text","pages/freedom-meter.tsx"
"Glossary",1,1,"jsx-text","pages/glossary.tsx"
"Land Investor glossary",1,1,"jsx-text","pages/glossary.tsx"
"See also:",1,1,"jsx-text","pages/glossary.tsx"
"Start free trial",1,1,"jsx-text","pages/glossary.tsx"
"See pricing",1,1,"jsx-text","pages/glossary.tsx"
"Land Investor glossary · AcreOS",1,1,"prop:title","pages/glossary.tsx"
"Plain-English definitions of the vocabulary every land investor needs — yellow letter, skip trace, AVM, executory contract, and more.",1,1,"prop:description","pages/glossary.tsx"
"Goals &amp; OKRs",1,1,"jsx-text","pages/goals.tsx"
"Track your organizational objectives and key results.",1,1,"jsx-text","pages/goals.tsx"
"Goals completed",1,1,"jsx-text","pages/goals.tsx"
"Revenue on track",1,1,"jsx-text","pages/goals.tsx"
"Create new goal",1,1,"jsx-text","pages/goals.tsx"
"Dollars ($)",1,1,"jsx-text","pages/goals.tsx"
"Units",1,1,"jsx-text","pages/goals.tsx"
"Deadline (optional)",1,1,"jsx-text","pages/goals.tsx"
"e.g., Close 10 deals this quarter",1,1,"prop:placeholder","pages/goals.tsx"
"Set revenue targets, deal counts, and other KPIs to track your progress over time.",1,1,"prop:description","pages/goals.tsx"
"This removes the goal and its progress history. Your underlying data (leads, deals, revenue) is unchanged.",1,1,"prop:description","pages/goals.tsx"
"No phone number",1,1,"jsx-text","pages/inbox.tsx"
"No messages yet",1,1,"jsx-text","pages/inbox.tsx"
"Send a message to start the conversation.",1,1,"jsx-text","pages/inbox.tsx"
"Inbox",1,1,"jsx-text","pages/inbox.tsx"
"Nothing waiting.",1,1,"jsx-text","pages/inbox.tsx"
"Select a message",1,1,"prop:title","pages/inbox.tsx"
"Type your reply…",1,1,"prop:placeholder","pages/inbox.tsx"
"Search messages…",1,1,"prop:placeholder","pages/inbox.tsx"
"The email moves to your Archived tab. You can restore it later by switching to that tab and unstarring/replying — nothing is permanently deleted.",1,1,"prop:description","pages/inbox.tsx"
"Choose a conversation from the list to read it here.",1,1,"prop:description","pages/inbox.tsx"
"No messages match your search",1,1,"prop:headline","pages/inbox.tsx"
"All caught up — no unread messages",1,1,"prop:headline","pages/inbox.tsx"
"No starred messages",1,1,"prop:headline","pages/inbox.tsx"
"Signatures",1,1,"jsx-text","pages/inspection-detail.tsx"
"Landlord",1,1,"jsx-text","pages/inspection-detail.tsx"
"No checklist data.",1,1,"jsx-text","pages/inspection-detail.tsx"
"Area",1,1,"jsx-text","pages/inspection-detail.tsx"
"Photos",1,1,"jsx-text","pages/inspection-detail.tsx"
"Held",1,1,"jsx-text","pages/inspection-detail.tsx"
"Deductions",1,1,"jsx-text","pages/inspection-detail.tsx"
"Refund",1,1,"jsx-text","pages/inspection-detail.tsx"
"Amount ($)",1,1,"jsx-text","pages/inspection-detail.tsx"
"Carpet stain in master bedroom",1,1,"prop:placeholder","pages/inspection-detail.tsx"
"Integration health",1,1,"jsx-text","pages/integrations-health.tsx"
"— checked",1,1,"jsx-text","pages/integrations-health.tsx"
"Loading integration status…",1,1,"jsx-text","pages/integrations-health.tsx"
"About integration monitoring",1,1,"jsx-text","pages/integrations-health.tsx"
"Degraded",1,1,"jsx-text","pages/integrations-health.tsx"
"3,000ms",1,1,"jsx-text","pages/integrations-health.tsx"
"Outage",1,1,"jsx-text","pages/integrations-health.tsx"
"Approximations.",1,1,"jsx-text","pages/investor-analytics.tsx"
"?debtMonthlyCents=...",1,1,"jsx-text","pages/investor-analytics.tsx"
"Monthly NOI",1,1,"jsx-text","pages/investor-analytics.tsx"
"Vacancy (avg)",1,1,"jsx-text","pages/investor-analytics.tsx"
"Per-property snapshot",1,1,"jsx-text","pages/investor-analytics.tsx"
"Click a property to open its parcel detail.",1,1,"jsx-text","pages/investor-analytics.tsx"
"Monthly rent",1,1,"jsx-text","pages/investor-analytics.tsx"
"NOI / mo",1,1,"jsx-text","pages/investor-analytics.tsx"
"NOI / yr",1,1,"jsx-text","pages/investor-analytics.tsx"
"Vacancy T12",1,1,"jsx-text","pages/investor-analytics.tsx"
"Avg tenure",1,1,"jsx-text","pages/investor-analytics.tsx"
"Investor network",1,1,"jsx-text","pages/investor-directory.tsx"
"Your investor profile and verified land investor directory",1,1,"jsx-text","pages/investor-directory.tsx"
"My investor profile",1,1,"jsx-text","pages/investor-directory.tsx"
"Create your investor profile to appear in the network directory.",1,1,"jsx-text","pages/investor-directory.tsx"
"Create profile",1,1,"jsx-text","pages/investor-directory.tsx"
"Deal size range",1,1,"jsx-text","pages/investor-directory.tsx"
"Land investors with verified identities in the AcreOS network",1,1,"jsx-text","pages/investor-directory.tsx"
"No verified investors yet. Be the first to get verified!",1,1,"jsx-text","pages/investor-directory.tsx"
"Bio",1,1,"jsx-text","pages/investor-directory.tsx"
"Min deal size ($)",1,1,"jsx-text","pages/investor-directory.tsx"
"Max deal size ($)",1,1,"jsx-text","pages/investor-directory.tsx"
"Target states",1,1,"jsx-text","pages/investor-directory.tsx"
"Verify your identity",1,1,"jsx-text","pages/investor-directory.tsx"
"Verification enables:",1,1,"jsx-text","pages/investor-directory.tsx"
"Verified badge on your profile",1,1,"jsx-text","pages/investor-directory.tsx"
"Access to premium deal rooms",1,1,"jsx-text","pages/investor-directory.tsx"
"Higher visibility in buyer/seller matching",1,1,"jsx-text","pages/investor-directory.tsx"
"Self-attestation statement",1,1,"jsx-text","pages/investor-directory.tsx"
"By submitting, you attest to your identity and legal status as an investor.",1,1,"jsx-text","pages/investor-directory.tsx"
"How you",1,1,"prop:placeholder","pages/investor-directory.tsx"
"Brief description of your investment strategy…",1,1,"prop:placeholder","pages/investor-directory.tsx"
"I confirm that I am a legitimate land investor operating legally in my jurisdiction. I agree to AcreOS Marketplace Terms of Service and will conduct all transactions lawfully…",1,1,"prop:placeholder","pages/investor-directory.tsx"
"Investor directory",1,1,"prop:label","pages/investor-directory.tsx"
"Unique jobs",1,1,"jsx-text","pages/job-health.tsx"
"Successful runs",1,1,"jsx-text","pages/job-health.tsx"
"Failed runs",1,1,"jsx-text","pages/job-health.tsx"
"Lock skips",1,1,"jsx-text","pages/job-health.tsx"
"Job status (latest run)",1,1,"jsx-text","pages/job-health.tsx"
"Filter by job name",1,1,"jsx-text","pages/job-health.tsx"
"Manually run this job?",1,1,"jsx-text","pages/job-health.tsx"
"Filter by job name…",1,1,"prop:placeholder","pages/job-health.tsx"
"No KPIs yet. Metrics will appear once data flows through your pipeline.",1,1,"jsx-text","pages/kpi-dashboard.tsx"
"300 – 850 scale",1,1,"jsx-text","pages/land-credit.tsx"
"Property score",1,1,"jsx-text","pages/land-credit.tsx"
"Investor strategy",1,1,"jsx-text","pages/land-credit.tsx"
"Score drill-down",1,1,"jsx-text","pages/land-credit.tsx"
"Factor-level analysis with improvement suggestions",1,1,"jsx-text","pages/land-credit.tsx"
"Loading score history…",1,1,"jsx-text","pages/land-credit.tsx"
"Six-dimension analysis",1,1,"jsx-text","pages/land-credit.tsx"
"Weighted scoring across location, physical, legal, financial, environmental, and market factors",1,1,"jsx-text","pages/land-credit.tsx"
"Base score",1,1,"jsx-text","pages/land-credit.tsx"
"Adjusted score",1,1,"jsx-text","pages/land-credit.tsx"
"Historical score trend",1,1,"jsx-text","pages/land-credit.tsx"
"Credit score over time for this property",1,1,"jsx-text","pages/land-credit.tsx"
"Select a property to view its AcreOS Credit Score",1,1,"jsx-text","pages/land-credit.tsx"
"Scores evaluate location, physical, legal, financial, environmental, and market dimensions",1,1,"jsx-text","pages/land-credit.tsx"
"Loading portfolio distribution…",1,1,"jsx-text","pages/land-credit.tsx"
"Portfolio-wide credit score",1,1,"jsx-text","pages/land-credit.tsx"
"300–850 scale",1,1,"jsx-text","pages/land-credit.tsx"
"Grade distribution",1,1,"jsx-text","pages/land-credit.tsx"
"Credit score grades across all properties",1,1,"jsx-text","pages/land-credit.tsx"
"Risk level breakdown",1,1,"jsx-text","pages/land-credit.tsx"
"No portfolio data yet",1,1,"jsx-text","pages/land-credit.tsx"
"Score your properties to see portfolio-level insights",1,1,"jsx-text","pages/land-credit.tsx"
"Select a property to score…",1,1,"prop:placeholder","pages/land-credit.tsx"
"Before AcreOS",1,1,"jsx-text","pages/landing/DayInLife.tsx"
"~62 hr week",1,1,"jsx-text","pages/landing/DayInLife.tsx"
"With AcreOS",1,1,"jsx-text","pages/landing/DayInLife.tsx"
"~22 hr week",1,1,"jsx-text","pages/landing/DayInLife.tsx"
"14 days free",1,1,"jsx-text","pages/landing/FinalCTA.tsx"
"No credit card",1,1,"jsx-text","pages/landing/FinalCTA.tsx"
"SOC 2 Type 1 in progress · 2026-Q3 target",1,1,"jsx-text","pages/landing/FinalCTA.tsx"
"Cancel anytime",1,1,"jsx-text","pages/landing/FinalCTA.tsx"
"you@yourbusiness.com",1,1,"prop:placeholder","pages/landing/FinalCTA.tsx"
"Product",1,1,"jsx-text","pages/landing/Footer.tsx"
"How it works",1,1,"jsx-text","pages/landing/Footer.tsx"
"Meet Pax",1,1,"jsx-text","pages/landing/Footer.tsx"
"Pricing",1,1,"jsx-text","pages/landing/Footer.tsx"
"Careers",1,1,"jsx-text","pages/landing/Footer.tsx"
"Press",1,1,"jsx-text","pages/landing/Footer.tsx"
"Academy",1,1,"jsx-text","pages/landing/Footer.tsx"
"Blog",1,1,"jsx-text","pages/landing/Footer.tsx"
"Land deal calculator",1,1,"jsx-text","pages/landing/Footer.tsx"
"API docs",1,1,"jsx-text","pages/landing/Footer.tsx"
"Privacy",1,1,"jsx-text","pages/landing/Footer.tsx"
"Terms",1,1,"jsx-text","pages/landing/Footer.tsx"
"Pax · Comp analysis",1,1,"jsx-text","pages/landing/Hero.tsx"
"APN 304-12-456",1,1,"jsx-text","pages/landing/Hero.tsx"
"Comparable sales found",1,1,"jsx-text","pages/landing/Hero.tsx"
"High · 87%",1,1,"jsx-text","pages/landing/Hero.tsx"
"Pax · Drafted reply",1,1,"jsx-text","pages/landing/Hero.tsx"
"To: Janet Ruiz · Coconino County",1,1,"jsx-text","pages/landing/Hero.tsx"
"Janet:",1,1,"jsx-text","pages/landing/Hero.tsx"
"Pax draft:",1,1,"jsx-text","pages/landing/Hero.tsx"
"Send as-is",1,1,"jsx-text","pages/landing/Hero.tsx"
"Why this price?",1,1,"jsx-text","pages/landing/Hero.tsx"
"Pax · Note serviced",1,1,"jsx-text","pages/landing/Hero.tsx"
"Note #2204-A",1,1,"jsx-text","pages/landing/Hero.tsx"
"Payment received",1,1,"jsx-text","pages/landing/Hero.tsx"
"Receipt sent",1,1,"jsx-text","pages/landing/Hero.tsx"
"2 min ago",1,1,"jsx-text","pages/landing/Hero.tsx"
"Jun 1",1,1,"jsx-text","pages/landing/Hero.tsx"
"Most popular",1,1,"jsx-text","pages/landing/Pricing.tsx"
"AcreOS — The Operating System for Property Investors",1,1,"prop:title","pages/landing.tsx"
"AcreOS is the operating system for property investors — land flippers, note investors, fix-and-flippers, wholesalers, subdividers, tax-delinquent buyers, and buy-and-hold landlords. Pull lists, run comps, send mail, draft replies, and track every deal through closing with AI agents that act on your behalf.",1,1,"prop:description","pages/landing.tsx"
"The URL is missing a valid lead ID.",1,1,"prop:description","pages/lead-detail.tsx"
"This lead doesn",1,1,"prop:description","pages/lead-detail.tsx"
"Lead dedupe",1,1,"prop:title","pages/leads-dedupe.tsx"
"No duplicates found",1,1,"prop:title","pages/leads-dedupe.tsx"
"Lead Dedupe",1,1,"prop:label","pages/leads-dedupe.tsx"
"Same owner, multiple lists. Pick the record you want to keep in each cluster — the others archive and their status, notes, and activity fold in.",1,1,"prop:description","pages/leads-dedupe.tsx"
"The dedupe scanner didn",1,1,"prop:description","pages/leads-dedupe.tsx"
"Your lead list is clean — no matching phone, email, or name+address clusters detected.",1,1,"prop:description","pages/leads-dedupe.tsx"
"Rescoring...",1,1,"jsx-text","pages/leads.tsx"
"Rescore",1,1,"jsx-text","pages/leads.tsx"
"= 60 && (l.score ?? 0)",1,1,"jsx-text","pages/leads.tsx"
"= 40 && (l.score ?? 0)",1,1,"jsx-text","pages/leads.tsx"
"(l.score ?? 0)",1,1,"jsx-text","pages/leads.tsx"
"A tier",1,1,"jsx-text","pages/leads.tsx"
"B tier",1,1,"jsx-text","pages/leads.tsx"
"C tier",1,1,"jsx-text","pages/leads.tsx"
"D tier",1,1,"jsx-text","pages/leads.tsx"
"All Leads",1,1,"jsx-text","pages/leads.tsx"
"Add Note / View Timeline",1,1,"jsx-text","pages/leads.tsx"
"Select all",1,1,"jsx-text","pages/leads.tsx"
"Edit Lead",1,1,"jsx-text","pages/leads.tsx"
"Generate Offer Letter",1,1,"jsx-text","pages/leads.tsx"
"Offer amount (optional)",1,1,"jsx-text","pages/leads.tsx"
"Leave blank to use 30% of assessed value",1,1,"jsx-text","pages/leads.tsx"
"Generating...",1,1,"jsx-text","pages/leads.tsx"
"Generate PDF",1,1,"jsx-text","pages/leads.tsx"
"Import leads from CSV",1,1,"jsx-text","pages/leads.tsx"
"Found",1,1,"jsx-text","pages/leads.tsx"
"rows to import.",1,1,"jsx-text","pages/leads.tsx"
"Total rows",1,1,"jsx-text","pages/leads.tsx"
"Importing…",1,1,"jsx-text","pages/leads.tsx"
"Import",1,1,"jsx-text","pages/leads.tsx"
"Loading score breakdown…",1,1,"jsx-text","pages/leads.tsx"
"Failed to load leads",1,1,"prop:title","pages/leads.tsx"
"Discard unsaved changes?",1,1,"prop:title","pages/leads.tsx"
"Delete Lead",1,1,"prop:title","pages/leads.tsx"
"Choose a property…",1,1,"prop:placeholder","pages/leads.tsx"
"Enter offer amount…",1,1,"prop:placeholder","pages/leads.tsx"
"Doe",1,1,"prop:placeholder","pages/leads.tsx"
"New lease",1,1,"jsx-text","pages/leases.tsx"
"Tie to an existing property. Add tenants to the lease after it's created.",1,1,"jsx-text","pages/leases.tsx"
"Unit label",1,1,"jsx-text","pages/leases.tsx"
"Start date *",1,1,"jsx-text","pages/leases.tsx"
"End date",1,1,"jsx-text","pages/leases.tsx"
"Monthly rent ($) *",1,1,"jsx-text","pages/leases.tsx"
"Security deposit ($)",1,1,"jsx-text","pages/leases.tsx"
"HAP portion ($)",1,1,"jsx-text","pages/leases.tsx"
"Tenant portion ($)",1,1,"jsx-text","pages/leases.tsx"
"Create lease",1,1,"jsx-text","pages/leases.tsx"
"Property / Unit",1,1,"jsx-text","pages/leases.tsx"
"Start",1,1,"jsx-text","pages/leases.tsx"
"End",1,1,"jsx-text","pages/leases.tsx"
"Rent",1,1,"jsx-text","pages/leases.tsx"
"Sec 8",1,1,"jsx-text","pages/leases.tsx"
"Leases",1,1,"prop:label","pages/leases.tsx"
"Back to letters",1,1,"jsx-text","pages/letter-detail.tsx"
"Get the next one",1,1,"jsx-text","pages/letter-detail.tsx"
"Sign up free",1,1,"jsx-text","pages/letters-archive.tsx"
"Letters",1,1,"jsx-text","pages/letters-archive.tsx"
"No letters published yet. Check back soon.",1,1,"jsx-text","pages/letters-archive.tsx"
"Want this in your inbox?",1,1,"jsx-text","pages/letters-archive.tsx"
"Published listings",1,1,"jsx-text","pages/listing-syndication.tsx"
"Pending sync",1,1,"jsx-text","pages/listing-syndication.tsx"
"No syndication channels",1,1,"prop:title","pages/listing-syndication.tsx"
"Connect MLS feeds, listing portals, or marketplaces to push your listings everywhere at once.",1,1,"prop:description","pages/listing-syndication.tsx"
"Manage property listings and syndication",1,1,"jsx-text","pages/listings.tsx"
"Create new listing",1,1,"jsx-text","pages/listings.tsx"
"Listing title",1,1,"jsx-text","pages/listings.tsx"
"Asking price",1,1,"jsx-text","pages/listings.tsx"
"Minimum price (optional)",1,1,"jsx-text","pages/listings.tsx"
"Seller financing available",1,1,"jsx-text","pages/listings.tsx"
"Min down payment %",1,1,"jsx-text","pages/listings.tsx"
"Term (months)",1,1,"jsx-text","pages/listings.tsx"
"12 months",1,1,"jsx-text","pages/listings.tsx"
"24 months",1,1,"jsx-text","pages/listings.tsx"
"36 months",1,1,"jsx-text","pages/listings.tsx"
"48 months",1,1,"jsx-text","pages/listings.tsx"
"60 months",1,1,"jsx-text","pages/listings.tsx"
"84 months",1,1,"jsx-text","pages/listings.tsx"
"120 months",1,1,"jsx-text","pages/listings.tsx"
"Min monthly payment",1,1,"jsx-text","pages/listings.tsx"
"Photo URL (optional)",1,1,"jsx-text","pages/listings.tsx"
"Grid view",1,1,"jsx-text","pages/listings.tsx"
"Detail view",1,1,"jsx-text","pages/listings.tsx"
"Syndication:",1,1,"jsx-text","pages/listings.tsx"
"Publish listing",1,1,"jsx-text","pages/listings.tsx"
"needs API key",1,1,"jsx-text","pages/listings.tsx"
"Duplicate suppressed",1,1,"jsx-text","pages/listings.tsx"
"Payment calculator",1,1,"jsx-text","pages/listings.tsx"
"e.g., Beautiful 5-acre wooded lot",1,1,"prop:placeholder","pages/listings.tsx"
"Describe the property…",1,1,"prop:placeholder","pages/listings.tsx"
"Select term",1,1,"prop:placeholder","pages/listings.tsx"
"https://example.com/photo.jpg",1,1,"prop:placeholder","pages/listings.tsx"
"Create your first property listing to start marketing.",1,1,"prop:description","pages/listings.tsx"
"This permanently removes the listing and any pending syndications. Inquiry history is preserved on the underlying property.",1,1,"prop:description","pages/listings.tsx"
"This pulls the listing from every active syndication target. View counts and inquiries to date are preserved; you can re-publish later.",1,1,"prop:description","pages/listings.tsx"
"/lot-pricing?parcelId=&lt;id&gt;",1,1,"jsx-text","pages/lot-pricing.tsx"
"Premium rules",1,1,"jsx-text","pages/lot-pricing.tsx"
"Ruleset name",1,1,"jsx-text","pages/lot-pricing.tsx"
"Base price source",1,1,"jsx-text","pages/lot-pricing.tsx"
"Parent value / acre",1,1,"jsx-text","pages/lot-pricing.tsx"
"Fixed $/acre",1,1,"jsx-text","pages/lot-pricing.tsx"
"Fixed $ per acre (cents)",1,1,"jsx-text","pages/lot-pricing.tsx"
"Attribute",1,1,"jsx-text","pages/lot-pricing.tsx"
"Operator",1,1,"jsx-text","pages/lot-pricing.tsx"
"&gt;",1,1,"jsx-text","pages/lot-pricing.tsx"
"&lt;",1,1,"jsx-text","pages/lot-pricing.tsx"
"Premium %",1,1,"jsx-text","pages/lot-pricing.tsx"
"Save rules",1,1,"jsx-text","pages/lot-pricing.tsx"
"Proposed asking-price grid",1,1,"jsx-text","pages/lot-pricing.tsx"
"Base",1,1,"jsx-text","pages/lot-pricing.tsx"
"Matched",1,1,"jsx-text","pages/lot-pricing.tsx"
"Asking",1,1,"jsx-text","pages/lot-pricing.tsx"
"0 ? ""text-acr-pos"" : g.premiumPct",1,1,"jsx-text","pages/lot-pricing.tsx"
"3500000 = $35,000/acre",1,1,"prop:placeholder","pages/lot-pricing.tsx"
"New maintenance ticket",1,1,"jsx-text","pages/maintenance.tsx"
"Title *",1,1,"jsx-text","pages/maintenance.tsx"
"Create ticket",1,1,"jsx-text","pages/maintenance.tsx"
"Age",1,1,"jsx-text","pages/maintenance.tsx"
"Invoice",1,1,"jsx-text","pages/maintenance.tsx"
"No hot water",1,1,"prop:placeholder","pages/maintenance.tsx"
"Dispatch…",1,1,"prop:placeholder","pages/maintenance.tsx"
"Maintenance",1,1,"prop:label","pages/maintenance.tsx"
"Property Intelligence",1,1,"jsx-text","pages/maps.tsx"
"Terrain & Physical",1,1,"jsx-text","pages/maps.tsx"
"Utilities & Access",1,1,"jsx-text","pages/maps.tsx"
"Zoning & Financials",1,1,"jsx-text","pages/maps.tsx"
"Recent Comps",1,1,"jsx-text","pages/maps.tsx"
"Quick Actions",1,1,"jsx-text","pages/maps.tsx"
"= 10000 || acres",1,1,"jsx-text","pages/maps.tsx"
"Use my location",1,1,"jsx-text","pages/maps.tsx"
"Locate",1,1,"jsx-text","pages/maps.tsx"
"Map filter controls",1,1,"jsx-text","pages/maps.tsx"
"Property status",1,1,"jsx-text","pages/maps.tsx"
"Buyer-demand heatmap",1,1,"jsx-text","pages/maps.tsx"
"Inquiry density by area.",1,1,"jsx-text","pages/maps.tsx"
"ML price prediction",1,1,"jsx-text","pages/maps.tsx"
"Green = above avg, red = below.",1,1,"jsx-text","pages/maps.tsx"
"Loading property intelligence…",1,1,"jsx-text","pages/maps.tsx"
"No parcel coordinates yet",1,1,"jsx-text","pages/maps.tsx"
"Fetch boundaries",1,1,"jsx-text","pages/maps.tsx"
"Opportunity",1,1,"prop:label","pages/maps.tsx"
"Solar",1,1,"prop:label","pages/maps.tsx"
"Soil",1,1,"prop:label","pages/maps.tsx"
"Flood Safe",1,1,"prop:label","pages/maps.tsx"
"Avg Slope Grade",1,1,"prop:label","pages/maps.tsx"
"Slope Aspect",1,1,"prop:label","pages/maps.tsx"
"Solar Irradiance",1,1,"prop:label","pages/maps.tsx"
"Soil Quality",1,1,"prop:label","pages/maps.tsx"
"Maps",1,1,"prop:label","pages/maps.tsx"
"Owned",1,1,"prop:label","pages/maps.tsx"
"Loading market data…",1,1,"jsx-text","pages/market-data.tsx"
"No market data available yet. Check back soon.",1,1,"jsx-text","pages/market-data.tsx"
"avg $/acre",1,1,"jsx-text","pages/market-data.tsx"
"Top appreciating counties:",1,1,"jsx-text","pages/market-data.tsx"
"= 70) return",1,1,"jsx-text","pages/market-intelligence.tsx"
"Enter a county and state to analyze market conditions.",1,1,"jsx-text","pages/market-intelligence.tsx"
"Price trends",1,1,"jsx-text","pages/market-intelligence.tsx"
"Growth factors",1,1,"jsx-text","pages/market-intelligence.tsx"
"Investment radar",1,1,"jsx-text","pages/market-intelligence.tsx"
"Comparison",1,1,"jsx-text","pages/market-intelligence.tsx"
"Investment grade",1,1,"jsx-text","pages/market-intelligence.tsx"
"Market health",1,1,"jsx-text","pages/market-intelligence.tsx"
"Avg price per acre",1,1,"jsx-text","pages/market-intelligence.tsx"
"YoY change",1,1,"jsx-text","pages/market-intelligence.tsx"
"Key insights",1,1,"jsx-text","pages/market-intelligence.tsx"
"Price per acre — 12-month trend",1,1,"jsx-text","pages/market-intelligence.tsx"
"No price history available.",1,1,"jsx-text","pages/market-intelligence.tsx"
"Growth factor scores",1,1,"jsx-text","pages/market-intelligence.tsx"
"No growth data available.",1,1,"jsx-text","pages/market-intelligence.tsx"
"Leading indicators",1,1,"jsx-text","pages/market-intelligence.tsx"
"YoY",1,1,"jsx-text","pages/market-intelligence.tsx"
"Watch county",1,1,"jsx-text","pages/market-watchlist.tsx"
"Add county to watchlist",1,1,"jsx-text","pages/market-watchlist.tsx"
"Loading watchlist…",1,1,"jsx-text","pages/market-watchlist.tsx"
"No counties on your watchlist yet.",1,1,"jsx-text","pages/market-watchlist.tsx"
"Tax delinq.",1,1,"jsx-text","pages/market-watchlist.tsx"
"Push",1,1,"jsx-text","pages/market-watchlist.tsx"
"No alerts yet. Watch counties to receive market alerts.",1,1,"jsx-text","pages/market-watchlist.tsx"
"Market watchlist",1,1,"prop:label","pages/market-watchlist.tsx"
"Transaction volume, fees, and performance insights.",1,1,"jsx-text","pages/marketplace-analytics.tsx"
"Volume &amp; fees",1,1,"jsx-text","pages/marketplace-analytics.tsx"
"Listing performance",1,1,"jsx-text","pages/marketplace-analytics.tsx"
"Investor reputation",1,1,"jsx-text","pages/marketplace-analytics.tsx"
"Seller analytics",1,1,"jsx-text","pages/marketplace-analytics.tsx"
"Monthly transaction volume",1,1,"jsx-text","pages/marketplace-analytics.tsx"
"Fees collected",1,1,"jsx-text","pages/marketplace-analytics.tsx"
"Close rate by month",1,1,"jsx-text","pages/marketplace-analytics.tsx"
"Days-to-close velocity",1,1,"jsx-text","pages/marketplace-analytics.tsx"
"Listing",1,1,"jsx-text","pages/marketplace-analytics.tsx"
"Avg bid",1,1,"jsx-text","pages/marketplace-analytics.tsx"
"Days active",1,1,"jsx-text","pages/marketplace-analytics.tsx"
"Investor reputation scores",1,1,"jsx-text","pages/marketplace-analytics.tsx"
"Rating",1,1,"jsx-text","pages/marketplace-analytics.tsx"
"Reputation",1,1,"jsx-text","pages/marketplace-analytics.tsx"
"My listings performance",1,1,"jsx-text","pages/marketplace-analytics.tsx"
"Total listings",1,1,"jsx-text","pages/marketplace-analytics.tsx"
"My buyer activity",1,1,"jsx-text","pages/marketplace-analytics.tsx"
"Bids placed",1,1,"jsx-text","pages/marketplace-analytics.tsx"
"Property matches",1,1,"jsx-text","pages/marketplace-analytics.tsx"
"Bid win rate",1,1,"jsx-text","pages/marketplace-analytics.tsx"
"Property Highlights",1,1,"jsx-text","pages/marketplace.tsx"
"Bid Amount",1,1,"jsx-text","pages/marketplace.tsx"
"Message to seller (optional)",1,1,"jsx-text","pages/marketplace.tsx"
"No bids yet on this listing.",1,1,"jsx-text","pages/marketplace.tsx"
"Bid expired",1,1,"jsx-text","pages/marketplace.tsx"
"Email alerts",1,1,"jsx-text","pages/marketplace.tsx"
"Buy and sell land deals directly with verified investors.",1,1,"jsx-text","pages/marketplace.tsx"
"Browse deals",1,1,"jsx-text","pages/marketplace.tsx"
"Filter marketplace listings",1,1,"jsx-text","pages/marketplace.tsx"
"Min price",1,1,"jsx-text","pages/marketplace.tsx"
"Max price",1,1,"jsx-text","pages/marketplace.tsx"
"Listing type",1,1,"jsx-text","pages/marketplace.tsx"
"Sort by",1,1,"jsx-text","pages/marketplace.tsx"
"Newest",1,1,"jsx-text","pages/marketplace.tsx"
"Price: low to high",1,1,"jsx-text","pages/marketplace.tsx"
"Price: high to low",1,1,"jsx-text","pages/marketplace.tsx"
"Most activity",1,1,"jsx-text","pages/marketplace.tsx"
"Min acres",1,1,"jsx-text","pages/marketplace.tsx"
"Max acres",1,1,"jsx-text","pages/marketplace.tsx"
"Unzoned",1,1,"jsx-text","pages/marketplace.tsx"
"Timber",1,1,"jsx-text","pages/marketplace.tsx"
"Farmland",1,1,"jsx-text","pages/marketplace.tsx"
"Hunting land",1,1,"jsx-text","pages/marketplace.tsx"
"Waterfront",1,1,"jsx-text","pages/marketplace.tsx"
"Rural residential",1,1,"jsx-text","pages/marketplace.tsx"
"No listings match your filters",1,1,"jsx-text","pages/marketplace.tsx"
"Try adjusting the price range, state, or listing type",1,1,"jsx-text","pages/marketplace.tsx"
"Post a deal to connect with buyers in the AcreOS network",1,1,"jsx-text","pages/marketplace.tsx"
"Days Listed",1,1,"jsx-text","pages/marketplace.tsx"
"No bids placed yet",1,1,"jsx-text","pages/marketplace.tsx"
"Browse available deals and place your first bid",1,1,"jsx-text","pages/marketplace.tsx"
"Listing Price",1,1,"jsx-text","pages/marketplace.tsx"
"My Bid",1,1,"jsx-text","pages/marketplace.tsx"
"Post a Deal",1,1,"jsx-text","pages/marketplace.tsx"
"Listing Type",1,1,"jsx-text","pages/marketplace.tsx"
"Partnership / JV",1,1,"jsx-text","pages/marketplace.tsx"
"Description &amp; highlights (optional)",1,1,"jsx-text","pages/marketplace.tsx"
"Copy shareable link",1,1,"prop:title","pages/marketplace.tsx"
"Remove this listing?",1,1,"prop:title","pages/marketplace.tsx"
"Tell the seller about yourself, your timeline, or any special terms…",1,1,"prop:placeholder","pages/marketplace.tsx"
"Describe the property, deal terms, access, utilities, or any special conditions…",1,1,"prop:placeholder","pages/marketplace.tsx"
"Active matches",1,1,"jsx-text","pages/matching-engine.tsx"
"Run matching",1,1,"jsx-text","pages/matching-engine.tsx"
"Find buyer matches for a specific property or run matches for a buyer.",1,1,"jsx-text","pages/matching-engine.tsx"
"No active matches yet. Run the matching engine to get started.",1,1,"jsx-text","pages/matching-engine.tsx"
"Top matches",1,1,"jsx-text","pages/matching-engine.tsx"
"Deal probability",1,1,"jsx-text","pages/matching-engine.tsx"
"Accessed:",1,1,"jsx-text","pages/memory-browser.tsx"
"Decay:",1,1,"jsx-text","pages/memory-browser.tsx"
"Created:",1,1,"jsx-text","pages/memory-browser.tsx"
"Last accessed:",1,1,"jsx-text","pages/memory-browser.tsx"
"Search memories",1,1,"jsx-text","pages/memory-browser.tsx"
"Episodic",1,1,"jsx-text","pages/memory-browser.tsx"
"Semantic",1,1,"jsx-text","pages/memory-browser.tsx"
"Working",1,1,"jsx-text","pages/memory-browser.tsx"
"Searching memories…",1,1,"jsx-text","pages/memory-browser.tsx"
"Search memories…",1,1,"prop:placeholder","pages/memory-browser.tsx"
"AcreOS valuation model",1,1,"jsx-text","pages/model-training.tsx"
"Training data, model accuracy, and prediction insights.",1,1,"jsx-text","pages/model-training.tsx"
"Training records",1,1,"jsx-text","pages/model-training.tsx"
"Predictions made",1,1,"jsx-text","pages/model-training.tsx"
"Overall accuracy (MAPE)",1,1,"jsx-text","pages/model-training.tsx"
"Training data completeness",1,1,"jsx-text","pages/model-training.tsx"
"Training data",1,1,"jsx-text","pages/model-training.tsx"
"Recent predictions",1,1,"jsx-text","pages/model-training.tsx"
"Loading training data…",1,1,"jsx-text","pages/model-training.tsx"
"Transactions by state (top 10)",1,1,"jsx-text","pages/model-training.tsx"
"Recent training records",1,1,"jsx-text","pages/model-training.tsx"
"No training data yet. Close deals to automatically build the valuation model.",1,1,"jsx-text","pages/model-training.tsx"
"Each closed deal with a sale price becomes a training record.",1,1,"jsx-text","pages/model-training.tsx"
"No predictions yet. Use the AVM tool on any property to generate valuations.",1,1,"jsx-text","pages/model-training.tsx"
"Predicted value",1,1,"jsx-text","pages/model-training.tsx"
"State coverage",1,1,"jsx-text","pages/model-training.tsx"
"States with transaction data for model training.",1,1,"jsx-text","pages/model-training.tsx"
"No state data available yet.",1,1,"jsx-text","pages/model-training.tsx"
"Model training",1,1,"prop:label","pages/model-training.tsx"
"Loading money view…",1,1,"jsx-text","pages/money.tsx"
"Optimizer",1,1,"jsx-text","pages/money.tsx"
"Capital",1,1,"jsx-text","pages/money.tsx"
"last 30 days",1,1,"jsx-text","pages/multi-vertical-pnl.tsx"
"By vertical",1,1,"jsx-text","pages/multi-vertical-pnl.tsx"
"Breakdown across the verticals you operate. Trailing 30-day numbers feed the run-rate above.",1,1,"jsx-text","pages/multi-vertical-pnl.tsx"
"No vertical activity recorded yet.",1,1,"jsx-text","pages/multi-vertical-pnl.tsx"
"Vertical",1,1,"jsx-text","pages/multi-vertical-pnl.tsx"
"Last 30d net",1,1,"jsx-text","pages/multi-vertical-pnl.tsx"
"Monthly W-2 net (USD)",1,1,"jsx-text","pages/multi-vertical-pnl.tsx"
"Assumed monthly growth %",1,1,"jsx-text","pages/multi-vertical-pnl.tsx"
"Loading your monthly letter…",1,1,"jsx-text","pages/my-letter.tsx"
"· opened",1,1,"jsx-text","pages/my-letter.tsx"
"My monthly letter",1,1,"prop:label","pages/my-letter.tsx"
"Your first monthly letter will be generated on the 1st of next month. You can also generate one now from your current business state.",1,1,"prop:description","pages/my-letter.tsx"
"0.3) return",1,1,"jsx-text","pages/negotiation-copilot.tsx"
"Move history",1,1,"jsx-text","pages/negotiation-copilot.tsx"
"Data citations:",1,1,"jsx-text","pages/negotiation-copilot.tsx"
"Learning loop active",1,1,"jsx-text","pages/negotiation-copilot.tsx"
"— strategy effectiveness is being tracked and will improve recommendations over time.",1,1,"jsx-text","pages/negotiation-copilot.tsx"
"— Best Alternative to Negotiated Agreement",1,1,"jsx-text","pages/negotiation-copilot.tsx"
"BATNA inputs",1,1,"jsx-text","pages/negotiation-copilot.tsx"
"Deal viability",1,1,"jsx-text","pages/negotiation-copilot.tsx"
"Max allowable offer",1,1,"jsx-text","pages/negotiation-copilot.tsx"
"your BATNA walkaway",1,1,"jsx-text","pages/negotiation-copilot.tsx"
"Midpoint",1,1,"jsx-text","pages/negotiation-copilot.tsx"
"0.3 ? 15 : sentiment.score",1,1,"jsx-text","pages/negotiation-copilot.tsx"
"Urgency signals",1,1,"jsx-text","pages/negotiation-copilot.tsx"
"Motivation cues",1,1,"jsx-text","pages/negotiation-copilot.tsx"
"Hesitation signs",1,1,"jsx-text","pages/negotiation-copilot.tsx"
"Active session",1,1,"jsx-text","pages/negotiation-copilot.tsx"
"BATNA calculator",1,1,"jsx-text","pages/negotiation-copilot.tsx"
"Deal history",1,1,"jsx-text","pages/negotiation-copilot.tsx"
"Strategy analytics",1,1,"jsx-text","pages/negotiation-copilot.tsx"
"Session replay",1,1,"jsx-text","pages/negotiation-copilot.tsx"
"Start negotiation session",1,1,"jsx-text","pages/negotiation-copilot.tsx"
"Enter your deal ID to begin AI-assisted negotiation tracking.",1,1,"jsx-text","pages/negotiation-copilot.tsx"
"Analyze seller message",1,1,"jsx-text","pages/negotiation-copilot.tsx"
"Paste the seller's latest message for AI analysis.",1,1,"jsx-text","pages/negotiation-copilot.tsx"
"Seller message",1,1,"jsx-text","pages/negotiation-copilot.tsx"
"Sentiment analysis",1,1,"jsx-text","pages/negotiation-copilot.tsx"
"Detected objection",1,1,"jsx-text","pages/negotiation-copilot.tsx"
"Suggested responses:",1,1,"jsx-text","pages/negotiation-copilot.tsx"
"Recommended strategy",1,1,"jsx-text","pages/negotiation-copilot.tsx"
"Suggested counter offer",1,1,"jsx-text","pages/negotiation-copilot.tsx"
"Generated response",1,1,"jsx-text","pages/negotiation-copilot.tsx"
"Loading sessions…",1,1,"jsx-text","pages/negotiation-copilot.tsx"
"Session #",1,1,"jsx-text","pages/negotiation-copilot.tsx"
"No sessions found for deal #",1,1,"jsx-text","pages/negotiation-copilot.tsx"
"Enter a deal ID to see negotiation history.",1,1,"jsx-text","pages/negotiation-copilot.tsx"
"Full move history with AI reasoning for the current session.",1,1,"jsx-text","pages/negotiation-copilot.tsx"
"Start a session and make moves to see replay here.",1,1,"jsx-text","pages/negotiation-copilot.tsx"
"Strategy effectiveness comparison across all sessions.",1,1,"jsx-text","pages/negotiation-copilot.tsx"
"vs. objection",1,1,"jsx-text","pages/negotiation-copilot.tsx"
"Win rate",1,1,"jsx-text","pages/negotiation-copilot.tsx"
"Bar",1,1,"jsx-text","pages/negotiation-copilot.tsx"
"Strategy effectiveness by objection type",1,1,"jsx-text","pages/negotiation-copilot.tsx"
"Success rate analysis across all closed negotiation sessions.",1,1,"jsx-text","pages/negotiation-copilot.tsx"
"No effectiveness data yet — complete negotiation sessions to see analytics.",1,1,"jsx-text","pages/negotiation-copilot.tsx"
"Paste seller message here…",1,1,"prop:placeholder","pages/negotiation-copilot.tsx"
"Move history and analysis are preserved on the session record — you can resume it later from Deal history. The session itself stays open until you explicitly close it on the deal.",1,1,"prop:description","pages/negotiation-copilot.tsx"
"Tonight's income",1,1,"jsx-text","pages/night-cap.tsx"
"Pipeline heat",1,1,"jsx-text","pages/night-cap.tsx"
"No active deals in pipeline.",1,1,"jsx-text","pages/night-cap.tsx"
"Campaign pulse",1,1,"jsx-text","pages/night-cap.tsx"
"No campaign activity today — consider sending tomorrow.",1,1,"jsx-text","pages/night-cap.tsx"
"AcreScore™ today",1,1,"jsx-text","pages/night-cap.tsx"
"No leads scored today yet.",1,1,"jsx-text","pages/night-cap.tsx"
"Win of the day",1,1,"jsx-text","pages/night-cap.tsx"
"No deals closed today — yet.",1,1,"jsx-text","pages/night-cap.tsx"
"Keep the pipeline moving. Tomorrow could be the day.",1,1,"jsx-text","pages/night-cap.tsx"
"Tomorrow's one thing",1,1,"jsx-text","pages/night-cap.tsx"
"Diligence checklist",1,1,"jsx-text","pages/note-acquisition-detail.tsx"
"Ready to promote",1,1,"jsx-text","pages/note-acquisition-detail.tsx"
"Promote to servicing book",1,1,"jsx-text","pages/note-acquisition-detail.tsx"
"Note number *",1,1,"jsx-text","pages/note-acquisition-detail.tsx"
"Offer rationale, seller comments, contingencies…",1,1,"prop:placeholder","pages/note-acquisition-detail.tsx"
"HEND-2026-001",1,1,"prop:placeholder","pages/note-acquisition-detail.tsx"
"BPO value",1,1,"prop:label","pages/note-acquisition-detail.tsx"
"Original face *",1,1,"prop:label","pages/note-acquisition-detail.tsx"
"Acquisition price *",1,1,"prop:label","pages/note-acquisition-detail.tsx"
"Current balance *",1,1,"prop:label","pages/note-acquisition-detail.tsx"
"Term (months) *",1,1,"prop:label","pages/note-acquisition-detail.tsx"
"Due day (1-31)",1,1,"prop:label","pages/note-acquisition-detail.tsx"
"Origination *",1,1,"prop:label","pages/note-acquisition-detail.tsx"
"Maturity *",1,1,"prop:label","pages/note-acquisition-detail.tsx"
"Acquired *",1,1,"prop:label","pages/note-acquisition-detail.tsx"
"The URL is missing a valid ID.",1,1,"prop:description","pages/note-acquisition-detail.tsx"
"It may have been deleted or you don",1,1,"prop:description","pages/note-acquisition-detail.tsx"
"Servicing snapshot",1,1,"jsx-text","pages/note-detail.tsx"
"Payment ledger",1,1,"jsx-text","pages/note-detail.tsx"
"· Assignment paperwork on file",1,1,"jsx-text","pages/note-detail.tsx"
"Unapplied",1,1,"jsx-text","pages/note-detail.tsx"
"Acquisition price",1,1,"prop:label","pages/note-detail.tsx"
"Original face value",1,1,"prop:label","pages/note-detail.tsx"
"Principal reduced",1,1,"prop:label","pages/note-detail.tsx"
"Maturity",1,1,"prop:label","pages/note-detail.tsx"
"The URL is missing a valid note ID.",1,1,"prop:description","pages/note-detail.tsx"
"This note may have been deleted or you don",1,1,"prop:description","pages/note-detail.tsx"
"Drop your tape CSV here or click to browse",1,1,"jsx-text","pages/notes-import.tsx"
"What you'll get:",1,1,"jsx-text","pages/notes-import.tsx"
"stage='sourcing'",1,1,"jsx-text","pages/notes-import.tsx"
"Source label (default)",1,1,"jsx-text","pages/notes-import.tsx"
"Map your columns",1,1,"jsx-text","pages/notes-import.tsx"
"Creating acquisitions…",1,1,"jsx-text","pages/notes-import.tsx"
"Tape imported",1,1,"jsx-text","pages/notes-import.tsx"
"No rows parsed",1,1,"prop:title","pages/notes-import.tsx"
"NoteTrader / Paperstac / broker name",1,1,"prop:placeholder","pages/notes-import.tsx"
"Fund I / Bridge / JV-Henderson",1,1,"prop:placeholder","pages/notes-import.tsx"
"The file uploaded but no data rows were found. Confirm the file has a header row plus at least one record.",1,1,"prop:description","pages/notes-import.tsx"
"/notes",1,1,"jsx-text","pages/notes-pipeline.tsx"
"New acquisition",1,1,"jsx-text","pages/notes-pipeline.tsx"
"Borrower / payer name *",1,1,"jsx-text","pages/notes-pipeline.tsx"
"Sourced from",1,1,"jsx-text","pages/notes-pipeline.tsx"
"No acquisitions in flight",1,1,"prop:title","pages/notes-pipeline.tsx"
"Henderson, J.",1,1,"prop:placeholder","pages/notes-pipeline.tsx"
"Note broker / individual / tape",1,1,"prop:placeholder","pages/notes-pipeline.tsx"
"Face",1,1,"prop:label","pages/notes-pipeline.tsx"
"From",1,1,"prop:label","pages/notes-pipeline.tsx"
"When you",1,1,"prop:description","pages/notes-pipeline.tsx"
"1099-INT readiness",1,1,"jsx-text","pages/notes-tax-readiness.tsx"
"Tax identity blockers — fix before generating",1,1,"jsx-text","pages/notes-tax-readiness.tsx"
"Eligible recipients",1,1,"jsx-text","pages/notes-tax-readiness.tsx"
"Generate 1099-INT batch",1,1,"jsx-text","pages/notes-tax-readiness.tsx"
"Box 1 — Interest",1,1,"jsx-text","pages/notes-tax-readiness.tsx"
"Box 10 — Market discount",1,1,"jsx-text","pages/notes-tax-readiness.tsx"
"Generate statements",1,1,"jsx-text","pages/notes-tax-readiness.tsx"
"Note interest",1,1,"jsx-text","pages/notes-tax-readiness.tsx"
"LP bps",1,1,"jsx-text","pages/notes-tax-readiness.tsx"
"Download:",1,1,"jsx-text","pages/notes-tax-readiness.tsx"
"Compliance watch",1,1,"jsx-text","pages/notes-tax-readiness.tsx"
"All policies current.",1,1,"jsx-text","pages/notes-tax-readiness.tsx"
"No upcoming disbursements.",1,1,"jsx-text","pages/notes-tax-readiness.tsx"
"Tax readiness",1,1,"prop:label","pages/notes-tax-readiness.tsx"
"1096 transmittal summary",1,1,"prop:label","pages/notes-tax-readiness.tsx"
"IRS FIRE file (Pub 1220)",1,1,"prop:label","pages/notes-tax-readiness.tsx"
"Either no interest was recorded for the year or every borrower fell below the IRS reporting threshold. Either way, no 1099-INT batch is required.",1,1,"prop:description","pages/notes-tax-readiness.tsx"
"Note #",1,1,"jsx-text","pages/notes.tsx"
"Payer",1,1,"jsx-text","pages/notes.tsx"
"Next payment",1,1,"jsx-text","pages/notes.tsx"
"Acquired notes",1,1,"prop:label","pages/notes.tsx"
"Acquired notes you import or add will appear here. Track payer, balance, status, and next-payment in one place.",1,1,"prop:description","pages/notes.tsx"
"of ARV ·",1,1,"jsx-text","pages/offer-batches.tsx"
"No offer batches yet",1,1,"prop:title","pages/offer-batches.tsx"
"Offer Batches",1,1,"prop:label","pages/offer-batches.tsx"
"Accepted",1,1,"prop:label","pages/offer-batches.tsx"
"Bulk-generate purchase offers against a pricing matrix and a lead list. Each batch computes per-parcel offer amounts, optionally with seller-financing terms, and produces a stack of draft offer records ready to send.",1,1,"prop:description","pages/offer-batches.tsx"
"Create batches via POST /api/offers/batch with a pricing matrix and a parcel list. A guided create-batch dialog is on the roadmap — for now, the server-side flow is the quickest path.",1,1,"prop:description","pages/offer-batches.tsx"
"Offer letters",1,1,"jsx-text","pages/offers.tsx"
"Property / lead",1,1,"jsx-text","pages/offers.tsx"
"Sent date",1,1,"jsx-text","pages/offers.tsx"
"Target % of assessed value",1,1,"jsx-text","pages/offers.tsx"
"Offer expiration (days)",1,1,"jsx-text","pages/offers.tsx"
"Filter leads by status",1,1,"jsx-text","pages/offers.tsx"
"Negotiating",1,1,"jsx-text","pages/offers.tsx"
"Preview calculation",1,1,"jsx-text","pages/offers.tsx"
"Leads selected",1,1,"jsx-text","pages/offers.tsx"
"Total offers",1,1,"jsx-text","pages/offers.tsx"
"Avg offer",1,1,"jsx-text","pages/offers.tsx"
"Select leads",1,1,"jsx-text","pages/offers.tsx"
"Choose leads to include in the batch",1,1,"jsx-text","pages/offers.tsx"
"No value",1,1,"jsx-text","pages/offers.tsx"
"Offer letter templates",1,1,"jsx-text","pages/offers.tsx"
"Template name",1,1,"jsx-text","pages/offers.tsx"
"Template type",1,1,"jsx-text","pages/offers.tsx"
"Blind offer",1,1,"jsx-text","pages/offers.tsx"
"Follow-up",1,1,"jsx-text","pages/offers.tsx"
"Final offer",1,1,"jsx-text","pages/offers.tsx"
"Letter content",1,1,"jsx-text","pages/offers.tsx"
"No offer letters",1,1,"prop:title","pages/offers.tsx"
"Delete this offer letter?",1,1,"prop:title","pages/offers.tsx"
"Send this offer?",1,1,"prop:title","pages/offers.tsx"
"e.g., Standard blind offer",1,1,"prop:placeholder","pages/offers.tsx"
"Cash offer for your property at {{address}}",1,1,"prop:placeholder","pages/offers.tsx"
"Dear {{owner_name}},&#10;&#10;We are interested in purchasing your property at {{address}} for ${{offer_amount}}…",1,1,"prop:placeholder","pages/offers.tsx"
"Generate batch offers using the calculator or create individual offers.",1,1,"prop:description","pages/offers.tsx"
"Create your first offer letter template to get started.",1,1,"prop:description","pages/offers.tsx"
"Permanently removes this template. Offers already generated from it are not affected — only future generations will be missing this option.",1,1,"prop:description","pages/offers.tsx"
"Permanently removes the selected offer letters. Already-sent recipients still have their copies — this only deletes your records.",1,1,"prop:description","pages/offers.tsx"
"Hot deal",1,1,"jsx-text","pages/onboarding-v2.tsx"
"Motivation score",1,1,"jsx-text","pages/onboarding-v2.tsx"
"Offer price",1,1,"jsx-text","pages/onboarding-v2.tsx"
"Resale value",1,1,"jsx-text","pages/onboarding-v2.tsx"
"Potential profit",1,1,"jsx-text","pages/onboarding-v2.tsx"
"No high-motivation leads found in this county yet.",1,1,"jsx-text","pages/onboarding-v2.tsx"
"Drop your CSV or XLSX file here",1,1,"jsx-text","pages/onboarding-v2.tsx"
"State (2 letter code)",1,1,"jsx-text","pages/onboarding-v2.tsx"
"Autonomous deal machine",1,1,"jsx-text","pages/onboarding-v2.tsx"
"Invite team members",1,1,"jsx-text","pages/onboarding-v2.tsx"
"Send invites",1,1,"jsx-text","pages/onboarding-v2.tsx"
"Welcome to AcreOS",1,1,"jsx-text","pages/onboarding-v2.tsx"
"Pax is ready to help",1,1,"jsx-text","pages/onboarding-v2.tsx"
"Target state",1,1,"jsx-text","pages/onboarding-v2.tsx"
"Target county",1,1,"jsx-text","pages/onboarding-v2.tsx"
"💡 Not sure which county to pick?",1,1,"jsx-text","pages/onboarding-v2.tsx"
"Your autonomous deal partner",1,1,"jsx-text","pages/onboarding-v2.tsx"
"You're all set!",1,1,"jsx-text","pages/onboarding-v2.tsx"
"What to do first",1,1,"jsx-text","pages/onboarding-v2.tsx"
"Enter email addresses (one per line or comma-separated)",1,1,"prop:placeholder","pages/onboarding-v2.tsx"
"e.g., TX",1,1,"prop:placeholder","pages/onboarding-v2.tsx"
"e.g., Hudspeth",1,1,"prop:placeholder","pages/onboarding-v2.tsx"
"We hit a snag searching for deals. Try again or continue to set up later.",1,1,"prop:description","pages/onboarding-v2.tsx"
"No tasks due today.",1,1,"jsx-text","pages/ops-dashboard.tsx"
"No offers expiring soon.",1,1,"jsx-text","pages/ops-dashboard.tsx"
"All leads are current.",1,1,"jsx-text","pages/ops-dashboard.tsx"
"No pipeline data yet.",1,1,"jsx-text","pages/ops-dashboard.tsx"
"Offers expiring this week",1,1,"prop:title","pages/ops-dashboard.tsx"
"Overdue follow-ups",1,1,"prop:title","pages/ops-dashboard.tsx"
"Pipeline health",1,1,"prop:title","pages/ops-dashboard.tsx"
"Saved views",1,1,"jsx-text","pages/outreach/mail/compose.tsx"
"States (2-letter, comma-separated)",1,1,"jsx-text","pages/outreach/mail/compose.tsx"
"Per-piece cost reflects the current router quote.",1,1,"jsx-text","pages/outreach/mail/compose.tsx"
"Response rates are blended across all org campaigns.",1,1,"jsx-text","pages/outreach/mail/compose.tsx"
"Copy",1,1,"jsx-text","pages/outreach/mail/compose.tsx"
"Live cost",1,1,"jsx-text","pages/outreach/mail/compose.tsx"
"Updates as filters + speed change.",1,1,"jsx-text","pages/outreach/mail/compose.tsx"
"Recent-mail overlap",1,1,"jsx-text","pages/outreach/mail/compose.tsx"
"Preview all",1,1,"jsx-text","pages/outreach/mail/compose.tsx"
"TX, OK, NM",1,1,"prop:placeholder","pages/outreach/mail/compose.tsx"
"Hidalgo, Cameron",1,1,"prop:placeholder","pages/outreach/mail/compose.tsx"
"Hi {firstName}, we buy land in {city}…",1,1,"prop:placeholder","pages/outreach/mail/compose.tsx"
"Hidalgo absentees v3",1,1,"prop:placeholder","pages/outreach/mail/compose.tsx"
"Recent spend",1,1,"jsx-text","pages/outreach/mail/credits.tsx"
"Itemized debits — last 30 days.",1,1,"jsx-text","pages/outreach/mail/credits.tsx"
"What costs what",1,1,"jsx-text","pages/outreach/mail/credits.tsx"
"Resets at the start of each calendar month.",1,1,"jsx-text","pages/outreach/mail/credits.tsx"
"One-time credit pack — added on top of your monthly pool.",1,1,"jsx-text","pages/outreach/mail/credits.tsx"
"= b.getWest() && cx",1,1,"jsx-text","pages/outreach/mail/eddm.tsx"
"= b.getSouth() && cy",1,1,"jsx-text","pages/outreach/mail/eddm.tsx"
"Layers",1,1,"jsx-text","pages/outreach/mail/eddm.tsx"
"Household density",1,1,"jsx-text","pages/outreach/mail/eddm.tsx"
"Hidalgo",1,1,"prop:placeholder","pages/outreach/mail/eddm.tsx"
"Printed",1,1,"jsx-text","pages/outreach/mail/in-flight.tsx"
"No campaigns in flight",1,1,"prop:title","pages/outreach/mail/in-flight.tsx"
"Queued sends show up here with per-piece USPS scans, QR scans, and inbound calls. Start a send under Compose.",1,1,"prop:description","pages/outreach/mail/in-flight.tsx"
"Select a shipment to see attribution detail.",1,1,"jsx-text","pages/outreach/mail/results.tsx"
"Funnel",1,1,"jsx-text","pages/outreach/mail/results.tsx"
"From mailbox to closed deal — relative volumes.",1,1,"jsx-text","pages/outreach/mail/results.tsx"
"Response timeline",1,1,"jsx-text","pages/outreach/mail/results.tsx"
"QR scans + inbound calls in the 30 days after send.",1,1,"jsx-text","pages/outreach/mail/results.tsx"
"No response activity yet.",1,1,"jsx-text","pages/outreach/mail/results.tsx"
"Template comparison",1,1,"jsx-text","pages/outreach/mail/results.tsx"
"Response rate per template, last 90 days.",1,1,"jsx-text","pages/outreach/mail/results.tsx"
"No template data yet.",1,1,"jsx-text","pages/outreach/mail/results.tsx"
"Monthly cohort",1,1,"jsx-text","pages/outreach/mail/results.tsx"
"Last 6 months — track if mail performance trends up or down.",1,1,"jsx-text","pages/outreach/mail/results.tsx"
"QR scans",1,1,"jsx-text","pages/outreach/mail/results.tsx"
"Spend",1,1,"jsx-text","pages/outreach/mail/results.tsx"
"No campaigns to analyze yet",1,1,"prop:title","pages/outreach/mail/results.tsx"
"No funnel data yet",1,1,"prop:title","pages/outreach/mail/results.tsx"
"Not enough history yet",1,1,"prop:title","pages/outreach/mail/results.tsx"
"Pick a shipment",1,1,"prop:placeholder","pages/outreach/mail/results.tsx"
"Once a shipment leaves the hold window, this tab unlocks per-campaign attribution — delivery, QR scans, inbound calls, and deal lift.",1,1,"prop:description","pages/outreach/mail/results.tsx"
"Once your campaign ships and recipients start engaging, the sent→delivered→QR→call→deal funnel populates here.",1,1,"prop:description","pages/outreach/mail/results.tsx"
"Once you",1,1,"prop:description","pages/outreach/mail/results.tsx"
"Financial",1,1,"jsx-text","pages/parcel-detail.tsx"
"Land status",1,1,"jsx-text","pages/parcel-detail.tsx"
"Legal description",1,1,"jsx-text","pages/parcel-detail.tsx"
"Confirm land status change",1,1,"jsx-text","pages/parcel-detail.tsx"
"Parcel not found",1,1,"prop:title","pages/parcel-detail.tsx"
"Enrich this parcel",1,1,"prop:title","pages/parcel-detail.tsx"
"Run valuation",1,1,"prop:title","pages/parcel-detail.tsx"
"View comps",1,1,"prop:title","pages/parcel-detail.tsx"
"e.g. Confirmed via BIA realty office records 2026-04-30 — fee patent recorded 1956.",1,1,"prop:placeholder","pages/parcel-detail.tsx"
"Sold price",1,1,"prop:label","pages/parcel-detail.tsx"
"Purchase date",1,1,"prop:label","pages/parcel-detail.tsx"
"The URL is missing a valid parcel ID.",1,1,"prop:description","pages/parcel-detail.tsx"
"The parcel may have been removed or you may not have access. Try again, or return to the properties list.",1,1,"prop:description","pages/parcel-detail.tsx"
"Pull the latest county data, owner info, and characteristics.",1,1,"prop:description","pages/parcel-detail.tsx"
"Get an automated value estimate from the AVM.",1,1,"prop:description","pages/parcel-detail.tsx"
"Calculate a blind offer based on current valuation + your strategy.",1,1,"prop:description","pages/parcel-detail.tsx"
"Waking Pax…",1,1,"jsx-text","pages/pax.tsx"
"· at risk of going cold",1,1,"jsx-text","pages/pax.tsx"
"Upgrade",1,1,"jsx-text","pages/pax.tsx"
"Pax is temporarily unavailable",1,1,"jsx-text","pages/pax.tsx"
"Try asking Pax:",1,1,"jsx-text","pages/pax.tsx"
"Chat",1,1,"jsx-text","pages/pax.tsx"
"Pax AI hub",1,1,"prop:label","pages/pax.tsx"
"Pax was unable to fetch your latest insights. Please try again.",1,1,"prop:description","pages/pax.tsx"
"Permits",1,1,"prop:label","pages/permits.tsx"
"Pipeline funnel",1,1,"jsx-text","pages/pipeline.tsx"
"accepted / in escrow",1,1,"jsx-text","pages/pipeline.tsx"
"14+ days idle",1,1,"jsx-text","pages/pipeline.tsx"
"Board",1,1,"jsx-text","pages/pipeline.tsx"
"Run health scan",1,1,"jsx-text","pages/portfolio-health.tsx"
"Portfolio is healthy.",1,1,"jsx-text","pages/portfolio-health.tsx"
"Supporting analysis for this AI recommendation.",1,1,"jsx-text","pages/portfolio-optimizer.tsx"
"Expected impact",1,1,"jsx-text","pages/portfolio-optimizer.tsx"
"Value change",1,1,"jsx-text","pages/portfolio-optimizer.tsx"
"Cash flow/yr",1,1,"jsx-text","pages/portfolio-optimizer.tsx"
"Risk change",1,1,"jsx-text","pages/portfolio-optimizer.tsx"
"Liquidity",1,1,"jsx-text","pages/portfolio-optimizer.tsx"
"Priority score",1,1,"jsx-text","pages/portfolio-optimizer.tsx"
"3 years",1,1,"jsx-text","pages/portfolio-optimizer.tsx"
"5 years",1,1,"jsx-text","pages/portfolio-optimizer.tsx"
"10 years",1,1,"jsx-text","pages/portfolio-optimizer.tsx"
"20 years",1,1,"jsx-text","pages/portfolio-optimizer.tsx"
"No portfolio holdings found",1,1,"jsx-text","pages/portfolio-optimizer.tsx"
"Add properties with ""owned"" status to run portfolio analysis.",1,1,"jsx-text","pages/portfolio-optimizer.tsx"
"Worst-case loss scenario",1,1,"jsx-text","pages/portfolio-optimizer.tsx"
"Return / max drawdown",1,1,"jsx-text","pages/portfolio-optimizer.tsx"
"Monte Carlo",1,1,"jsx-text","pages/portfolio-optimizer.tsx"
"Efficient Frontier",1,1,"jsx-text","pages/portfolio-optimizer.tsx"
"Stress Test",1,1,"jsx-text","pages/portfolio-optimizer.tsx"
"Capital Stack",1,1,"jsx-text","pages/portfolio-optimizer.tsx"
"AI vs Current",1,1,"jsx-text","pages/portfolio-optimizer.tsx"
"Pessimistic (10th %ile)",1,1,"jsx-text","pages/portfolio-optimizer.tsx"
"Base Case (50th %ile)",1,1,"jsx-text","pages/portfolio-optimizer.tsx"
"Optimistic (90th %ile)",1,1,"jsx-text","pages/portfolio-optimizer.tsx"
"Portfolio Value Distribution Over Time",1,1,"jsx-text","pages/portfolio-optimizer.tsx"
"Value at Risk (95%)",1,1,"jsx-text","pages/portfolio-optimizer.tsx"
"Expected Shortfall",1,1,"jsx-text","pages/portfolio-optimizer.tsx"
"Probability of Loss",1,1,"jsx-text","pages/portfolio-optimizer.tsx"
"No simulation data yet. Run Monte Carlo to see projections.",1,1,"jsx-text","pages/portfolio-optimizer.tsx"
"return/drawdown",1,1,"jsx-text","pages/portfolio-optimizer.tsx"
"By State",1,1,"jsx-text","pages/portfolio-optimizer.tsx"
"By Property Type",1,1,"jsx-text","pages/portfolio-optimizer.tsx"
"By Acreage Range",1,1,"jsx-text","pages/portfolio-optimizer.tsx"
"Diversification Score",1,1,"jsx-text","pages/portfolio-optimizer.tsx"
"100 = perfectly diversified",1,1,"jsx-text","pages/portfolio-optimizer.tsx"
"Run the full analysis to see diversification data.",1,1,"jsx-text","pages/portfolio-optimizer.tsx"
"Loading recommendations…",1,1,"jsx-text","pages/portfolio-optimizer.tsx"
"No pending recommendations. Run the full analysis to generate suggestions.",1,1,"jsx-text","pages/portfolio-optimizer.tsx"
"Capital Stack Visualization",1,1,"jsx-text","pages/portfolio-optimizer.tsx"
"Equity / Mezzanine / Senior Debt layers for your portfolio financing",1,1,"jsx-text","pages/portfolio-optimizer.tsx"
"Highest risk / return",1,1,"jsx-text","pages/portfolio-optimizer.tsx"
"Bridge / mezz debt",1,1,"jsx-text","pages/portfolio-optimizer.tsx"
"Lowest risk / first lien",1,1,"jsx-text","pages/portfolio-optimizer.tsx"
"Note: Capital stack percentages are illustrative based on portfolio leverage assumptions. Adjust in settings.",1,1,"jsx-text","pages/portfolio-optimizer.tsx"
"Performance Attribution",1,1,"jsx-text","pages/portfolio-optimizer.tsx"
"Which properties are driving portfolio returns",1,1,"jsx-text","pages/portfolio-optimizer.tsx"
"Cash Flow/yr",1,1,"jsx-text","pages/portfolio-optimizer.tsx"
"Appreciation",1,1,"jsx-text","pages/portfolio-optimizer.tsx"
"Run full analysis to see performance attribution.",1,1,"jsx-text","pages/portfolio-optimizer.tsx"
"Current vs AI-Optimized Allocation",1,1,"jsx-text","pages/portfolio-optimizer.tsx"
"Side-by-side comparison of your current allocation vs AI recommendations",1,1,"jsx-text","pages/portfolio-optimizer.tsx"
"Run full analysis to see AI-optimized comparison.",1,1,"jsx-text","pages/portfolio-optimizer.tsx"
"Select Stress Scenario",1,1,"jsx-text","pages/portfolio-optimizer.tsx"
"Current Value",1,1,"jsx-text","pages/portfolio-optimizer.tsx"
"Stressed Value",1,1,"jsx-text","pages/portfolio-optimizer.tsx"
"Liquidity Impact",1,1,"jsx-text","pages/portfolio-optimizer.tsx"
"Mitigation Strategies",1,1,"jsx-text","pages/portfolio-optimizer.tsx"
"All Scenarios Comparison",1,1,"jsx-text","pages/portfolio-optimizer.tsx"
"Annual cash flow",1,1,"prop:label","pages/portfolio-optimizer.tsx"
"Avg appreciation",1,1,"prop:label","pages/portfolio-optimizer.tsx"
"Sharpe ratio",1,1,"prop:label","pages/portfolio-optimizer.tsx"
"No P&amp;L data available for",1,1,"jsx-text","pages/portfolio-pnl.tsx"
"Data appears here after properties are sold and deals are closed.",1,1,"jsx-text","pages/portfolio-pnl.tsx"
"Income statement",1,1,"jsx-text","pages/portfolio-pnl.tsx"
"Key metrics",1,1,"jsx-text","pages/portfolio-pnl.tsx"
"Quarterly breakdown",1,1,"jsx-text","pages/portfolio-pnl.tsx"
"Top performing properties",1,1,"jsx-text","pages/portfolio-pnl.tsx"
"· Property",1,1,"jsx-text","pages/portfolio-pnl.tsx"
"Properties sold",1,1,"prop:label","pages/portfolio-pnl.tsx"
"Financial performance metrics and projections for your note portfolio.",1,1,"jsx-text","pages/portfolio.tsx"
"Total portfolio value",1,1,"jsx-text","pages/portfolio.tsx"
"Monthly cash flow",1,1,"jsx-text","pages/portfolio.tsx"
"Avg interest rate",1,1,"jsx-text","pages/portfolio.tsx"
"Portfolio alerts",1,1,"jsx-text","pages/portfolio.tsx"
"Active alerts and issues requiring attention across your portfolio.",1,1,"jsx-text","pages/portfolio.tsx"
"Your portfolio is looking healthy. Run a scan to check for new issues.",1,1,"jsx-text","pages/portfolio.tsx"
"Recommended action:",1,1,"jsx-text","pages/portfolio.tsx"
"Compliance dashboard",1,1,"jsx-text","pages/portfolio.tsx"
"Overview of compliance rules and property compliance status.",1,1,"jsx-text","pages/portfolio.tsx"
"Total rules",1,1,"jsx-text","pages/portfolio.tsx"
"Rule types",1,1,"jsx-text","pages/portfolio.tsx"
"Rule-types breakdown",1,1,"jsx-text","pages/portfolio.tsx"
"No compliance rules configured yet.",1,1,"jsx-text","pages/portfolio.tsx"
"Portfolio by status",1,1,"jsx-text","pages/portfolio.tsx"
"Distribution of notes by current status.",1,1,"jsx-text","pages/portfolio.tsx"
"Delinquency metrics",1,1,"jsx-text","pages/portfolio.tsx"
"Payment status and risk analysis.",1,1,"jsx-text","pages/portfolio.tsx"
"Delinquency rate",1,1,"jsx-text","pages/portfolio.tsx"
"At-risk amount",1,1,"jsx-text","pages/portfolio.tsx"
"Aging buckets",1,1,"jsx-text","pages/portfolio.tsx"
"Principal vs interest breakdown",1,1,"jsx-text","pages/portfolio.tsx"
"Monthly collections (last 12 months)",1,1,"jsx-text","pages/portfolio.tsx"
"Breakdown of principal and interest payments received.",1,1,"jsx-text","pages/portfolio.tsx"
"Total principal collected:",1,1,"jsx-text","pages/portfolio.tsx"
"Total interest collected:",1,1,"jsx-text","pages/portfolio.tsx"
"Cash-on-cash & ROI",1,1,"jsx-text","pages/portfolio.tsx"
"Annual yield",1,1,"jsx-text","pages/portfolio.tsx"
"Projected income (next 12 months)",1,1,"jsx-text","pages/portfolio.tsx"
"Income projections",1,1,"jsx-text","pages/portfolio.tsx"
"Expected principal and interest payments based on current active notes.",1,1,"jsx-text","pages/portfolio.tsx"
"Amortization summary",1,1,"jsx-text","pages/portfolio.tsx"
"Payments remaining",1,1,"jsx-text","pages/portfolio.tsx"
"Expected interest remaining",1,1,"jsx-text","pages/portfolio.tsx"
"Forecast horizon",1,1,"jsx-text","pages/predictions.tsx"
"30 days — short-term tactical",1,1,"jsx-text","pages/predictions.tsx"
"90 days — seasonal planning",1,1,"jsx-text","pages/predictions.tsx"
"365 days — annual investment horizon",1,1,"jsx-text","pages/predictions.tsx"
"Enter a county and state to see price predictions.",1,1,"jsx-text","pages/predictions.tsx"
"Loading momentum…",1,1,"jsx-text","pages/predictions.tsx"
"out of 100",1,1,"jsx-text","pages/predictions.tsx"
"No momentum data available.",1,1,"jsx-text","pages/predictions.tsx"
"Loading accuracy metrics…",1,1,"jsx-text","pages/predictions.tsx"
"Mean abs. % error",1,1,"jsx-text","pages/predictions.tsx"
"Fit quality",1,1,"jsx-text","pages/predictions.tsx"
"Root mean sq. err",1,1,"jsx-text","pages/predictions.tsx"
"No accuracy data available.",1,1,"jsx-text","pages/predictions.tsx"
"Loading price trajectory…",1,1,"jsx-text","pages/predictions.tsx"
"No trajectory data available for this county.",1,1,"jsx-text","pages/predictions.tsx"
"Loading opportunity windows…",1,1,"jsx-text","pages/predictions.tsx"
"Bullish",1,1,"prop:label","pages/predictions.tsx"
"Bearish",1,1,"prop:label","pages/predictions.tsx"
"Market trend:",1,1,"jsx-text","pages/price-optimizer.tsx"
"Actual price",1,1,"jsx-text","pages/price-optimizer.tsx"
"Price accepted",1,1,"jsx-text","pages/price-optimizer.tsx"
"Get price recommendation",1,1,"jsx-text","pages/price-optimizer.tsx"
"Enter a property ID to generate a price recommendation.",1,1,"jsx-text","pages/price-optimizer.tsx"
"Acquisition",1,1,"jsx-text","pages/price-optimizer.tsx"
"Disposition",1,1,"jsx-text","pages/price-optimizer.tsx"
"Counter offer",1,1,"jsx-text","pages/price-optimizer.tsx"
"Target margin (%)",1,1,"jsx-text","pages/price-optimizer.tsx"
"Quick sale (15% discount for faster close)",1,1,"jsx-text","pages/price-optimizer.tsx"
"Your current offer ($)",1,1,"jsx-text","pages/price-optimizer.tsx"
"Seller's ask ($)",1,1,"jsx-text","pages/price-optimizer.tsx"
"Recommendations for Property #",1,1,"jsx-text","pages/price-optimizer.tsx"
"No recommendations yet. Generate one above.",1,1,"jsx-text","pages/price-optimizer.tsx"
"Enter actual price",1,1,"prop:placeholder","pages/price-optimizer.tsx"
"e.g. 45000",1,1,"prop:placeholder","pages/price-optimizer.tsx"
"e.g. 70000",1,1,"prop:placeholder","pages/price-optimizer.tsx"
"Price optimizer",1,1,"prop:label","pages/price-optimizer.tsx"
"Get started",1,1,"jsx-text","pages/pricing.tsx"
"Simple, transparent pricing",1,1,"jsx-text","pages/pricing.tsx"
"Feature comparison",1,1,"jsx-text","pages/pricing.tsx"
"Pricing · AcreOS",1,1,"prop:title","pages/pricing.tsx"
"Transparent plans for Land Investors — from the free tier to full-team tooling. CRM, direct mail, automated due diligence, and seller financing in one platform.",1,1,"prop:description","pages/pricing.tsx"
"Your open requests",1,1,"jsx-text","pages/privacy-settings.tsx"
"Your export will include:",1,1,"jsx-text","pages/privacy-settings.tsx"
"DELETE MY DATA",1,1,"jsx-text","pages/privacy-settings.tsx"
"Type DELETE MY DATA here",1,1,"prop:placeholder","pages/privacy-settings.tsx"
"1. Introduction",1,1,"jsx-text","pages/privacy.tsx"
"2. Information we collect",1,1,"jsx-text","pages/privacy.tsx"
"Account information:",1,1,"jsx-text","pages/privacy.tsx"
"Name, email address, and authentication credentials.",1,1,"jsx-text","pages/privacy.tsx"
"Business data:",1,1,"jsx-text","pages/privacy.tsx"
"Lead information, property data, transaction records, and notes you create.",1,1,"jsx-text","pages/privacy.tsx"
"Payment information:",1,1,"jsx-text","pages/privacy.tsx"
"Processed securely through Stripe; we do not store full payment card details.",1,1,"jsx-text","pages/privacy.tsx"
"Communications:",1,1,"jsx-text","pages/privacy.tsx"
"Support tickets, emails, and in-app messages.",1,1,"jsx-text","pages/privacy.tsx"
"Usage data:",1,1,"jsx-text","pages/privacy.tsx"
"How you interact with our Service, including features used and time spent.",1,1,"jsx-text","pages/privacy.tsx"
"Device information (browser type, operating system, device identifiers).",1,1,"jsx-text","pages/privacy.tsx"
"Log data (IP address, access times, pages viewed).",1,1,"jsx-text","pages/privacy.tsx"
"Cookies and similar tracking technologies.",1,1,"jsx-text","pages/privacy.tsx"
"3. How we use your information",1,1,"jsx-text","pages/privacy.tsx"
"Provide, maintain, and improve the Service.",1,1,"jsx-text","pages/privacy.tsx"
"Process transactions and send related information.",1,1,"jsx-text","pages/privacy.tsx"
"Send technical notices, updates, security alerts, and support messages.",1,1,"jsx-text","pages/privacy.tsx"
"Respond to your comments, questions, and support requests.",1,1,"jsx-text","pages/privacy.tsx"
"Monitor and analyze usage trends to improve user experience.",1,1,"jsx-text","pages/privacy.tsx"
"Detect, prevent, and address technical issues and fraud.",1,1,"jsx-text","pages/privacy.tsx"
"Comply with legal obligations.",1,1,"jsx-text","pages/privacy.tsx"
"4. BYOK (bring your own key) privacy",1,1,"jsx-text","pages/privacy.tsx"
"Direct data flow:",1,1,"jsx-text","pages/privacy.tsx"
"Your API keys:",1,1,"jsx-text","pages/privacy.tsx"
"Third-party privacy:",1,1,"jsx-text","pages/privacy.tsx"
"5. Third-party services",1,1,"jsx-text","pages/privacy.tsx"
"Stripe:",1,1,"jsx-text","pages/privacy.tsx"
"OpenAI:",1,1,"jsx-text","pages/privacy.tsx"
"Lob:",1,1,"jsx-text","pages/privacy.tsx"
"Regrid:",1,1,"jsx-text","pages/privacy.tsx"
"6. Data retention",1,1,"jsx-text","pages/privacy.tsx"
"Active accounts:",1,1,"jsx-text","pages/privacy.tsx"
"Data is retained throughout your subscription.",1,1,"jsx-text","pages/privacy.tsx"
"After cancellation:",1,1,"jsx-text","pages/privacy.tsx"
"We retain data for",1,1,"jsx-text","pages/privacy.tsx"
"Permanent deletion:",1,1,"jsx-text","pages/privacy.tsx"
"Upon request, we will permanently delete your data within",1,1,"jsx-text","pages/privacy.tsx"
"Backup systems:",1,1,"jsx-text","pages/privacy.tsx"
"Backups are purged within",1,1,"jsx-text","pages/privacy.tsx"
"days of deletion from primary systems.",1,1,"jsx-text","pages/privacy.tsx"
"Legal requirements:",1,1,"jsx-text","pages/privacy.tsx"
"7. Your rights",1,1,"jsx-text","pages/privacy.tsx"
"Access:",1,1,"jsx-text","pages/privacy.tsx"
"Request a copy of all personal data we hold about you.",1,1,"jsx-text","pages/privacy.tsx"
"Export:",1,1,"jsx-text","pages/privacy.tsx"
"Download your data in a portable, machine-readable format (JSON, CSV).",1,1,"jsx-text","pages/privacy.tsx"
"Correction:",1,1,"jsx-text","pages/privacy.tsx"
"Request correction of inaccurate or incomplete information.",1,1,"jsx-text","pages/privacy.tsx"
"Deletion:",1,1,"jsx-text","pages/privacy.tsx"
"Request permanent deletion of your personal data.",1,1,"jsx-text","pages/privacy.tsx"
"Restriction:",1,1,"jsx-text","pages/privacy.tsx"
"Request that we limit processing of your data in certain circumstances.",1,1,"jsx-text","pages/privacy.tsx"
"Objection:",1,1,"jsx-text","pages/privacy.tsx"
"Object to processing of your data for specific purposes.",1,1,"jsx-text","pages/privacy.tsx"
"Portability:",1,1,"jsx-text","pages/privacy.tsx"
"Transfer your data to another service provider.",1,1,"jsx-text","pages/privacy.tsx"
"8. Data security",1,1,"jsx-text","pages/privacy.tsx"
"Encryption of data in transit (TLS 1.3) and at rest (AES-256).",1,1,"jsx-text","pages/privacy.tsx"
"Regular security assessments and penetration testing.",1,1,"jsx-text","pages/privacy.tsx"
"Access controls and authentication requirements.",1,1,"jsx-text","pages/privacy.tsx"
"Employee training on data protection practices.",1,1,"jsx-text","pages/privacy.tsx"
"Incident response procedures for potential breaches.",1,1,"jsx-text","pages/privacy.tsx"
"9. Cookies and tracking",1,1,"jsx-text","pages/privacy.tsx"
"Maintain your session and authentication state.",1,1,"jsx-text","pages/privacy.tsx"
"Remember your preferences and settings.",1,1,"jsx-text","pages/privacy.tsx"
"Analyze usage patterns to improve the Service.",1,1,"jsx-text","pages/privacy.tsx"
"Ensure security and prevent fraud.",1,1,"jsx-text","pages/privacy.tsx"
"10. Children's privacy",1,1,"jsx-text","pages/privacy.tsx"
"11. California privacy rights (CCPA)",1,1,"jsx-text","pages/privacy.tsx"
"12. Sub-processors",1,1,"jsx-text","pages/privacy.tsx"
"Clerk (authentication and user management).",1,1,"jsx-text","pages/privacy.tsx"
"Stripe (payment processing).",1,1,"jsx-text","pages/privacy.tsx"
"Fly.io (application hosting).",1,1,"jsx-text","pages/privacy.tsx"
"Amazon Web Services / SES (email delivery).",1,1,"jsx-text","pages/privacy.tsx"
"OpenRouter / OpenAI / Anthropic (AI features — opt-in).",1,1,"jsx-text","pages/privacy.tsx"
"Twilio (SMS and voice — opt-in).",1,1,"jsx-text","pages/privacy.tsx"
"Lob (direct mail — opt-in).",1,1,"jsx-text","pages/privacy.tsx"
"Sentry (error monitoring — with cookie consent).",1,1,"jsx-text","pages/privacy.tsx"
"Regrid (property data enrichment — opt-in).",1,1,"jsx-text","pages/privacy.tsx"
"13. Changes to this policy",1,1,"jsx-text","pages/privacy.tsx"
"14. Contact us",1,1,"jsx-text","pages/privacy.tsx"
"Proactive monitor",1,1,"jsx-text","pages/proactive-monitor.tsx"
"System health, anomaly detection, and data integrity checks.",1,1,"jsx-text","pages/proactive-monitor.tsx"
"Health score",1,1,"jsx-text","pages/proactive-monitor.tsx"
"Data integrity",1,1,"jsx-text","pages/proactive-monitor.tsx"
"issue(s) found.",1,1,"jsx-text","pages/proactive-monitor.tsx"
"Anomalies",1,1,"jsx-text","pages/proactive-monitor.tsx"
"Anomaly detection complete.",1,1,"jsx-text","pages/proactive-monitor.tsx"
"Loading alerts…",1,1,"jsx-text","pages/proactive-monitor.tsx"
"All systems healthy",1,1,"jsx-text","pages/proactive-monitor.tsx"
"No alerts or anomalies detected. Run health checks to scan for new issues.",1,1,"jsx-text","pages/proactive-monitor.tsx"
"Legal",1,1,"jsx-text","pages/properties-compare.tsx"
"No properties selected.",1,1,"jsx-text","pages/properties-compare.tsx"
"= 40 && score",1,1,"jsx-text","pages/properties.tsx"
"Inventory",1,1,"jsx-text","pages/properties.tsx"
"Export CSV",1,1,"jsx-text","pages/properties.tsx"
"Add New Property",1,1,"jsx-text","pages/properties.tsx"
"Under Contract",1,1,"jsx-text","pages/properties.tsx"
"Closing",1,1,"jsx-text","pages/properties.tsx"
"Listed",1,1,"jsx-text","pages/properties.tsx"
"Select All",1,1,"jsx-text","pages/properties.tsx"
"Distress: Any",1,1,"jsx-text","pages/properties.tsx"
"High (70+)",1,1,"jsx-text","pages/properties.tsx"
"Medium (40–69)",1,1,"jsx-text","pages/properties.tsx"
"Low (&lt;40)",1,1,"jsx-text","pages/properties.tsx"
"No Score",1,1,"jsx-text","pages/properties.tsx"
"Import Properties from CSV",1,1,"jsx-text","pages/properties.tsx"
"Expected columns:",1,1,"jsx-text","pages/properties.tsx"
"Total Rows",1,1,"jsx-text","pages/properties.tsx"
"Importing...",1,1,"jsx-text","pages/properties.tsx"
"Fetching...",1,1,"jsx-text","pages/properties.tsx"
"Fetch Map",1,1,"jsx-text","pages/properties.tsx"
"Land Details (optional — APN, Acreage)",1,1,"jsx-text","pages/properties.tsx"
"Purchase Price (USD)",1,1,"jsx-text","pages/properties.tsx"
"Market Value (USD)",1,1,"jsx-text","pages/properties.tsx"
"Tax status",1,1,"jsx-text","pages/properties.tsx"
"Market signals, enrichment data, and scoring",1,1,"jsx-text","pages/properties.tsx"
"Comparables",1,1,"jsx-text","pages/properties.tsx"
"Recent nearby sales with $/acre benchmarks",1,1,"jsx-text","pages/properties.tsx"
"Draft an offer price grounded in comps and taxes",1,1,"jsx-text","pages/properties.tsx"
"Title, taxes, hazards, and access checklist",1,1,"jsx-text","pages/properties.tsx"
"Loading latest property details…",1,1,"jsx-text","pages/properties.tsx"
"Lot Number",1,1,"jsx-text","pages/properties.tsx"
"Coordinates",1,1,"jsx-text","pages/properties.tsx"
"Gas",1,1,"jsx-text","pages/properties.tsx"
"Assessed Value",1,1,"jsx-text","pages/properties.tsx"
"Purchase Date",1,1,"jsx-text","pages/properties.tsx"
"List Price",1,1,"jsx-text","pages/properties.tsx"
"Sold Price",1,1,"jsx-text","pages/properties.tsx"
"Sold Date",1,1,"jsx-text","pages/properties.tsx"
"Annual Taxes",1,1,"jsx-text","pages/properties.tsx"
"Tax Status",1,1,"jsx-text","pages/properties.tsx"
"Tax Principal",1,1,"jsx-text","pages/properties.tsx"
"Penalty",1,1,"jsx-text","pages/properties.tsx"
"Accrued Interest",1,1,"jsx-text","pages/properties.tsx"
"Total Payoff",1,1,"jsx-text","pages/properties.tsx"
"Probate",1,1,"jsx-text","pages/properties.tsx"
"Code Violation",1,1,"jsx-text","pages/properties.tsx"
"Regime",1,1,"jsx-text","pages/properties.tsx"
"Lien Sold",1,1,"jsx-text","pages/properties.tsx"
"Lien Holder",1,1,"jsx-text","pages/properties.tsx"
"Redemption Deadline",1,1,"jsx-text","pages/properties.tsx"
"Auction Date",1,1,"jsx-text","pages/properties.tsx"
"Opening Bid",1,1,"jsx-text","pages/properties.tsx"
"Owner Address",1,1,"jsx-text","pages/properties.tsx"
"Holding period",1,1,"jsx-text","pages/properties.tsx"
"Current holding period",1,1,"jsx-text","pages/properties.tsx"
"0 && daysToLongTerm",1,1,"jsx-text","pages/properties.tsx"
"Refresh Intelligence",1,1,"jsx-text","pages/properties.tsx"
"Missing Coordinates",1,1,"jsx-text","pages/properties.tsx"
"No Intelligence Data",1,1,"jsx-text","pages/properties.tsx"
"Fetching…",1,1,"jsx-text","pages/properties.tsx"
"Fetch Intelligence",1,1,"jsx-text","pages/properties.tsx"
"FEMA NFHL",1,1,"jsx-text","pages/properties.tsx"
"Environmental Factors",1,1,"jsx-text","pages/properties.tsx"
"Soil Suitability",1,1,"jsx-text","pages/properties.tsx"
"Median income",1,1,"jsx-text","pages/properties.tsx"
"Poverty rate",1,1,"jsx-text","pages/properties.tsx"
"Agricultural values",1,1,"jsx-text","pages/properties.tsx"
"County avg / acre",1,1,"jsx-text","pages/properties.tsx"
"State avg / acre",1,1,"jsx-text","pages/properties.tsx"
"National avg / acre",1,1,"jsx-text","pages/properties.tsx"
"Data year",1,1,"jsx-text","pages/properties.tsx"
"Survey Year",1,1,"jsx-text","pages/properties.tsx"
"Hazardous Waste",1,1,"jsx-text","pages/properties.tsx"
"Hail",1,1,"jsx-text","pages/properties.tsx"
"CLU ID",1,1,"jsx-text","pages/properties.tsx"
"Some data couldn't be fetched",1,1,"jsx-text","pages/properties.tsx"
"Unable to load properties",1,1,"prop:title","pages/properties.tsx"
"Delete Property",1,1,"prop:title","pages/properties.tsx"
"Delete Selected Properties",1,1,"prop:title","pages/properties.tsx"
"No market value on file yet",1,1,"prop:title","pages/properties.tsx"
"Copy all property fields as JSON",1,1,"prop:title","pages/properties.tsx"
"Assessor Parcel Number — the county",1,1,"prop:title","pages/properties.tsx"
"FEMA National Flood Hazard Layer designation",1,1,"prop:title","pages/properties.tsx"
"Distress Score",1,1,"prop:placeholder","pages/properties.tsx"
"123-456-789 or N/A",1,1,"prop:placeholder","pages/properties.tsx"
"San Bernardino",1,1,"prop:placeholder","pages/properties.tsx"
"Beautiful desert lot with road access…",1,1,"prop:placeholder","pages/properties.tsx"
"Enter a property ID to fetch and populate missing data fields.",1,1,"jsx-text","pages/property-enrichment.tsx"
"Data completeness",1,1,"jsx-text","pages/property-enrichment.tsx"
"Flood zone",1,1,"jsx-text","pages/property-enrichment.tsx"
"Soil type",1,1,"jsx-text","pages/property-enrichment.tsx"
"Tree cover",1,1,"jsx-text","pages/property-enrichment.tsx"
"Slope",1,1,"jsx-text","pages/property-enrichment.tsx"
"Appraised value",1,1,"jsx-text","pages/property-enrichment.tsx"
"Last sale",1,1,"jsx-text","pages/property-enrichment.tsx"
"Escrow balance",1,1,"jsx-text","pages/property-tax.tsx"
"Annual tax due",1,1,"jsx-text","pages/property-tax.tsx"
"Notes w/ escrow",1,1,"jsx-text","pages/property-tax.tsx"
"Shortfall",1,1,"jsx-text","pages/property-tax.tsx"
"Escrow coverage",1,1,"jsx-text","pages/property-tax.tsx"
"= 100 ? ""Fully funded."" :",1,1,"jsx-text","pages/property-tax.tsx"
"underfunded.",1,1,"jsx-text","pages/property-tax.tsx"
"County tax portal lookup",1,1,"jsx-text","pages/property-tax.tsx"
"Look up",1,1,"jsx-text","pages/property-tax.tsx"
"Loading queue monitor…",1,1,"jsx-text","pages/queue-monitor.tsx"
"Queue monitoring disabled",1,1,"jsx-text","pages/queue-monitor.tsx"
"Queue monitor",1,1,"jsx-text","pages/queue-monitor.tsx"
"Active (",1,1,"jsx-text","pages/queue-monitor.tsx"
"Waiting (",1,1,"jsx-text","pages/queue-monitor.tsx"
"Delayed (",1,1,"jsx-text","pages/queue-monitor.tsx"
"Delayed",1,1,"prop:label","pages/queue-monitor.tsx"
"Deed recorded",1,1,"jsx-text","pages/quiet-title.tsx"
"Attorney",1,1,"jsx-text","pages/quiet-title.tsx"
"Court case",1,1,"jsx-text","pages/quiet-title.tsx"
"Case not found.",1,1,"jsx-text","pages/quiet-title.tsx"
"Per-state rule preliminary.",1,1,"jsx-text","pages/quiet-title.tsx"
"Cite:",1,1,"jsx-text","pages/quiet-title.tsx"
"Workflow checklist",1,1,"jsx-text","pages/quiet-title.tsx"
"Open quiet-title case",1,1,"jsx-text","pages/quiet-title.tsx"
"Certificate ID *",1,1,"jsx-text","pages/quiet-title.tsx"
"Find it on /redemption-clock — copy the row's id.",1,1,"jsx-text","pages/quiet-title.tsx"
"Deed recordation date *",1,1,"jsx-text","pages/quiet-title.tsx"
"Attorney name",1,1,"jsx-text","pages/quiet-title.tsx"
"No quiet-title cases",1,1,"prop:title","pages/quiet-title.tsx"
"UUID of the tax certificate",1,1,"prop:placeholder","pages/quiet-title.tsx"
"Quiet-title cases",1,1,"prop:label","pages/quiet-title.tsx"
"When you take a tax deed, open a case here to track the 10-step legal workflow with statutory deadlines.",1,1,"prop:description","pages/quiet-title.tsx"
"Restarts:",1,1,"jsx-text","pages/real-runtime.tsx"
"Failures:",1,1,"jsx-text","pages/real-runtime.tsx"
"Policy:",1,1,"jsx-text","pages/real-runtime.tsx"
"Events processed:",1,1,"jsx-text","pages/real-runtime.tsx"
"Outcome verification",1,1,"jsx-text","pages/real-runtime.tsx"
"Saga orchestrator",1,1,"jsx-text","pages/real-runtime.tsx"
"No sagas yet. Create multi-step workflows to see distributed transactions.",1,1,"jsx-text","pages/real-runtime.tsx"
"Agent version control",1,1,"jsx-text","pages/real-runtime.tsx"
"No canary deployments active. Create agent versions to enable gradual rollout.",1,1,"jsx-text","pages/real-runtime.tsx"
"Allowed",1,1,"jsx-text","pages/real-runtime.tsx"
"Open circuits",1,1,"jsx-text","pages/real-runtime.tsx"
"Circuit breakers",1,1,"jsx-text","pages/real-runtime.tsx"
"Tenant fabric",1,1,"jsx-text","pages/real-runtime.tsx"
"Total tenants",1,1,"jsx-text","pages/real-runtime.tsx"
"Avg agents",1,1,"jsx-text","pages/real-runtime.tsx"
"Avg trust",1,1,"jsx-text","pages/real-runtime.tsx"
"Initialize tenants via API to see per-organization agent configurations with isolated trust scores, quotas, and permissions.",1,1,"jsx-text","pages/real-runtime.tsx"
"Runtime",1,1,"jsx-text","pages/real-runtime.tsx"
"Sagas",1,1,"jsx-text","pages/real-runtime.tsx"
"Versions",1,1,"jsx-text","pages/real-runtime.tsx"
"Per-state math is preliminary.",1,1,"jsx-text","pages/redemption-clock.tsx"
"Redeemed",1,1,"jsx-text","pages/redemption-clock.tsx"
"Expired — apply for deed",1,1,"jsx-text","pages/redemption-clock.tsx"
"Deed obtained",1,1,"jsx-text","pages/redemption-clock.tsx"
"Deadline",1,1,"jsx-text","pages/redemption-clock.tsx"
"Total redemption",1,1,"jsx-text","pages/redemption-clock.tsx"
"Add tax certificate",1,1,"jsx-text","pages/redemption-clock.tsx"
"County *",1,1,"jsx-text","pages/redemption-clock.tsx"
"APN / parcel ID *",1,1,"jsx-text","pages/redemption-clock.tsx"
"Certificate number",1,1,"jsx-text","pages/redemption-clock.tsx"
"Lien",1,1,"jsx-text","pages/redemption-clock.tsx"
"Redeemable deed",1,1,"jsx-text","pages/redemption-clock.tsx"
"Purchase $ *",1,1,"jsx-text","pages/redemption-clock.tsx"
"FL bid-down rate %",1,1,"jsx-text","pages/redemption-clock.tsx"
"No certificates yet",1,1,"prop:title","pages/redemption-clock.tsx"
"≤ 30 days",1,1,"prop:label","pages/redemption-clock.tsx"
"≤ 90 days",1,1,"prop:label","pages/redemption-clock.tsx"
"Capital deployed",1,1,"prop:label","pages/redemption-clock.tsx"
"Add a tax certificate or deed to start tracking the redemption clock. The math runs nightly and surfaces deadlines closest to expiry first.",1,1,"prop:description","pages/redemption-clock.tsx"
"No regulatory changes recorded.",1,1,"jsx-text","pages/regulatory-intel.tsx"
"How regulatory changes may affect your portfolio&apos;s operating states",1,1,"jsx-text","pages/regulatory-intel.tsx"
"States impacted",1,1,"jsx-text","pages/regulatory-intel.tsx"
"Impact by state",1,1,"jsx-text","pages/regulatory-intel.tsx"
"No state-specific alerts impacting your portfolio.",1,1,"jsx-text","pages/regulatory-intel.tsx"
"Portfolio compliance score",1,1,"jsx-text","pages/regulatory-intel.tsx"
"Aggregate compliance health based on alert severity and state profiles.",1,1,"jsx-text","pages/regulatory-intel.tsx"
"State profiles",1,1,"jsx-text","pages/regulatory-intel.tsx"
"DD checklist",1,1,"jsx-text","pages/regulatory-intel.tsx"
"Risk assessment",1,1,"jsx-text","pages/regulatory-intel.tsx"
"Change history",1,1,"jsx-text","pages/regulatory-intel.tsx"
"Portfolio impact",1,1,"jsx-text","pages/regulatory-intel.tsx"
"Ag Exempt",1,1,"jsx-text","pages/regulatory-intel.tsx"
"View details",1,1,"jsx-text","pages/regulatory-intel.tsx"
"SF Risk",1,1,"jsx-text","pages/regulatory-intel.tsx"
"Property Tax",1,1,"jsx-text","pages/regulatory-intel.tsx"
"Transfer Tax",1,1,"jsx-text","pages/regulatory-intel.tsx"
"Usury Ceiling",1,1,"jsx-text","pages/regulatory-intel.tsx"
"Deed Types",1,1,"jsx-text","pages/regulatory-intel.tsx"
"TOD Deed ✓",1,1,"jsx-text","pages/regulatory-intel.tsx"
"Required Disclosures",1,1,"jsx-text","pages/regulatory-intel.tsx"
"Practitioner Notes",1,1,"jsx-text","pages/regulatory-intel.tsx"
"Quick deal risk assessment",1,1,"jsx-text","pages/regulatory-intel.tsx"
"Enter deal details to get a regulatory risk assessment.",1,1,"jsx-text","pages/regulatory-intel.tsx"
"Deal characteristics",1,1,"jsx-text","pages/regulatory-intel.tsx"
"No significant regulatory flags identified for this deal.",1,1,"jsx-text","pages/regulatory-intel.tsx"
"Choose a state…",1,1,"prop:placeholder","pages/regulatory-intel.tsx"
"e.g. 40",1,1,"prop:placeholder","pages/regulatory-intel.tsx"
"Regulatory intelligence",1,1,"prop:label","pages/regulatory-intel.tsx"
"Holding accrued",1,1,"jsx-text","pages/rehab-detail.tsx"
"ARV margin",1,1,"jsx-text","pages/rehab-detail.tsx"
"ARV − basis − budget",1,1,"jsx-text","pages/rehab-detail.tsx"
"Line items",1,1,"jsx-text","pages/rehab-detail.tsx"
"Committed",1,1,"jsx-text","pages/rehab-detail.tsx"
"Totals",1,1,"jsx-text","pages/rehab-detail.tsx"
"0 ? ""text-acr-warning"" : totals.varianceCents",1,1,"jsx-text","pages/rehab-detail.tsx"
"Pick a scope template…",1,1,"prop:placeholder","pages/rehab-detail.tsx"
"Scope description…",1,1,"prop:placeholder","pages/rehab-detail.tsx"
"New rehab project",1,1,"jsx-text","pages/rehabs.tsx"
"Project name",1,1,"jsx-text","pages/rehabs.tsx"
"Budget total ($)",1,1,"jsx-text","pages/rehabs.tsx"
"ARV ($)",1,1,"jsx-text","pages/rehabs.tsx"
"Holding cost / month ($)",1,1,"jsx-text","pages/rehabs.tsx"
"Project",1,1,"jsx-text","pages/rehabs.tsx"
"Purchase",1,1,"jsx-text","pages/rehabs.tsx"
"1247 Cherokee Pl",1,1,"prop:placeholder","pages/rehabs.tsx"
"Active rehabs",1,1,"prop:label","pages/rehabs.tsx"
"Sorted by due date, oldest first.",1,1,"jsx-text","pages/rent-roll.tsx"
"Lease",1,1,"jsx-text","pages/rent-roll.tsx"
"Due",1,1,"jsx-text","pages/rent-roll.tsx"
"Posture",1,1,"jsx-text","pages/rent-roll.tsx"
"Reference data used when applying late fees. Verify with state counsel.",1,1,"jsx-text","pages/rent-roll.tsx"
"Cap (small)",1,1,"jsx-text","pages/rent-roll.tsx"
"Cap (4+ unit)",1,1,"jsx-text","pages/rent-roll.tsx"
"Grace",1,1,"jsx-text","pages/rent-roll.tsx"
"Citation",1,1,"jsx-text","pages/rent-roll.tsx"
"Rent roll",1,1,"prop:label","pages/rent-roll.tsx"
"Create new tenant",1,1,"jsx-text","pages/reseller-dashboard.tsx"
"Subdomain",1,1,"jsx-text","pages/reseller-dashboard.tsx"
"Professional",1,1,"jsx-text","pages/reseller-dashboard.tsx"
"Enterprise",1,1,"jsx-text","pages/reseller-dashboard.tsx"
"Admin name",1,1,"jsx-text","pages/reseller-dashboard.tsx"
"Admin email",1,1,"jsx-text","pages/reseller-dashboard.tsx"
"Notes (optional)",1,1,"jsx-text","pages/reseller-dashboard.tsx"
"Filter tenants by status",1,1,"jsx-text","pages/reseller-dashboard.tsx"
"Suspended",1,1,"jsx-text","pages/reseller-dashboard.tsx"
"No tenants found",1,1,"jsx-text","pages/reseller-dashboard.tsx"
"AI credits",1,1,"jsx-text","pages/reseller-dashboard.tsx"
"(e: React.ChangeEvent",1,1,"jsx-text","pages/reseller-dashboard.tsx"
"Customize your tenant-facing brand",1,1,"jsx-text","pages/reseller-dashboard.tsx"
"Brand Name",1,1,"jsx-text","pages/reseller-dashboard.tsx"
"Logo URL",1,1,"jsx-text","pages/reseller-dashboard.tsx"
"Primary Color",1,1,"jsx-text","pages/reseller-dashboard.tsx"
"Accent Color",1,1,"jsx-text","pages/reseller-dashboard.tsx"
"Support email",1,1,"jsx-text","pages/reseller-dashboard.tsx"
"Footer text",1,1,"jsx-text","pages/reseller-dashboard.tsx"
"Live Preview",1,1,"jsx-text","pages/reseller-dashboard.tsx"
"Real Estate Suite",1,1,"jsx-text","pages/reseller-dashboard.tsx"
"White-label",1,1,"jsx-text","pages/reseller-dashboard.tsx"
"Acme Realty",1,1,"prop:placeholder","pages/reseller-dashboard.tsx"
"Jane Smith",1,1,"prop:placeholder","pages/reseller-dashboard.tsx"
"jane@acme.com",1,1,"prop:placeholder","pages/reseller-dashboard.tsx"
"Special requirements…",1,1,"prop:placeholder","pages/reseller-dashboard.tsx"
"My Real Estate Co",1,1,"prop:placeholder","pages/reseller-dashboard.tsx"
"https://…/logo.png",1,1,"prop:placeholder","pages/reseller-dashboard.tsx"
"support@mybrand.com",1,1,"prop:placeholder","pages/reseller-dashboard.tsx"
"Powered by MyBrand",1,1,"prop:placeholder","pages/reseller-dashboard.tsx"
"Logo preview",1,1,"prop:alt","pages/reseller-dashboard.tsx"
"Logo",1,1,"prop:alt","pages/reseller-dashboard.tsx"
"Invalid reset link",1,1,"jsx-text","pages/reset-password.tsx"
"Request new link",1,1,"jsx-text","pages/reset-password.tsx"
"Set new password",1,1,"jsx-text","pages/reset-password.tsx"
"New password",1,1,"jsx-text","pages/reset-password.tsx"
"Confirm new password",1,1,"jsx-text","pages/reset-password.tsx"
"At least 8 characters",1,1,"prop:placeholder","pages/reset-password.tsx"
"Retype your new password",1,1,"prop:placeholder","pages/reset-password.tsx"
"No active deals",1,1,"jsx-text","pages/safety-gates.tsx"
"Gates for Deal #",1,1,"jsx-text","pages/safety-gates.tsx"
"Loading property data…",1,1,"jsx-text","pages/safety-gates.tsx"
"Select a deal above to run the safety check.",1,1,"jsx-text","pages/safety-gates.tsx"
"Security at AcreOS",1,1,"jsx-text","pages/security.tsx"
"Encryption at rest",1,1,"jsx-text","pages/security.tsx"
"AES-256-GCM",1,1,"jsx-text","pages/security.tsx"
"Encryption in transit",1,1,"jsx-text","pages/security.tsx"
"Backups and isolation",1,1,"jsx-text","pages/security.tsx"
"Data category",1,1,"jsx-text","pages/security.tsx"
"Acknowledgement:",1,1,"jsx-text","pages/security.tsx"
"2 business days",1,1,"jsx-text","pages/security.tsx"
"Triage:",1,1,"jsx-text","pages/security.tsx"
"5 business days",1,1,"jsx-text","pages/security.tsx"
"Resolution:",1,1,"jsx-text","pages/security.tsx"
"Safe harbor:",1,1,"jsx-text","pages/security.tsx"
"SOC 2 Type 1 — in flight",1,1,"jsx-text","pages/security.tsx"
"CCPA-aligned",1,1,"jsx-text","pages/security.tsx"
"GDPR-aligned",1,1,"jsx-text","pages/security.tsx"
"Security · AcreOS",1,1,"prop:title","pages/security.tsx"
"How AcreOS protects Land Investors",1,1,"prop:description","pages/security.tsx"
"Intent score",1,1,"jsx-text","pages/seller-intent.tsx"
"Urgency score",1,1,"jsx-text","pages/seller-intent.tsx"
"Warm leads",1,1,"jsx-text","pages/seller-intent.tsx"
"Total tracked",1,1,"jsx-text","pages/seller-intent.tsx"
"Avg intent score",1,1,"jsx-text","pages/seller-intent.tsx"
"Analyze lead intent",1,1,"jsx-text","pages/seller-intent.tsx"
"Enter a lead ID to run or view their seller intent analysis.",1,1,"jsx-text","pages/seller-intent.tsx"
"High-priority sellers",1,1,"jsx-text","pages/seller-intent.tsx"
"Accessibility",1,1,"jsx-text","pages/settings/accessibility.tsx"
"Read aloud",1,1,"jsx-text","pages/settings/accessibility.tsx"
"Slower",1,1,"jsx-text","pages/settings/accessibility.tsx"
"Faster",1,1,"jsx-text","pages/settings/accessibility.tsx"
"Accessibility settings",1,1,"prop:label","pages/settings/accessibility.tsx"
"Platform default",1,1,"jsx-text","pages/settings/byok.tsx"
"Add webhook",1,1,"jsx-text","pages/settings/integrations.tsx"
"Slack",1,1,"jsx-text","pages/settings/integrations.tsx"
"Microsoft Teams",1,1,"jsx-text","pages/settings/integrations.tsx"
"Channel name (optional)",1,1,"jsx-text","pages/settings/integrations.tsx"
"Configured webhooks",1,1,"jsx-text","pages/settings/integrations.tsx"
"No webhooks configured yet.",1,1,"jsx-text","pages/settings/integrations.tsx"
"#deals",1,1,"prop:placeholder","pages/settings/integrations.tsx"
"https://hooks.slack.com/services/T00000/B00000/XXXXXXX",1,1,"prop:placeholder","pages/settings/integrations.tsx"
"Lead assignment rules",1,1,"jsx-text","pages/settings/lead-assignment.tsx"
"Rules",1,1,"jsx-text","pages/settings/lead-assignment.tsx"
"Round-robin",1,1,"jsx-text","pages/settings/lead-assignment.tsx"
"Random (weighted)",1,1,"jsx-text","pages/settings/lead-assignment.tsx"
"States (comma-separated)",1,1,"jsx-text","pages/settings/lead-assignment.tsx"
"Assignees (weight 1 = one lead per round)",1,1,"jsx-text","pages/settings/lead-assignment.tsx"
"No rule matched. Lead would be left unassigned.",1,1,"jsx-text","pages/settings/lead-assignment.tsx"
"TX, FL",1,1,"prop:placeholder","pages/settings/lead-assignment.tsx"
"Harris, Travis",1,1,"prop:placeholder","pages/settings/lead-assignment.tsx"
"Harris",1,1,"prop:placeholder","pages/settings/lead-assignment.tsx"
"Loading lead-assignment rules",1,1,"prop:label","pages/settings/lead-assignment.tsx"
"Legal entity",1,1,"jsx-text","pages/settings/tax-identity.tsx"
"Legal entity name",1,1,"jsx-text","pages/settings/tax-identity.tsx"
"Owner-only",1,1,"prop:title","pages/settings/tax-identity.tsx"
"123 Main St",1,1,"prop:placeholder","pages/settings/tax-identity.tsx"
"Suite 200",1,1,"prop:placeholder","pages/settings/tax-identity.tsx"
"Only the workspace owner can view or edit the organization",1,1,"prop:description","pages/settings/tax-identity.tsx"
"Connection status",1,1,"jsx-text","pages/settings.tsx"
"Account ID",1,1,"jsx-text","pages/settings.tsx"
"Charges",1,1,"jsx-text","pages/settings.tsx"
"Platform fee:",1,1,"jsx-text","pages/settings.tsx"
"Manage your team seat allocation.",1,1,"jsx-text","pages/settings.tsx"
"Included seats",1,1,"jsx-text","pages/settings.tsx"
"Additional seats",1,1,"jsx-text","pages/settings.tsx"
"Add more seats",1,1,"jsx-text","pages/settings.tsx"
"Quantity",1,1,"jsx-text","pages/settings.tsx"
"Tax &amp; Compliance",1,1,"jsx-text","pages/settings.tsx"
"Your organization information and current plan.",1,1,"jsx-text","pages/settings.tsx"
"Subscription tier",1,1,"jsx-text","pages/settings.tsx"
"Current period",1,1,"jsx-text","pages/settings.tsx"
"Track your resource usage against your plan limits.",1,1,"jsx-text","pages/settings.tsx"
"(unlimited)",1,1,"jsx-text","pages/settings.tsx"
"Pricing Guide",1,1,"jsx-text","pages/settings.tsx"
"Configure onboarding assistance and contextual help",1,1,"jsx-text","pages/settings.tsx"
"Show Tips",1,1,"jsx-text","pages/settings.tsx"
"Start Onboarding Tour",1,1,"jsx-text","pages/settings.tsx"
"Available Plans",1,1,"jsx-text","pages/settings.tsx"
"Manage team roles and permissions",1,1,"jsx-text","pages/settings.tsx"
"Member",1,1,"jsx-text","pages/settings.tsx"
"Owner — full access and billing",1,1,"jsx-text","pages/settings.tsx"
"Admin — manage team and data",1,1,"jsx-text","pages/settings.tsx"
"Member — create and edit records",1,1,"jsx-text","pages/settings.tsx"
"VA — assigned-leads-only by default",1,1,"jsx-text","pages/settings.tsx"
"Viewer — read-only access",1,1,"jsx-text","pages/settings.tsx"
"No team members found.",1,1,"jsx-text","pages/settings.tsx"
"Communication Integrations",1,1,"jsx-text","pages/settings.tsx"
"Service Providers",1,1,"jsx-text","pages/settings.tsx"
"Demo Data",1,1,"jsx-text","pages/settings.tsx"
"2FA is enabled",1,1,"jsx-text","pages/settings.tsx"
"Give 30 days free, get $20 credit",1,1,"jsx-text","pages/settings.tsx"
"Your referral link",1,1,"jsx-text","pages/settings.tsx"
"Couldn't load your referral link.",1,1,"jsx-text","pages/settings.tsx"
"Track progress toward deals, revenue, and activity targets.",1,1,"jsx-text","pages/settings.tsx"
"Create a goal to track your team's progress.",1,1,"jsx-text","pages/settings.tsx"
"Complete",1,1,"jsx-text","pages/settings.tsx"
"Newly created API key",1,1,"jsx-text","pages/settings.tsx"
"New API key",1,1,"jsx-text","pages/settings.tsx"
"Name it for where you'll use it — Zapier, a custom script, etc. — so you know which key to revoke later.",1,1,"jsx-text","pages/settings.tsx"
"Read — view data only",1,1,"jsx-text","pages/settings.tsx"
"Write — create and edit",1,1,"jsx-text","pages/settings.tsx"
"Admin — full control",1,1,"jsx-text","pages/settings.tsx"
"Expiry",1,1,"jsx-text","pages/settings.tsx"
"Never",1,1,"jsx-text","pages/settings.tsx"
"60 days",1,1,"jsx-text","pages/settings.tsx"
"No activity recorded yet.",1,1,"jsx-text","pages/settings.tsx"
"Your personal data has already been anonymized.",1,1,"jsx-text","pages/settings.tsx"
"Your export includes:",1,1,"jsx-text","pages/settings.tsx"
"Preparing export…",1,1,"jsx-text","pages/settings.tsx"
"Download my data",1,1,"jsx-text","pages/settings.tsx"
"Delete personal data",1,1,"jsx-text","pages/settings.tsx"
"Your email, name, and contact details will be replaced with anonymized values. Deals and business records are retained for legal compliance.",1,1,"jsx-text","pages/settings.tsx"
"Deleting…",1,1,"jsx-text","pages/settings.tsx"
"Disconnect your Stripe account?",1,1,"prop:title","pages/settings.tsx"
"Clear All Data",1,1,"prop:title","pages/settings.tsx"
"Choose a section",1,1,"prop:placeholder","pages/settings.tsx"
"Select a team member",1,1,"prop:placeholder","pages/settings.tsx"
"e.g. Q2 deal target",1,1,"prop:placeholder","pages/settings.tsx"
"e.g. 10",1,1,"prop:placeholder","pages/settings.tsx"
"e.g. Zapier integration",1,1,"prop:placeholder","pages/settings.tsx"
"You won",1,1,"prop:description","pages/settings.tsx"
"This will permanently delete all leads, properties, deals, notes, and payments from your organization. This action cannot be undone. Are you sure you want to continue?",1,1,"prop:description","pages/settings.tsx"
"Loading shared deal…",1,1,"jsx-text","pages/shared-deal.tsx"
"Link expired or invalid",1,1,"jsx-text","pages/shared-deal.tsx"
"Address:",1,1,"jsx-text","pages/shared-deal.tsx"
"County:",1,1,"jsx-text","pages/shared-deal.tsx"
"Acreage:",1,1,"jsx-text","pages/shared-deal.tsx"
"Offer:",1,1,"jsx-text","pages/shared-deal.tsx"
"Accepted:",1,1,"jsx-text","pages/shared-deal.tsx"
"Closing date:",1,1,"jsx-text","pages/shared-deal.tsx"
"Closing costs:",1,1,"jsx-text","pages/shared-deal.tsx"
"Loading document…",1,1,"jsx-text","pages/sign-document.tsx"
"Can't load this document",1,1,"jsx-text","pages/sign-document.tsx"
"This link expires on",1,1,"jsx-text","pages/sign-document.tsx"
"Document to sign",1,1,"jsx-text","pages/sign-document.tsx"
"Couldn't submit your signature",1,1,"jsx-text","pages/sign-document.tsx"
"Total traced",1,1,"jsx-text","pages/skip-tracing.tsx"
"Found rate",1,1,"jsx-text","pages/skip-tracing.tsx"
"Avg confidence",1,1,"jsx-text","pages/skip-tracing.tsx"
"Trace a lead",1,1,"jsx-text","pages/skip-tracing.tsx"
"Search for contact info by lead ID.",1,1,"jsx-text","pages/skip-tracing.tsx"
"Results",1,1,"jsx-text","pages/skip-tracing.tsx"
"Founder intelligence",1,1,"jsx-text","pages/sovereign-dashboard.tsx"
"Autonomy score",1,1,"jsx-text","pages/sovereign-dashboard.tsx"
"Event throughput",1,1,"jsx-text","pages/sovereign-dashboard.tsx"
"Event mesh",1,1,"jsx-text","pages/sovereign-dashboard.tsx"
"Job health",1,1,"jsx-text","pages/sovereign-dashboard.tsx"
"Self-healing",1,1,"jsx-text","pages/sovereign-dashboard.tsx"
"Top channels",1,1,"jsx-text","pages/sovereign-dashboard.tsx"
"Recent job runs",1,1,"jsx-text","pages/sovereign-dashboard.tsx"
"No job health logs available yet.",1,1,"jsx-text","pages/sovereign-dashboard.tsx"
"Healing status",1,1,"jsx-text","pages/sovereign-dashboard.tsx"
"Issues detected",1,1,"jsx-text","pages/sovereign-dashboard.tsx"
"Auto-resolved",1,1,"jsx-text","pages/sovereign-dashboard.tsx"
"Recent healing actions",1,1,"jsx-text","pages/sovereign-dashboard.tsx"
"Sovereign Company Protocol v13",1,1,"jsx-text","pages/sovereign-v13.tsx"
"The Sentient Enterprise — Agents that remember, adapt, collaborate, heal, comply, and explain",1,1,"jsx-text","pages/sovereign-v13.tsx"
"Advanced system monitoring",1,1,"jsx-text","pages/sovereign-v13.tsx"
"Memory",1,1,"jsx-text","pages/sovereign-v13.tsx"
"Collab",1,1,"jsx-text","pages/sovereign-v13.tsx"
"Healing",1,1,"jsx-text","pages/sovereign-v13.tsx"
"Governance",1,1,"jsx-text","pages/sovereign-v13.tsx"
"Episodic Memory",1,1,"jsx-text","pages/sovereign-v13.tsx"
"Timestamped experiences",1,1,"jsx-text","pages/sovereign-v13.tsx"
"Semantic Memory",1,1,"jsx-text","pages/sovereign-v13.tsx"
"Distilled facts & patterns",1,1,"jsx-text","pages/sovereign-v13.tsx"
"Working Memory",1,1,"jsx-text","pages/sovereign-v13.tsx"
"Active scratchpads",1,1,"jsx-text","pages/sovereign-v13.tsx"
"Consolidate",1,1,"jsx-text","pages/sovereign-v13.tsx"
"Total strategies",1,1,"jsx-text","pages/sovereign-v13.tsx"
"Total assignments",1,1,"jsx-text","pages/sovereign-v13.tsx"
"Agent-proposed strategy mutations",1,1,"jsx-text","pages/sovereign-v13.tsx"
"Degraded agents:",1,1,"jsx-text","pages/sovereign-v13.tsx"
"Total evaluated",1,1,"jsx-text","pages/sovereign-v13.tsx"
"Daily briefings",1,1,"jsx-text","pages/sovereign-v13.tsx"
"What-if simulator",1,1,"jsx-text","pages/sovereign-v13.tsx"
"Strategic recommendations",1,1,"jsx-text","pages/sovereign-v13.tsx"
"6 cognitive pillars active",1,1,"jsx-text","pages/sovereign-v13.tsx"
"Search states",1,1,"jsx-text","pages/state-documents.tsx"
"No states match your search.",1,1,"jsx-text","pages/state-documents.tsx"
"Primary deed",1,1,"jsx-text","pages/state-documents.tsx"
"Lien instrument",1,1,"jsx-text","pages/state-documents.tsx"
"Land contract",1,1,"jsx-text","pages/state-documents.tsx"
"Search states…",1,1,"prop:placeholder","pages/state-documents.tsx"
"Redemption",1,1,"jsx-text","pages/state-rules.tsx"
"Redemption math",1,1,"jsx-text","pages/state-rules.tsx"
"Quiet-title procedure",1,1,"jsx-text","pages/state-rules.tsx"
"Foreclosure / deed procedure",1,1,"jsx-text","pages/state-rules.tsx"
"Preliminary — not yet attorney-reviewed",1,1,"prop:title","pages/state-rules.tsx"
"Redemption period",1,1,"prop:label","pages/state-rules.tsx"
"Owner-occupied",1,1,"prop:label","pages/state-rules.tsx"
"Interest model",1,1,"prop:label","pages/state-rules.tsx"
"First-period months",1,1,"prop:label","pages/state-rules.tsx"
"First-period rate",1,1,"prop:label","pages/state-rules.tsx"
"Second-period rate",1,1,"prop:label","pages/state-rules.tsx"
"Yearly add-on",1,1,"prop:label","pages/state-rules.tsx"
"Deadline anchor",1,1,"prop:label","pages/state-rules.tsx"
"AcreOS system status",1,1,"jsx-text","pages/status.tsx"
"Services",1,1,"jsx-text","pages/status.tsx"
"Loading service status…",1,1,"jsx-text","pages/status.tsx"
"Data categories",1,1,"jsx-text","pages/sub-processors.tsx"
"Effective",1,1,"jsx-text","pages/sub-processors.tsx"
"Publish land listings to Land.com, LandWatch, LandFlip, and more.",1,1,"jsx-text","pages/syndication.tsx"
"No properties found.",1,1,"jsx-text","pages/syndication.tsx"
"Platforms",1,1,"jsx-text","pages/syndication.tsx"
"Select where to publish.",1,1,"jsx-text","pages/syndication.tsx"
"Loading platforms…",1,1,"jsx-text","pages/syndication.tsx"
"Syndication results",1,1,"jsx-text","pages/syndication.tsx"
"Export ready — manual posting required.",1,1,"jsx-text","pages/syndication.tsx"
"Live API",1,1,"jsx-text","pages/syndication.tsx"
"Search properties…",1,1,"prop:placeholder","pages/syndication.tsx"
"Link to",1,1,"jsx-text","pages/tasks.tsx"
"Entity ID",1,1,"jsx-text","pages/tasks.tsx"
"Assign to",1,1,"jsx-text","pages/tasks.tsx"
"Recurring task",1,1,"jsx-text","pages/tasks.tsx"
"Repeat",1,1,"jsx-text","pages/tasks.tsx"
"Daily",1,1,"jsx-text","pages/tasks.tsx"
"Manage your to-dos and follow-ups.",1,1,"jsx-text","pages/tasks.tsx"
"Create task",1,1,"jsx-text","pages/tasks.tsx"
"Filter by priority",1,1,"jsx-text","pages/tasks.tsx"
"All priorities",1,1,"jsx-text","pages/tasks.tsx"
"Linked to",1,1,"jsx-text","pages/tasks.tsx"
"Edit task",1,1,"jsx-text","pages/tasks.tsx"
"Delete task",1,1,"prop:title","pages/tasks.tsx"
"Task title…",1,1,"prop:placeholder","pages/tasks.tsx"
"Link to entity",1,1,"prop:placeholder","pages/tasks.tsx"
"Select team member",1,1,"prop:placeholder","pages/tasks.tsx"
"Select frequency",1,1,"prop:placeholder","pages/tasks.tsx"
"Avg equity",1,1,"jsx-text","pages/tax-delinquent.tsx"
"No tax-delinquent leads found.",1,1,"jsx-text","pages/tax-delinquent.tsx"
"Score:",1,1,"jsx-text","pages/tax-delinquent.tsx"
"owed (",1,1,"jsx-text","pages/tax-delinquent.tsx"
"Filter by state (e.g. TX)",1,1,"prop:placeholder","pages/tax-delinquent.tsx"
"No strategies available yet",1,1,"jsx-text","pages/tax-optimization.tsx"
"Run an analysis to get personalized recommendations",1,1,"jsx-text","pages/tax-optimization.tsx"
"Est. Savings",1,1,"jsx-text","pages/tax-optimization.tsx"
"Horizon:",1,1,"jsx-text","pages/tax-optimization.tsx"
"States:",1,1,"jsx-text","pages/tax-optimization.tsx"
"New Scenario",1,1,"jsx-text","pages/tax-optimization.tsx"
"Create Tax Scenario",1,1,"jsx-text","pages/tax-optimization.tsx"
"Scenario Name",1,1,"jsx-text","pages/tax-optimization.tsx"
"Hold",1,1,"jsx-text","pages/tax-optimization.tsx"
"Sell",1,1,"jsx-text","pages/tax-optimization.tsx"
"1031 Exchange",1,1,"jsx-text","pages/tax-optimization.tsx"
"Hold / Sell / Exchange Comparison",1,1,"jsx-text","pages/tax-optimization.tsx"
"No scenarios yet",1,1,"jsx-text","pages/tax-optimization.tsx"
"Create scenarios to compare hold, sell, and exchange outcomes",1,1,"jsx-text","pages/tax-optimization.tsx"
"Est. Tax",1,1,"jsx-text","pages/tax-optimization.tsx"
"Net Proceeds",1,1,"jsx-text","pages/tax-optimization.tsx"
"Eff. Rate",1,1,"jsx-text","pages/tax-optimization.tsx"
"No cost basis records",1,1,"jsx-text","pages/tax-optimization.tsx"
"Cost basis is tracked per property",1,1,"jsx-text","pages/tax-optimization.tsx"
"Closing Costs",1,1,"jsx-text","pages/tax-optimization.tsx"
"Improvements",1,1,"jsx-text","pages/tax-optimization.tsx"
"Depreciation Taken",1,1,"jsx-text","pages/tax-optimization.tsx"
"Adjusted Basis",1,1,"jsx-text","pages/tax-optimization.tsx"
"Acquired",1,1,"jsx-text","pages/tax-optimization.tsx"
"No projection data available",1,1,"jsx-text","pages/tax-optimization.tsx"
"Run a portfolio analysis to generate multi-year projections",1,1,"jsx-text","pages/tax-optimization.tsx"
"Multi-Year Tax Projection",1,1,"jsx-text","pages/tax-optimization.tsx"
"Straight-Line",1,1,"jsx-text","pages/tax-optimization.tsx"
"Accelerated (MACRS)",1,1,"jsx-text","pages/tax-optimization.tsx"
"Bonus Depreciation",1,1,"jsx-text","pages/tax-optimization.tsx"
"Total Depreciable Basis",1,1,"jsx-text","pages/tax-optimization.tsx"
"Useful Life",1,1,"jsx-text","pages/tax-optimization.tsx"
"Annual Deduction",1,1,"jsx-text","pages/tax-optimization.tsx"
"No depreciation schedule available for this property",1,1,"jsx-text","pages/tax-optimization.tsx"
"Annual Depreciation",1,1,"jsx-text","pages/tax-optimization.tsx"
"Cumulative Depreciation",1,1,"jsx-text","pages/tax-optimization.tsx"
"Book Value",1,1,"jsx-text","pages/tax-optimization.tsx"
"Scenarios",1,1,"jsx-text","pages/tax-optimization.tsx"
"Cost basis",1,1,"jsx-text","pages/tax-optimization.tsx"
"Projections",1,1,"jsx-text","pages/tax-optimization.tsx"
"Depreciation",1,1,"jsx-text","pages/tax-optimization.tsx"
"e.g. Hold 5 years vs 1031",1,1,"prop:placeholder","pages/tax-optimization.tsx"
"Assumptions and notes…",1,1,"prop:placeholder","pages/tax-optimization.tsx"
"Capital gains analysis, 1031 exchanges, and year-end tax planning.",1,1,"jsx-text","pages/tax-optimizer.tsx"
"Total gains",1,1,"jsx-text","pages/tax-optimizer.tsx"
"Est. federal tax",1,1,"jsx-text","pages/tax-optimizer.tsx"
"Long-term gains",1,1,"jsx-text","pages/tax-optimizer.tsx"
"% rate",1,1,"jsx-text","pages/tax-optimizer.tsx"
"Total tax owed",1,1,"jsx-text","pages/tax-optimizer.tsx"
"No tax recommendations for",1,1,"jsx-text","pages/tax-optimizer.tsx"
". No realized gains found.",1,1,"jsx-text","pages/tax-optimizer.tsx"
"No closed deals found for",1,1,"jsx-text","pages/tax-optimizer.tsx"
"Gain/loss",1,1,"jsx-text","pages/tax-optimizer.tsx"
"Est. tax",1,1,"jsx-text","pages/tax-optimizer.tsx"
"Opportunities",1,1,"jsx-text","pages/tax-optimizer.tsx"
"No 1031 exchange candidates for",1,1,"jsx-text","pages/tax-optimizer.tsx"
"Long-term capital gains over",1,1,"jsx-text","pages/tax-optimizer.tsx"
"qualify.",1,1,"jsx-text","pages/tax-optimizer.tsx"
"45-day ID deadline",1,1,"jsx-text","pages/tax-optimizer.tsx"
"180-day close deadline",1,1,"jsx-text","pages/tax-optimizer.tsx"
"No installment sale opportunities identified for",1,1,"jsx-text","pages/tax-optimizer.tsx"
"Long-term gains over",1,1,"jsx-text","pages/tax-optimizer.tsx"
"qualify for installment sale treatment.",1,1,"jsx-text","pages/tax-optimizer.tsx"
"Total gain",1,1,"jsx-text","pages/tax-optimizer.tsx"
"Spread over",1,1,"jsx-text","pages/tax-optimizer.tsx"
"Annual tax savings",1,1,"jsx-text","pages/tax-optimizer.tsx"
"Inputs (self-reported)",1,1,"jsx-text","pages/tax-optimizer.tsx"
"Hours in RE trade/business (last 12 mo)",1,1,"jsx-text","pages/tax-optimizer.tsx"
"Org statistics",1,1,"jsx-text","pages/tax-optimizer.tsx"
"Sales (12mo)",1,1,"jsx-text","pages/tax-optimizer.tsx"
"Sales (24mo)",1,1,"jsx-text","pages/tax-optimizer.tsx"
"Median hold",1,1,"jsx-text","pages/tax-optimizer.tsx"
"Short-hold share",1,1,"jsx-text","pages/tax-optimizer.tsx"
"Factor analysis (Suburban-Realty multi-factor test)",1,1,"jsx-text","pages/tax-optimizer.tsx"
"Not enough data — close a few deals and re-run.",1,1,"jsx-text","pages/tax-optimizer.tsx"
"Audit-defense considerations (for investor argument)",1,1,"jsx-text","pages/tax-optimizer.tsx"
"§469(c)(7) Real-Estate Professional Test",1,1,"jsx-text","pages/tax-optimizer.tsx"
"Real-estate hours this year",1,1,"jsx-text","pages/tax-optimizer.tsx"
"Total work hours this year (all trades/businesses)",1,1,"jsx-text","pages/tax-optimizer.tsx"
"750-hour test:",1,1,"jsx-text","pages/tax-optimizer.tsx"
"&gt;50% test:",1,1,"jsx-text","pages/tax-optimizer.tsx"
"Practical consequences",1,1,"jsx-text","pages/tax-optimizer.tsx"
"Documentation your CPA needs",1,1,"jsx-text","pages/tax-optimizer.tsx"
"Qualifying activities (§469(c)(7)(C))",1,1,"jsx-text","pages/tax-optimizer.tsx"
"e.g. 1800",1,1,"prop:placeholder","pages/tax-optimizer.tsx"
"e.g. 2000",1,1,"prop:placeholder","pages/tax-optimizer.tsx"
"Scan state",1,1,"jsx-text","pages/tax-researcher.tsx"
"Upcoming auctions",1,1,"jsx-text","pages/tax-researcher.tsx"
"Watchlist items",1,1,"jsx-text","pages/tax-researcher.tsx"
"Auctions",1,1,"jsx-text","pages/tax-researcher.tsx"
"Watchlist",1,1,"jsx-text","pages/tax-researcher.tsx"
"Filter state",1,1,"jsx-text","pages/tax-researcher.tsx"
"Filter county",1,1,"jsx-text","pages/tax-researcher.tsx"
"Loading auctions…",1,1,"jsx-text","pages/tax-researcher.tsx"
"No auctions found. Scan a state to populate data.",1,1,"jsx-text","pages/tax-researcher.tsx"
"No delinquent properties tracked yet.",1,1,"jsx-text","pages/tax-researcher.tsx"
"Your watchlist is empty.",1,1,"jsx-text","pages/tax-researcher.tsx"
"Min bid:",1,1,"jsx-text","pages/tax-researcher.tsx"
"Auction:",1,1,"jsx-text","pages/tax-researcher.tsx"
"No tax sale alerts configured.",1,1,"jsx-text","pages/tax-researcher.tsx"
"Alerts notify you when matching tax sales are discovered.",1,1,"jsx-text","pages/tax-researcher.tsx"
"Min acres:",1,1,"jsx-text","pages/tax-researcher.tsx"
"Max bid:",1,1,"jsx-text","pages/tax-researcher.tsx"
"Team dashboard",1,1,"jsx-text","pages/team-dashboard.tsx"
"Members",1,1,"jsx-text","pages/team-dashboard.tsx"
"No team members yet.",1,1,"jsx-text","pages/team-dashboard.tsx"
"Contacts",1,1,"jsx-text","pages/team-dashboard.tsx"
"Create a channel",1,1,"jsx-text","pages/team-inbox.tsx"
"Channel name",1,1,"jsx-text","pages/team-inbox.tsx"
"Upgrade plan",1,1,"jsx-text","pages/team-inbox.tsx"
"#team-name",1,1,"prop:placeholder","pages/team-inbox.tsx"
"Deal cycle times, conversion rates, and productivity metrics",1,1,"jsx-text","pages/team-kpi.tsx"
"Team KPI tracking coming soon",1,1,"jsx-text","pages/team-kpi.tsx"
"Deal cycle time, team productivity, and conversion analytics will appear here as your team works deals.",1,1,"jsx-text","pages/team-kpi.tsx"
"Team Member Breakdown",1,1,"jsx-text","pages/team-kpi.tsx"
"Rankings",1,1,"jsx-text","pages/team-leaderboard.tsx"
"Loading leaderboard…",1,1,"jsx-text","pages/team-leaderboard.tsx"
"Offers out",1,1,"jsx-text","pages/team-leaderboard.tsx"
"Under contract",1,1,"jsx-text","pages/team-leaderboard.tsx"
"+ active ×",1,1,"jsx-text","pages/team-leaderboard.tsx"
"+ offers ×",1,1,"jsx-text","pages/team-leaderboard.tsx"
"+ leads ×",1,1,"jsx-text","pages/team-leaderboard.tsx"
"Team leaderboard",1,1,"prop:label","pages/team-leaderboard.tsx"
"Revenue generated",1,1,"prop:label","pages/team-leaderboard.tsx"
"Manager dashboard",1,1,"jsx-text","pages/team-manager-dashboard.tsx"
"Per-rep performance for your team.",1,1,"jsx-text","pages/team-manager-dashboard.tsx"
"Time range",1,1,"jsx-text","pages/team-manager-dashboard.tsx"
"Rep",1,1,"jsx-text","pages/team-manager-dashboard.tsx"
"Leads contacted",1,1,"jsx-text","pages/team-manager-dashboard.tsx"
"Deals opened",1,1,"jsx-text","pages/team-manager-dashboard.tsx"
"Drill-down",1,1,"jsx-text","pages/team-manager-dashboard.tsx"
"View pipeline",1,1,"jsx-text","pages/team-manager-dashboard.tsx"
"Loading manager dashboard",1,1,"prop:label","pages/team-manager-dashboard.tsx"
"Offer approvals",1,1,"jsx-text","pages/team-offer-approvals.tsx"
"Approval threshold",1,1,"jsx-text","pages/team-offer-approvals.tsx"
"Offers above this amount require approval (USD)",1,1,"jsx-text","pages/team-offer-approvals.tsx"
"No offers awaiting approval.",1,1,"jsx-text","pages/team-offer-approvals.tsx"
"Submitted by",1,1,"jsx-text","pages/team-offer-approvals.tsx"
"No decided approvals yet.",1,1,"jsx-text","pages/team-offer-approvals.tsx"
"Reviewer",1,1,"jsx-text","pages/team-offer-approvals.tsx"
"Decided at",1,1,"jsx-text","pages/team-offer-approvals.tsx"
"Optional notes…",1,1,"prop:placeholder","pages/team-offer-approvals.tsx"
"Loading offer approvals",1,1,"prop:label","pages/team-offer-approvals.tsx"
"SMS consent is required before sending text reminders (TCPA).",1,1,"jsx-text","pages/tenants.tsx"
"First name *",1,1,"jsx-text","pages/tenants.tsx"
"Last name *",1,1,"jsx-text","pages/tenants.tsx"
"Add tenant",1,1,"jsx-text","pages/tenants.tsx"
"Credit",1,1,"jsx-text","pages/tenants.tsx"
"no SMS",1,1,"jsx-text","pages/tenants.tsx"
"Terms of service",1,1,"jsx-text","pages/terms.tsx"
"1. Acceptance of terms",1,1,"jsx-text","pages/terms.tsx"
"2. Service description",1,1,"jsx-text","pages/terms.tsx"
"Lead management and tracking",1,1,"jsx-text","pages/terms.tsx"
"Property due diligence tools and parcel data integration",1,1,"jsx-text","pages/terms.tsx"
"Offer generation and document management",1,1,"jsx-text","pages/terms.tsx"
"Campaign management for direct mail and communications",1,1,"jsx-text","pages/terms.tsx"
"Seller financing portfolio management",1,1,"jsx-text","pages/terms.tsx"
"Automated assistance for investment analysis",1,1,"jsx-text","pages/terms.tsx"
"Integration with third-party services (Stripe, Lob, Regrid, OpenAI)",1,1,"jsx-text","pages/terms.tsx"
"3. Account responsibilities",1,1,"jsx-text","pages/terms.tsx"
"Maintaining the confidentiality of your account credentials",1,1,"jsx-text","pages/terms.tsx"
"All activities that occur under your account",1,1,"jsx-text","pages/terms.tsx"
"Notifying us immediately of any unauthorized access or security breach",1,1,"jsx-text","pages/terms.tsx"
"Ensuring all users within your organization comply with these Terms",1,1,"jsx-text","pages/terms.tsx"
"Maintaining accurate and up-to-date account information",1,1,"jsx-text","pages/terms.tsx"
"4. Payment terms",1,1,"jsx-text","pages/terms.tsx"
"Pay all applicable fees as described at the time of purchase",1,1,"jsx-text","pages/terms.tsx"
"Provide valid and current payment information",1,1,"jsx-text","pages/terms.tsx"
"Authorize recurring charges for subscription plans",1,1,"jsx-text","pages/terms.tsx"
"Pay any applicable taxes in addition to the stated fees",1,1,"jsx-text","pages/terms.tsx"
"5. Data usage and BYOK integrations",1,1,"jsx-text","pages/terms.tsx"
"Bring Your Own Key (BYOK):",1,1,"jsx-text","pages/terms.tsx"
"Your data flows directly between your account and the third-party service",1,1,"jsx-text","pages/terms.tsx"
"You are responsible for any costs incurred with the third-party provider",1,1,"jsx-text","pages/terms.tsx"
"You must comply with the third-party provider's terms of service",1,1,"jsx-text","pages/terms.tsx"
"We encrypt and securely store your API keys but are not responsible for third-party service availability or data handling",1,1,"jsx-text","pages/terms.tsx"
"6. Prohibited uses",1,1,"jsx-text","pages/terms.tsx"
"Violate any applicable laws, regulations, or third-party rights",1,1,"jsx-text","pages/terms.tsx"
"Send spam, unsolicited communications, or violate anti-spam laws (CAN-SPAM, TCPA)",1,1,"jsx-text","pages/terms.tsx"
"Engage in fraudulent, deceptive, or misleading practices",1,1,"jsx-text","pages/terms.tsx"
"Attempt to gain unauthorized access to our systems or other users' accounts",1,1,"jsx-text","pages/terms.tsx"
"Interfere with or disrupt the Service or its infrastructure",1,1,"jsx-text","pages/terms.tsx"
"Reverse engineer, decompile, or attempt to extract source code",1,1,"jsx-text","pages/terms.tsx"
"Use the Service to harass, threaten, or harm others",1,1,"jsx-text","pages/terms.tsx"
"Upload malicious code, viruses, or harmful content",1,1,"jsx-text","pages/terms.tsx"
"Resell or redistribute the Service without authorization",1,1,"jsx-text","pages/terms.tsx"
"7. Intellectual property",1,1,"jsx-text","pages/terms.tsx"
"8. Limitation of liability",1,1,"jsx-text","pages/terms.tsx"
"9. Termination",1,1,"jsx-text","pages/terms.tsx"
"Your right to use the Service will immediately cease",1,1,"jsx-text","pages/terms.tsx"
"You may request export of your data within",1,1,"jsx-text","pages/terms.tsx"
"We may delete your data after the retention period specified in our Privacy Policy",1,1,"jsx-text","pages/terms.tsx"
"Any outstanding fees remain payable",1,1,"jsx-text","pages/terms.tsx"
"10. Governing law and disputes",1,1,"jsx-text","pages/terms.tsx"
"11. Contact information",1,1,"jsx-text","pages/terms.tsx"
"Create territory",1,1,"jsx-text","pages/territory-manager.tsx"
"No territories defined yet.",1,1,"jsx-text","pages/territory-manager.tsx"
"e.g. North Texas",1,1,"prop:placeholder","pages/territory-manager.tsx"
"Dallas, Collin, Denton",1,1,"prop:placeholder","pages/territory-manager.tsx"
"This removes the territory and its assignments. Leads and properties inside it are unchanged — they just become unassigned from this territory.",1,1,"prop:description","pages/territory-manager.tsx"
"This is a public-records pre-screen — not a title commitment.",1,1,"jsx-text","pages/title-search.tsx"
"Search title",1,1,"jsx-text","pages/title-search.tsx"
"Provide a parcel ID or address to begin.",1,1,"jsx-text","pages/title-search.tsx"
"Parcel ID",1,1,"jsx-text","pages/title-search.tsx"
"Searching…",1,1,"jsx-text","pages/title-search.tsx"
"Run title search",1,1,"jsx-text","pages/title-search.tsx"
"· Report",1,1,"jsx-text","pages/title-search.tsx"
"Clear",1,1,"jsx-text","pages/title-search.tsx"
"Issues found",1,1,"jsx-text","pages/title-search.tsx"
"Current owner",1,1,"jsx-text","pages/title-search.tsx"
"Owner since",1,1,"jsx-text","pages/title-search.tsx"
"Blocking issues",1,1,"jsx-text","pages/title-search.tsx"
"= 0 && diff",1,1,"jsx-text","pages/today.tsx"
"Review now",1,1,"jsx-text","pages/today.tsx"
"Ready to find your first deal?",1,1,"jsx-text","pages/today.tsx"
"Tools",1,1,"jsx-text","pages/tools.tsx"
"Investment analysis and calculation tools.",1,1,"jsx-text","pages/tools.tsx"
"Generate payment schedules for seller-financed notes.",1,1,"jsx-text","pages/tools.tsx"
"Create and view this from the Finance &gt; Notes section when you add a new note.",1,1,"jsx-text","pages/tools.tsx"
"CSV import / export",1,1,"jsx-text","pages/tools.tsx"
"Bulk import leads, properties, and deals from CSV files.",1,1,"jsx-text","pages/tools.tsx"
"Available from the Leads, Properties, and Deals pages via the import/export buttons.",1,1,"jsx-text","pages/tools.tsx"
"Total actions",1,1,"jsx-text","pages/usage-analytics.tsx"
"Top action",1,1,"jsx-text","pages/usage-analytics.tsx"
"Active days",1,1,"jsx-text","pages/usage-analytics.tsx"
"Daily usage",1,1,"jsx-text","pages/usage-analytics.tsx"
"Breakdown by type",1,1,"jsx-text","pages/usage-analytics.tsx"
"Grouping usage by type…",1,1,"jsx-text","pages/usage-analytics.tsx"
"Limit reached",1,1,"jsx-text","pages/usage-quota.tsx"
"Near limit",1,1,"jsx-text","pages/usage-quota.tsx"
"Current plan",1,1,"jsx-text","pages/usage-quota.tsx"
"AI spend",1,1,"jsx-text","pages/usage-quota.tsx"
"Feature quotas",1,1,"jsx-text","pages/usage-quota.tsx"
"Usage resets at end of billing period.",1,1,"jsx-text","pages/usage-quota.tsx"
"This week&apos;s task completion rate",1,1,"jsx-text","pages/va-dashboard.tsx"
"Tasks by type",1,1,"jsx-text","pages/va-dashboard.tsx"
"Distribution of completed task categories",1,1,"jsx-text","pages/va-dashboard.tsx"
"No completed tasks yet.",1,1,"jsx-text","pages/va-dashboard.tsx"
"Audit trail",1,1,"jsx-text","pages/va-dashboard.tsx"
"Scheduled tasks",1,1,"jsx-text","pages/va-dashboard.tsx"
"Workflow builder",1,1,"jsx-text","pages/va-dashboard.tsx"
"Action audit trail",1,1,"jsx-text","pages/va-dashboard.tsx"
"Who did what, when, and the result",1,1,"jsx-text","pages/va-dashboard.tsx"
"No audit trail entries yet. Complete VA tasks to see them here.",1,1,"jsx-text","pages/va-dashboard.tsx"
"Recurring tasks with next run times",1,1,"jsx-text","pages/va-dashboard.tsx"
"Next run",1,1,"jsx-text","pages/va-dashboard.tsx"
"No scheduled tasks configured yet.",1,1,"jsx-text","pages/va-dashboard.tsx"
"No workflows created yet. Use the workflow builder tab to create one.",1,1,"jsx-text","pages/va-dashboard.tsx"
"Create a multi-step VA workflow with ordered tasks",1,1,"jsx-text","pages/va-dashboard.tsx"
"Workflow name",1,1,"jsx-text","pages/va-dashboard.tsx"
"Steps (in order)",1,1,"jsx-text","pages/va-dashboard.tsx"
"Estimated minutes",1,1,"jsx-text","pages/va-dashboard.tsx"
"e.g. New lead onboarding",1,1,"prop:placeholder","pages/va-dashboard.tsx"
"What this workflow accomplishes",1,1,"prop:placeholder","pages/va-dashboard.tsx"
"Step title",1,1,"prop:placeholder","pages/va-dashboard.tsx"
"What should the VA do in this step?",1,1,"prop:placeholder","pages/va-dashboard.tsx"
"Tasks completed today",1,1,"prop:label","pages/va-dashboard.tsx"
"Tasks this week",1,1,"prop:label","pages/va-dashboard.tsx"
"Tasks this month",1,1,"prop:label","pages/va-dashboard.tsx"
"Time saved this week",1,1,"prop:label","pages/va-dashboard.tsx"
"Change detection results",1,1,"jsx-text","pages/vision-ai.tsx"
"Select a property to view its visual intelligence summary.",1,1,"jsx-text","pages/vision-ai.tsx"
"Photo analysis",1,1,"jsx-text","pages/vision-ai.tsx"
"Satellite",1,1,"jsx-text","pages/vision-ai.tsx"
"Marketing",1,1,"jsx-text","pages/vision-ai.tsx"
"Buildings",1,1,"jsx-text","pages/vision-ai.tsx"
"Roads",1,1,"jsx-text","pages/vision-ai.tsx"
"Vegetation density",1,1,"jsx-text","pages/vision-ai.tsx"
"Marketing-ready",1,1,"jsx-text","pages/vision-ai.tsx"
"Not for marketing",1,1,"jsx-text","pages/vision-ai.tsx"
"No analyzed photos yet. Click ""Analyze photos"" to start.",1,1,"jsx-text","pages/vision-ai.tsx"
"Snapshots",1,1,"jsx-text","pages/vision-ai.tsx"
"Latest snapshots",1,1,"jsx-text","pages/vision-ai.tsx"
"Change detected",1,1,"jsx-text","pages/vision-ai.tsx"
"No satellite snapshots captured yet.",1,1,"jsx-text","pages/vision-ai.tsx"
"Marketing-ready photos",1,1,"jsx-text","pages/vision-ai.tsx"
"Landscape type",1,1,"jsx-text","pages/vision-ai.tsx"
"AI confidence",1,1,"jsx-text","pages/vision-ai.tsx"
"Choose a property to analyze…",1,1,"prop:placeholder","pages/vision-ai.tsx"
"Satellite image comparison (drag slider to compare)",1,1,"prop:label","pages/vision-ai.tsx"
"Call volume (last 14 days)",1,1,"jsx-text","pages/voice-analytics.tsx"
"Total calls per day",1,1,"jsx-text","pages/voice-analytics.tsx"
"Sentiment trend",1,1,"jsx-text","pages/voice-analytics.tsx"
"Average sentiment score over time (-1 to +1)",1,1,"jsx-text","pages/voice-analytics.tsx"
"Call outcome distribution",1,1,"jsx-text","pages/voice-analytics.tsx"
"Interested / not interested / callback / voicemail",1,1,"jsx-text","pages/voice-analytics.tsx"
"No outcome data yet. Tag calls with outcomes.",1,1,"jsx-text","pages/voice-analytics.tsx"
"Talk time analytics",1,1,"jsx-text","pages/voice-analytics.tsx"
"Longest calls in your history",1,1,"jsx-text","pages/voice-analytics.tsx"
"Average call duration",1,1,"jsx-text","pages/voice-analytics.tsx"
"No completed calls yet.",1,1,"jsx-text","pages/voice-analytics.tsx"
"Sentiment breakdown",1,1,"jsx-text","pages/voice-analytics.tsx"
"Search across all call transcripts for keywords or phrases",1,1,"jsx-text","pages/voice-analytics.tsx"
"Search transcripts",1,1,"jsx-text","pages/voice-analytics.tsx"
"Search transcripts… e.g.",1,1,"prop:placeholder","pages/voice-analytics.tsx"
"Average duration",1,1,"prop:label","pages/voice-analytics.tsx"
"Call-to-conversion",1,1,"prop:label","pages/voice-analytics.tsx"
"Active right now",1,1,"prop:label","pages/voice-analytics.tsx"
"Send real-time event data to external services via HMAC-signed webhooks.",1,1,"jsx-text","pages/webhooks.tsx"
"HMAC-SHA256 signed payloads",1,1,"jsx-text","pages/webhooks.tsx"
"X-AcreOS-Signature",1,1,"jsx-text","pages/webhooks.tsx"
"Add webhook endpoint",1,1,"jsx-text","pages/webhooks.tsx"
"Endpoint URL",1,1,"jsx-text","pages/webhooks.tsx"
"No webhook endpoints",1,1,"prop:title","pages/webhooks.tsx"
"Remove webhook endpoint?",1,1,"prop:title","pages/webhooks.tsx"
"https://hooks.zapier.com/hooks/catch/…",1,1,"prop:placeholder","pages/webhooks.tsx"
"e.g. Zapier CRM sync",1,1,"prop:placeholder","pages/webhooks.tsx"
"Webhooks push events to any URL in real time — wire AcreOS into Zapier, Make, or your own systems.",1,1,"prop:description","pages/webhooks.tsx"
"Welcome back to AcreOS",1,1,"jsx-text","pages/welcome-back.tsx"
"See the full changelog →",1,1,"jsx-text","pages/welcome-back.tsx"
"Resubscribe — your previous plan is ready",1,1,"jsx-text","pages/welcome-back.tsx"
"Restricted",1,1,"jsx-text","pages/wholesaler-state-rules.tsx"
"— use the double-close path at",1,1,"jsx-text","pages/wholesaler-state-rules.tsx"
"/double-close",1,1,"jsx-text","pages/wholesaler-state-rules.tsx"
"instead of an assignment-for-fee.",1,1,"jsx-text","pages/wholesaler-state-rules.tsx"
"— confirm with state counsel before using the assignment template.",1,1,"jsx-text","pages/wholesaler-state-rules.tsx"
"Assignment legality",1,1,"prop:label","pages/wholesaler-state-rules.tsx"
"Last updated",1,1,"jsx-text","pages/workflows.tsx"
"No workflows yet",1,1,"jsx-text","pages/workflows.tsx"
"Delete workflow",1,1,"prop:title","pages/workflows.tsx"
"Search parcel",1,1,"jsx-text","pages/zoning-lookup.tsx"
"Parcel ID (optional)",1,1,"jsx-text","pages/zoning-lookup.tsx"
"Looking up…",1,1,"jsx-text","pages/zoning-lookup.tsx"
"Look up zoning",1,1,"jsx-text","pages/zoning-lookup.tsx"
"Parcel:",1,1,"jsx-text","pages/zoning-lookup.tsx"
"Flood zone:",1,1,"jsx-text","pages/zoning-lookup.tsx"
"Development standards",1,1,"jsx-text","pages/zoning-lookup.tsx"
"Front setback",1,1,"jsx-text","pages/zoning-lookup.tsx"
"Max height",1,1,"jsx-text","pages/zoning-lookup.tsx"
"Min lot",1,1,"jsx-text","pages/zoning-lookup.tsx"
"p.distance",1,1,"jsx-text","services/locationIntelligence.ts"